ID,Gender,Ever_Married,Age,Graduated,Profession,Work_Experience,Spending_Score,Family_Size,BuyLaptop,Cluster
459369,Male,Yes,40,No,Engineer,,Average,6.0,Yes,1
463049,Male,Yes,51,No,Executive,4.0,High,4.0,Yes,1
465015,Female,Yes,61,Yes,Engineer,0.0,Low,3.0,No,4
467962,Female,No,20,No,Healthcare,0.0,Low,,No,2
461987,Female,Yes,43,No,Engineer,1.0,Average,2.0,Yes,4
461698,Female,Yes,67,Yes,Artist,0.0,High,2.0,Yes,4
459076,Male,Yes,64,No,Doctor,2.0,Average,2.0,Yes,1
462380,Female,Yes,54,No,Artist,0.0,High,4.0,Yes,4
461991,Male,No,23,No,Doctor,0.0,Low,4.0,No,2
465320,Male,Yes,70,Yes,Lawyer,0.0,Average,1.0,Yes,3
467627,Female,No,45,Yes,Engineer,0.0,Low,1.0,No,0
460459,Female,No,33,No,Engineer,0.0,Low,5.0,No,2
467908,Female,Yes,40,Yes,Engineer,0.0,High,3.0,Yes,4
467727,Male,Yes,45,Yes,Artist,7.0,High,4.0,Yes,1
466842,Male,No,19,No,Healthcare,8.0,Low,5.0,No,2
459156,Female,Yes,81,Yes,Lawyer,1.0,High,2.0,Yes,3
465486,Female,Yes,59,No,Artist,1.0,High,2.0,Yes,4
460856,Male,Yes,42,Yes,Artist,0.0,Average,3.0,No,1
461989,Female,,59,Yes,Engineer,2.0,Average,3.0,Yes,4
467737,Female,Yes,51,Yes,Entertainment,7.0,Average,2.0,No,4
462604,Female,Yes,35,No,Doctor,3.0,Average,2.0,Yes,4
461646,Female,Yes,65,Yes,Artist,,High,4.0,Yes,4
460332,Male,No,28,Yes,Healthcare,0.0,Low,5.0,No,2
463227,Female,Yes,31,Yes,Engineer,1.0,Average,2.0,Yes,4
460279,Female,Yes,23,No,Entertainment,6.0,High,1.0,Yes,4
462644,Male,Yes,29,No,Engineer,,Average,3.0,Yes,1
459746,Male,,56,Yes,Artist,1.0,Average,2.0,No,1
464442,Male,Yes,53,Yes,Lawyer,0.0,High,1.0,Yes,3
464168,Male,Yes,45,Yes,Executive,1.0,High,3.0,Yes,1
466463,Female,No,29,Yes,Healthcare,2.0,Low,4.0,No,2
461885,Male,Yes,47,Yes,Artist,2.0,High,4.0,Yes,1
460990,Male,No,22,No,Healthcare,1.0,Low,3.0,No,2
465605,Female,Yes,52,Yes,Engineer,4.0,Low,1.0,No,4
462215,Female,No,20,No,Marketing,1.0,Low,3.0,No,2
462348,Female,Yes,73,Yes,Lawyer,2.0,High,1.0,Yes,3
462009,Female,Yes,34,Yes,Healthcare,9.0,High,1.0,Yes,4
466127,Male,Yes,46,Yes,Doctor,3.0,Average,5.0,Yes,1
467512,Male,Yes,41,No,Artist,0.0,Average,2.0,No,1
465025,Male,Yes,73,Yes,Executive,0.0,High,2.0,Yes,3
464075,Female,Yes,86,Yes,Lawyer,0.0,High,2.0,Yes,3
461687,Female,Yes,76,Yes,Artist,0.0,High,2.0,Yes,4
459171,Male,Yes,40,Yes,Artist,1.0,Average,2.0,No,1
467259,Male,Yes,71,Yes,Lawyer,3.0,High,3.0,Yes,3
460078,Male,Yes,43,Yes,Healthcare,10.0,High,2.0,Yes,1
461098,Female,Yes,39,Yes,Engineer,1.0,Low,1.0,No,4
467376,Female,Yes,46,Yes,Doctor,7.0,Average,2.0,Yes,4
464089,Female,Yes,40,Yes,Artist,5.0,High,5.0,Yes,4
464341,Male,No,35,Yes,Artist,2.0,Low,2.0,No,0
460853,Female,No,60,Yes,Artist,3.0,High,2.0,Yes,4
466645,Male,Yes,66,Yes,Lawyer,5.0,Low,2.0,No,3
460883,Male,Yes,73,Yes,Artist,0.0,High,3.0,Yes,1
460329,Male,No,45,Yes,Entertainment,6.0,Low,2.0,No,0
462388,Female,Yes,42,Yes,Artist,0.0,High,4.0,Yes,4
462844,Male,Yes,30,No,Engineer,2.0,Average,3.0,Yes,1
467410,Female,Yes,62,Yes,Lawyer,0.0,Low,2.0,No,3
463319,Female,Yes,73,No,Lawyer,1.0,High,3.0,Yes,3
461243,Male,Yes,49,Yes,Marketing,0.0,Low,5.0,No,1
466769,Female,No,31,Yes,Entertainment,0.0,Low,4.0,No,0
459680,Male,No,41,Yes,Entertainment,,Low,1.0,No,0
467973,Female,Yes,63,Yes,Engineer,2.0,Average,3.0,Yes,4
461954,Female,Yes,35,No,Engineer,2.0,Average,6.0,Yes,4
465092,Male,Yes,65,Yes,Executive,0.0,High,2.0,Yes,3
466959,Male,Yes,25,Yes,Artist,8.0,Low,4.0,No,1
461781,Male,Yes,57,Yes,Artist,0.0,Low,2.0,No,1
464803,Male,No,28,No,Doctor,1.0,Low,1.0,No,0
460169,Female,Yes,80,Yes,Lawyer,3.0,High,1.0,Yes,3
465140,Male,Yes,45,Yes,Executive,5.0,High,3.0,Yes,1
464643,Female,Yes,79,No,Engineer,0.0,High,2.0,Yes,3
460414,Female,No,33,Yes,Healthcare,0.0,Low,1.0,No,0
467001,Female,,53,Yes,Entertainment,8.0,Average,4.0,No,4
462348,Female,Yes,68,Yes,Lawyer,3.0,High,3.0,Yes,3
464011,Male,No,32,Yes,Healthcare,,Low,4.0,No,2
462351,Male,Yes,75,No,Lawyer,3.0,High,3.0,Yes,3
462600,Male,Yes,30,No,Engineer,3.0,Average,3.0,Yes,1
465296,Female,Yes,76,Yes,Lawyer,3.0,High,3.0,Yes,3
467461,Female,Yes,44,Yes,Artist,9.0,High,2.0,Yes,4
462197,Female,Yes,67,No,Engineer,1.0,Average,4.0,Yes,4
467215,Female,Yes,78,No,Lawyer,1.0,High,2.0,Yes,3
459178,Male,Yes,53,Yes,Executive,0.0,High,4.0,Yes,1
460626,Male,Yes,50,No,Doctor,8.0,High,3.0,Yes,1
463357,Male,Yes,27,Yes,Doctor,0.0,Average,2.0,Yes,1
464520,Male,Yes,46,No,Entertainment,8.0,Low,2.0,No,1
461627,Male,Yes,50,Yes,Doctor,1.0,Low,2.0,No,1
466828,Male,No,48,Yes,Executive,2.0,High,3.0,Yes,1
459042,Female,Yes,40,Yes,Engineer,0.0,Average,4.0,Yes,4
463678,Female,No,32,No,Healthcare,1.0,Low,5.0,No,2
462054,Male,No,25,Yes,Healthcare,0.0,Low,,No,2
464901,Male,Yes,78,No,Executive,3.0,High,5.0,Yes,3
465833,Male,Yes,42,No,Executive,1.0,High,3.0,Yes,1
462384,Female,No,29,Yes,Healthcare,,Low,1.0,No,0
466925,Male,No,19,No,Healthcare,7.0,Low,2.0,No,2
459920,Female,Yes,51,Yes,Artist,6.0,High,2.0,Yes,4
459210,Female,Yes,68,Yes,Artist,1.0,High,2.0,Yes,4
460683,Male,Yes,59,No,Entertainment,6.0,Average,3.0,No,1
460403,Female,No,56,Yes,Doctor,3.0,Low,1.0,No,0
463996,Female,No,29,No,Healthcare,,Low,5.0,No,2
459489,Male,Yes,46,Yes,Doctor,1.0,Average,4.0,Yes,1
467673,Male,No,53,No,Executive,0.0,High,4.0,Yes,2
461860,Female,Yes,80,No,Lawyer,1.0,High,1.0,Yes,3
466386,Male,Yes,65,Yes,Executive,1.0,Low,2.0,No,1
463612,Female,Yes,52,Yes,Engineer,0.0,High,4.0,Yes,4
460604,Female,No,43,No,Entertainment,7.0,High,1.0,Yes,0
465867,Female,Yes,35,Yes,Artist,8.0,High,5.0,Yes,4
467885,Female,No,43,Yes,Doctor,0.0,Low,,No,0
464797,Female,Yes,35,No,Engineer,8.0,Average,4.0,Yes,4
460600,Female,No,41,Yes,Artist,2.0,Low,,No,0
463383,Male,Yes,41,No,Executive,6.0,High,3.0,Yes,1
467147,Male,No,45,Yes,Entertainment,0.0,Low,1.0,No,0
459810,Male,No,19,No,Healthcare,1.0,Low,4.0,No,2
462134,Male,Yes,88,No,Lawyer,1.0,Low,1.0,No,3
461877,Female,No,38,Yes,Artist,7.0,Low,2.0,No,0
459285,Male,No,76,Yes,Lawyer,0.0,Low,2.0,No,3
459161,Male,Yes,51,Yes,Executive,3.0,High,5.0,Yes,1
466828,Male,Yes,47,No,Executive,0.0,High,3.0,Yes,1
461383,Male,Yes,67,Yes,Artist,2.0,High,1.0,Yes,1
460598,Female,Yes,35,Yes,Doctor,0.0,Average,3.0,Yes,4
460769,Female,Yes,76,No,Lawyer,1.0,High,2.0,Yes,3
466333,Female,Yes,41,Yes,Artist,1.0,Average,2.0,No,4
461933,Male,No,18,No,Doctor,0.0,Low,2.0,No,2
466520,Male,,62,,Engineer,4.0,Average,2.0,Yes,1
459838,Female,Yes,80,No,Lawyer,0.0,High,1.0,Yes,3
466563,Female,No,20,No,Marketing,,Low,4.0,No,2
467952,Male,Yes,80,Yes,Lawyer,0.0,High,3.0,Yes,3
461497,Male,No,29,No,Doctor,5.0,Low,5.0,No,2
466243,Female,Yes,38,No,Engineer,1.0,Low,2.0,No,4
460413,Female,No,39,Yes,Artist,7.0,Low,1.0,No,0
464069,Female,Yes,80,Yes,Lawyer,2.0,High,3.0,Yes,3
459496,Female,No,42,Yes,Artist,,Low,3.0,No,0
461076,Male,No,42,Yes,Entertainment,1.0,Low,8.0,No,2
466664,Female,Yes,42,Yes,Doctor,3.0,Average,3.0,Yes,4
467456,Male,Yes,36,No,Executive,7.0,High,4.0,Yes,1
467437,Female,Yes,76,Yes,Lawyer,0.0,High,2.0,Yes,3
464157,Male,Yes,80,Yes,Marketing,2.0,High,3.0,Yes,3
466409,Male,Yes,51,Yes,Artist,0.0,Average,5.0,No,1
465011,Male,Yes,63,Yes,Executive,4.0,High,2.0,Yes,1
459134,Female,Yes,69,Yes,Lawyer,0.0,High,2.0,Yes,3
460813,Female,Yes,86,No,Lawyer,1.0,High,2.0,Yes,3
461092,Female,No,26,Yes,Homemaker,1.0,High,3.0,Yes,0
465282,Female,No,36,Yes,Artist,0.0,Low,3.0,No,0
459831,Male,Yes,37,No,Engineer,8.0,Average,3.0,Yes,1
460895,Female,No,29,Yes,Doctor,9.0,Low,5.0,No,0
464335,Male,Yes,48,Yes,Executive,6.0,High,4.0,Yes,1
466013,Male,No,22,No,Healthcare,2.0,Low,3.0,No,2
459620,Female,Yes,29,No,Marketing,,Low,,No,2
464886,Male,No,36,Yes,Engineer,2.0,Average,4.0,Yes,0
464276,Female,Yes,61,No,Marketing,0.0,High,3.0,Yes,3
467607,Female,No,25,No,Engineer,9.0,Low,1.0,No,0
466097,Female,Yes,74,No,Lawyer,1.0,Low,1.0,No,3
461936,Male,Yes,77,No,Lawyer,2.0,High,1.0,Yes,3
462577,Female,Yes,74,No,Marketing,0.0,High,1.0,Yes,3
465010,Female,No,42,Yes,Marketing,,Low,3.0,No,0
460722,Male,Yes,30,No,Entertainment,1.0,Average,3.0,No,1
462128,Male,Yes,38,Yes,Artist,9.0,Average,2.0,No,1
463502,Male,Yes,41,Yes,Executive,,High,5.0,Yes,1
461917,Male,Yes,79,,Lawyer,1.0,Low,1.0,No,3
459709,Female,Yes,47,Yes,Artist,7.0,Average,4.0,No,4
462649,Female,Yes,30,No,Engineer,,Average,8.0,Yes,4
465190,Female,Yes,47,Yes,Artist,2.0,High,3.0,Yes,4
461652,Female,Yes,53,Yes,Artist,1.0,Average,3.0,No,4
464061,Male,Yes,30,Yes,Artist,12.0,Average,2.0,No,1
459631,Male,,53,Yes,Executive,,High,3.0,Yes,1
465893,Female,Yes,43,Yes,Engineer,0.0,Average,2.0,Yes,4
462497,Male,No,35,Yes,Artist,1.0,Low,2.0,No,0
459278,Male,Yes,67,No,Executive,,High,2.0,Yes,3
460894,Female,Yes,37,No,Executive,5.0,High,3.0,Yes,4
464513,Male,Yes,40,Yes,Executive,4.0,High,2.0,Yes,1
462439,Male,No,18,No,Healthcare,1.0,Low,4.0,No,2
462594,Male,Yes,52,No,Entertainment,,Average,5.0,No,1
466516,Male,No,19,No,Healthcare,0.0,Low,3.0,No,2
466926,Male,No,20,No,Healthcare,0.0,Low,,No,2
459163,Male,No,42,Yes,Entertainment,1.0,Low,1.0,No,0
465002,Female,No,80,Yes,Lawyer,0.0,High,3.0,Yes,3
467861,Female,No,27,No,Artist,,Low,4.0,No,2
462254,Male,Yes,38,No,Executive,1.0,Average,5.0,No,1
464872,Male,Yes,42,Yes,Artist,1.0,Low,4.0,No,1
465427,Male,No,33,Yes,Artist,7.0,Low,1.0,No,0
465058,Female,No,43,,Entertainment,,Low,1.0,No,0
467622,Male,Yes,73,Yes,Lawyer,0.0,High,3.0,Yes,3
459686,Male,Yes,52,Yes,Artist,1.0,Low,1.0,No,1
460320,Male,No,26,No,Artist,11.0,Low,4.0,No,2
466867,Female,No,27,No,Homemaker,14.0,Low,1.0,No,0
461708,Male,Yes,80,No,Lawyer,0.0,High,1.0,Yes,3
461733,Female,Yes,43,Yes,Artist,0.0,High,3.0,Yes,4
464813,Male,Yes,41,Yes,Engineer,7.0,Average,4.0,Yes,1
460827,Male,Yes,81,Yes,Lawyer,9.0,Low,1.0,No,3
460286,Female,No,41,Yes,Artist,4.0,Low,1.0,No,0
461708,Male,Yes,80,No,Lawyer,0.0,High,2.0,Yes,3
462590,Female,No,28,No,Engineer,,Average,2.0,Yes,2
463067,Female,No,42,Yes,Homemaker,7.0,Low,1.0,No,0
467447,Female,Yes,41,Yes,Engineer,,Average,3.0,Yes,4
460452,Female,Yes,37,Yes,Entertainment,0.0,Average,2.0,No,4
465290,Male,Yes,42,Yes,Executive,1.0,High,5.0,Yes,1
462259,Male,Yes,51,Yes,Artist,,Low,2.0,No,1
464187,Female,No,41,No,Engineer,9.0,Low,1.0,No,0
463958,Female,No,25,No,Healthcare,0.0,Low,5.0,No,2
462208,Female,Yes,34,Yes,Engineer,5.0,Average,6.0,Yes,4
467818,Female,Yes,34,Yes,Artist,5.0,High,4.0,Yes,4
461788,Male,Yes,80,Yes,Lawyer,3.0,High,3.0,Yes,3
463387,Male,,20,No,Marketing,3.0,Low,2.0,No,2
467072,Male,Yes,66,No,Executive,0.0,High,4.0,Yes,3
465328,Male,Yes,35,No,Executive,0.0,High,5.0,Yes,1
466473,Female,No,22,No,Healthcare,0.0,Low,3.0,No,2
462185,Male,No,18,No,Doctor,0.0,Low,3.0,No,2
462888,Male,Yes,34,Yes,Executive,,High,4.0,Yes,1
465897,Female,Yes,42,Yes,Artist,9.0,Low,1.0,No,4
459223,Female,Yes,47,Yes,Doctor,1.0,Average,4.0,Yes,4
461492,Male,Yes,70,Yes,Entertainment,8.0,Average,2.0,No,1
463276,Male,Yes,42,No,Executive,,Average,2.0,No,1
462513,Male,No,26,Yes,Artist,,Low,4.0,No,0
467503,Female,No,26,Yes,Artist,1.0,Low,4.0,No,0
462835,Male,Yes,55,No,Engineer,,Average,3.0,Yes,1
465290,Male,No,48,Yes,Executive,1.0,High,4.0,Yes,1
463440,Female,Yes,73,Yes,Artist,0.0,Average,3.0,No,4
461834,Female,No,42,Yes,Artist,7.0,Low,2.0,No,0
464553,Male,Yes,70,Yes,Artist,1.0,Low,2.0,No,1
463263,Female,No,68,Yes,Engineer,1.0,High,3.0,Yes,4
464582,Female,Yes,63,Yes,Marketing,0.0,Low,2.0,No,3
462780,Male,Yes,22,Yes,Healthcare,3.0,High,8.0,Yes,1
467014,Male,Yes,40,Yes,Executive,11.0,High,4.0,Yes,1
466732,Female,Yes,49,Yes,Engineer,0.0,High,2.0,Yes,4
466258,Female,No,29,No,Healthcare,1.0,Low,3.0,No,2
461500,Female,No,26,Yes,Doctor,0.0,Low,3.0,No,0
466985,Female,Yes,45,No,Engineer,2.0,Average,8.0,Yes,4
459108,Male,No,23,No,Healthcare,,Low,5.0,No,2
464299,Female,No,35,Yes,Artist,12.0,Low,3.0,No,0
460957,Male,Yes,48,Yes,Entertainment,1.0,Low,,No,1
460090,Male,Yes,80,No,Lawyer,3.0,Average,1.0,Yes,3
461895,Male,Yes,36,Yes,Entertainment,1.0,Low,2.0,No,1
459000,Female,Yes,63,No,Executive,13.0,High,3.0,Yes,4
459218,Male,No,80,Yes,Lawyer,1.0,High,2.0,Yes,3
465195,Male,No,49,Yes,Executive,0.0,High,3.0,Yes,1
462604,Female,Yes,41,Yes,Doctor,0.0,Average,3.0,Yes,4
461989,Female,,57,Yes,Engineer,0.0,Average,4.0,Yes,4
467683,Male,Yes,24,Yes,Healthcare,9.0,High,3.0,Yes,1
463401,Female,No,18,No,Healthcare,,Low,3.0,No,2
464421,Female,Yes,27,No,Marketing,,High,4.0,Yes,4
464539,Male,Yes,38,No,Executive,2.0,High,2.0,Yes,1
467310,Female,Yes,80,No,Lawyer,0.0,High,3.0,Yes,3
466003,Female,Yes,27,Yes,Marketing,9.0,Low,1.0,No,0
465202,Male,No,27,No,Entertainment,6.0,Low,4.0,No,2
465456,Female,Yes,56,Yes,Artist,3.0,High,4.0,Yes,4
465113,Male,Yes,67,Yes,Lawyer,3.0,High,2.0,Yes,3
460077,Female,No,32,Yes,Artist,,Low,1.0,No,0
465017,Male,Yes,53,No,Executive,1.0,High,3.0,Yes,1
467558,Male,Yes,51,Yes,Doctor,0.0,Average,8.0,Yes,1
464717,Female,Yes,21,No,Executive,4.0,High,7.0,Yes,4
464430,Female,Yes,49,Yes,Engineer,8.0,Average,3.0,Yes,4
463493,Male,Yes,39,Yes,Executive,,High,3.0,Yes,1
459043,Female,Yes,49,No,Engineer,1.0,Low,1.0,No,4
463196,Female,Yes,67,Yes,Engineer,1.0,Low,1.0,No,4
464440,Male,Yes,80,Yes,Lawyer,0.0,High,1.0,Yes,3
461295,Female,Yes,66,Yes,Artist,1.0,Average,3.0,No,4
466045,Female,No,38,No,Entertainment,8.0,Low,2.0,No,0
465079,Male,Yes,75,Yes,Lawyer,1.0,Low,1.0,No,3
462499,Female,,70,No,Lawyer,6.0,Average,1.0,Yes,3
461100,Female,No,32,Yes,Healthcare,,Low,3.0,No,0
462388,Female,Yes,43,Yes,Artist,3.0,High,4.0,Yes,4
459594,Female,Yes,42,Yes,Artist,5.0,Low,1.0,No,4
463140,Male,Yes,33,No,Engineer,3.0,Average,2.0,Yes,1
466432,Male,No,42,Yes,Entertainment,1.0,Low,1.0,No,0
459808,Male,Yes,38,No,Doctor,,Average,4.0,Yes,1
467082,Female,Yes,70,Yes,Artist,0.0,High,3.0,Yes,4
464427,Male,Yes,63,Yes,Doctor,0.0,Average,5.0,Yes,1
459154,Male,Yes,88,Yes,Lawyer,0.0,High,2.0,Yes,3
461118,Female,No,30,Yes,Healthcare,6.0,Low,,No,0
464045,Male,Yes,39,Yes,Artist,0.0,Low,2.0,No,1
462793,Male,Yes,41,No,Executive,5.0,High,6.0,Yes,1
461642,Male,No,41,Yes,Artist,9.0,Low,2.0,No,0
461184,Male,No,19,No,Healthcare,,Low,4.0,No,2
465193,Male,Yes,36,No,Engineer,,Average,,Yes,1
461109,Male,No,31,Yes,Healthcare,0.0,Low,3.0,No,2
464369,Male,Yes,36,Yes,Executive,1.0,High,4.0,Yes,1
464616,Male,Yes,27,No,Entertainment,6.0,Low,4.0,No,1
465472,Female,Yes,80,No,Entertainment,,High,2.0,Yes,3
461826,Male,Yes,35,Yes,Artist,12.0,Average,2.0,No,1
463738,Male,Yes,39,No,Executive,0.0,High,4.0,Yes,1
466075,Female,Yes,45,Yes,Engineer,0.0,Average,3.0,Yes,4
467727,Male,Yes,46,Yes,Artist,8.0,High,5.0,Yes,1
460782,Male,No,78,Yes,Artist,2.0,High,3.0,Yes,1
465349,Female,Yes,53,Yes,Artist,1.0,High,4.0,Yes,4
464166,Male,No,31,Yes,Artist,5.0,Low,2.0,No,0
465531,Female,No,40,Yes,Homemaker,9.0,Low,,No,0
464013,Male,No,27,No,Healthcare,0.0,Low,1.0,No,2
464006,Male,No,32,No,Healthcare,0.0,Low,5.0,No,2
464912,Male,,36,Yes,Doctor,,Average,2.0,Yes,1
459737,Female,Yes,80,Yes,Lawyer,10.0,High,2.0,Yes,3
463205,Female,No,25,No,Doctor,0.0,Low,4.0,No,2
465106,Male,Yes,48,Yes,Executive,0.0,High,3.0,Yes,1
460353,Male,No,31,Yes,,6.0,Low,1.0,No,0
462339,Male,No,33,Yes,Artist,3.0,Low,5.0,No,0
464915,Male,Yes,41,Yes,Executive,,High,3.0,Yes,1
462306,Male,Yes,79,No,Lawyer,8.0,High,2.0,Yes,3
464985,Female,Yes,71,Yes,Lawyer,0.0,High,2.0,Yes,3
460983,Male,Yes,38,No,Doctor,0.0,High,4.0,Yes,1
463688,Female,No,52,Yes,Doctor,1.0,Low,1.0,No,0
463614,Female,No,26,No,Healthcare,1.0,Low,4.0,No,2
465937,Female,No,30,Yes,Healthcare,9.0,Low,3.0,No,0
463527,Female,No,35,No,Artist,13.0,Low,1.0,No,0
466381,Male,Yes,52,Yes,Artist,2.0,Average,2.0,No,1
464348,Male,No,43,Yes,Artist,1.0,Low,2.0,No,0
459853,Male,No,30,No,Executive,5.0,Low,5.0,No,2
461053,Male,Yes,37,No,Executive,,High,5.0,Yes,1
462345,Male,Yes,46,Yes,Doctor,1.0,Average,6.0,Yes,1
459653,Female,No,25,Yes,,8.0,Low,1.0,No,0
467215,Female,Yes,78,Yes,Lawyer,1.0,High,2.0,Yes,3
467633,Male,Yes,49,No,Entertainment,0.0,Low,1.0,No,1
460863,Male,Yes,66,Yes,Artist,0.0,Low,5.0,No,1
463110,Male,Yes,68,No,Executive,1.0,High,2.0,Yes,3
463992,Male,Yes,39,Yes,Artist,0.0,Average,2.0,No,1
466362,Male,Yes,67,Yes,Lawyer,1.0,High,1.0,Yes,3
460608,Male,No,19,No,Healthcare,6.0,Low,8.0,No,2
466372,Female,Yes,60,Yes,Artist,1.0,Average,5.0,No,4
463233,Male,Yes,50,No,Executive,0.0,Average,5.0,No,1
465354,Male,No,18,No,Doctor,0.0,Low,5.0,No,2
460894,Male,Yes,38,No,Executive,5.0,High,3.0,Yes,1
466229,Male,Yes,61,No,Executive,0.0,High,1.0,Yes,3
462359,Male,Yes,51,Yes,Entertainment,0.0,Low,3.0,No,1
462913,Female,No,25,Yes,Artist,4.0,Low,5.0,No,0
464416,Male,Yes,38,Yes,Artist,1.0,Low,6.0,No,1
467148,Male,No,28,Yes,Artist,,Low,1.0,No,0
464236,Female,Yes,65,No,Artist,0.0,High,1.0,Yes,4
459252,Male,Yes,68,Yes,Lawyer,0.0,High,3.0,Yes,3
464533,Male,Yes,37,No,Executive,,High,6.0,Yes,1
459672,Male,Yes,47,No,Artist,3.0,Average,3.0,No,1
465205,Male,Yes,48,Yes,Entertainment,0.0,Low,2.0,No,1
461359,Male,Yes,28,Yes,Healthcare,1.0,Low,4.0,No,1
466485,Male,Yes,34,Yes,Executive,10.0,High,3.0,Yes,1
465097,Male,Yes,79,No,Lawyer,3.0,High,2.0,Yes,3
460222,Female,,74,No,Lawyer,3.0,High,,Yes,3
459373,Male,No,31,Yes,Healthcare,,Low,4.0,No,2
462380,Female,Yes,57,No,Artist,3.0,High,5.0,Yes,4
466002,Male,Yes,48,Yes,Doctor,0.0,High,2.0,Yes,1
463032,Female,Yes,77,No,Lawyer,0.0,High,1.0,Yes,3
466493,Male,Yes,77,No,Lawyer,0.0,High,2.0,Yes,3
463410,Female,Yes,40,No,Doctor,,Average,3.0,Yes,4
467007,Female,Yes,33,No,Engineer,0.0,High,1.0,Yes,4
464667,Female,Yes,51,No,Engineer,4.0,Low,2.0,No,4
460795,Male,Yes,61,Yes,Artist,1.0,Average,3.0,No,1
459217,Female,Yes,63,No,Lawyer,1.0,Average,4.0,Yes,3
467631,Male,Yes,74,Yes,Lawyer,2.0,High,2.0,Yes,3
467382,Male,Yes,36,Yes,Doctor,9.0,Average,2.0,Yes,1
466255,Male,Yes,45,Yes,Entertainment,0.0,Low,4.0,No,1
461894,Female,Yes,66,Yes,Artist,0.0,Average,2.0,No,4
460065,Female,Yes,79,Yes,Artist,,Average,2.0,No,4
459793,Male,Yes,37,Yes,Artist,2.0,High,,Yes,1
463749,Male,No,23,No,Healthcare,1.0,Low,4.0,No,2
463064,Male,Yes,36,No,Executive,11.0,High,2.0,Yes,1
459808,Male,Yes,33,No,Doctor,,Average,4.0,Yes,1
464455,Female,Yes,72,Yes,Lawyer,3.0,High,1.0,Yes,3
467133,Female,Yes,68,Yes,Lawyer,2.0,High,,Yes,3
466535,Male,No,26,Yes,Artist,8.0,Low,1.0,No,0
461869,Male,Yes,87,Yes,Lawyer,0.0,Low,1.0,No,3
461296,Female,No,80,Yes,Lawyer,0.0,High,1.0,Yes,3
460165,Female,No,40,Yes,Entertainment,0.0,Low,1.0,No,0
465174,Female,Yes,68,Yes,Entertainment,3.0,High,2.0,Yes,4
463475,Female,Yes,36,Yes,Doctor,0.0,Low,1.0,No,4
467447,Female,Yes,36,Yes,Engineer,,Average,2.0,Yes,4
461048,Male,Yes,33,Yes,Doctor,10.0,Average,2.0,Yes,1
463863,Male,Yes,35,Yes,Artist,0.0,Average,2.0,No,1
461752,Male,Yes,67,Yes,Doctor,1.0,Average,3.0,Yes,1
462247,Female,Yes,45,No,Artist,2.0,High,5.0,Yes,4
461743,Male,Yes,65,Yes,Doctor,3.0,High,2.0,Yes,1
465793,Male,No,25,No,Healthcare,1.0,Low,5.0,No,2
459869,Female,No,23,No,Healthcare,1.0,Low,3.0,No,2
460190,Female,No,30,Yes,Entertainment,9.0,Low,3.0,No,0
462241,Female,No,28,No,Entertainment,1.0,Low,4.0,No,2
459409,Male,Yes,80,Yes,Lawyer,2.0,High,2.0,Yes,3
464325,Male,Yes,30,No,Healthcare,5.0,High,3.0,Yes,1
462372,Female,Yes,60,No,Lawyer,,High,1.0,Yes,3
467767,Female,No,23,No,Marketing,4.0,Low,4.0,No,2
467690,Female,Yes,71,No,Lawyer,,High,3.0,Yes,3
464190,Male,No,37,Yes,Executive,3.0,Low,1.0,No,0
466610,Male,No,19,No,Marketing,0.0,Low,5.0,No,2
464908,Male,Yes,73,Yes,Entertainment,5.0,Low,1.0,No,1
465190,Female,Yes,44,Yes,Artist,2.0,High,4.0,Yes,4
461773,Male,Yes,68,Yes,Entertainment,1.0,High,4.0,Yes,1
466954,Female,Yes,69,No,Doctor,8.0,Average,1.0,Yes,4
463079,Female,No,35,No,Marketing,,Low,,No,2
467521,Male,No,19,No,Healthcare,7.0,Low,3.0,No,2
462950,Female,No,29,Yes,Doctor,0.0,Low,5.0,No,2
461431,Male,Yes,42,Yes,Doctor,1.0,Average,2.0,Yes,1
463533,Female,No,80,Yes,Artist,0.0,High,2.0,Yes,4
466210,Female,Yes,64,Yes,Artist,1.0,High,4.0,Yes,4
463422,Male,Yes,36,No,Executive,,High,5.0,Yes,1
459258,Female,Yes,77,Yes,Lawyer,0.0,High,,Yes,3
463138,Female,No,28,No,Homemaker,,Low,,No,2
460355,Female,No,40,Yes,Entertainment,5.0,Low,1.0,No,0
465190,Female,Yes,48,Yes,Artist,1.0,High,4.0,Yes,4
463056,Male,Yes,43,Yes,Homemaker,,Average,2.0,No,1
467889,Male,Yes,61,Yes,Executive,0.0,High,2.0,Yes,3
459107,Male,Yes,55,Yes,Artist,1.0,Low,2.0,No,1
462974,Male,Yes,66,Yes,Lawyer,0.0,Low,1.0,No,3
461683,Female,Yes,47,Yes,Executive,3.0,High,3.0,Yes,4
464294,Male,Yes,68,Yes,Executive,3.0,High,3.0,Yes,1
464241,Female,Yes,89,,Artist,1.0,High,2.0,Yes,4
462342,Female,Yes,73,Yes,Lawyer,10.0,High,3.0,Yes,3
462931,Male,Yes,40,No,Entertainment,14.0,Average,3.0,No,1
459066,Male,Yes,50,Yes,Executive,6.0,High,5.0,Yes,1
462716,Male,No,33,No,Entertainment,6.0,Low,2.0,No,2
459894,Female,Yes,35,Yes,Healthcare,1.0,Low,3.0,No,4
461775,Female,Yes,79,No,Lawyer,0.0,High,3.0,Yes,3
467743,Male,No,46,No,Executive,0.0,High,3.0,Yes,2
467734,Male,Yes,79,Yes,Lawyer,2.0,High,2.0,Yes,3
467625,Female,Yes,40,Yes,Artist,0.0,Average,2.0,No,4
465417,Male,Yes,40,Yes,Entertainment,,Average,2.0,No,1
462782,Male,Yes,57,Yes,Executive,7.0,High,2.0,Yes,1
467285,Male,Yes,53,No,Executive,,High,4.0,Yes,1
460818,Female,No,30,Yes,Healthcare,8.0,Low,,No,0
461936,Male,Yes,68,No,Lawyer,1.0,High,2.0,Yes,3
462762,Male,Yes,48,Yes,Artist,0.0,High,4.0,Yes,1
466134,Male,Yes,36,Yes,Doctor,1.0,High,4.0,Yes,1
462736,Female,Yes,28,No,Engineer,6.0,Low,3.0,No,4
462726,Female,Yes,80,Yes,Homemaker,1.0,High,,Yes,3
463815,Male,Yes,37,Yes,Entertainment,0.0,Average,2.0,No,1
460677,Female,,49,No,Healthcare,2.0,Average,2.0,No,4
463791,Female,No,28,Yes,Engineer,7.0,Low,1.0,No,0
464879,Female,Yes,25,No,Doctor,0.0,Average,1.0,Yes,4
461081,Female,No,20,No,Healthcare,2.0,Low,6.0,No,2
460986,Male,No,37,Yes,Doctor,0.0,Low,3.0,No,0
465353,Male,Yes,73,Yes,Artist,1.0,Average,2.0,No,1
466873,Male,Yes,39,Yes,Healthcare,7.0,Average,5.0,No,1
463348,Female,Yes,40,Yes,Doctor,1.0,Low,2.0,No,4
467600,Male,Yes,40,Yes,Engineer,,Average,4.0,Yes,1
462456,Male,No,18,No,Healthcare,0.0,Low,8.0,No,2
460704,Male,Yes,43,Yes,Artist,1.0,Low,2.0,No,1
459557,Female,,28,No,Entertainment,3.0,High,,Yes,4
463895,Female,Yes,68,No,Doctor,0.0,Average,2.0,Yes,4
461445,Male,Yes,52,Yes,Artist,3.0,Average,4.0,No,1
462934,Male,Yes,56,No,Executive,,High,2.0,Yes,3
465881,Male,No,43,Yes,Artist,8.0,Low,,No,0
467158,Female,No,25,No,Healthcare,0.0,Low,,No,2
464442,Male,Yes,57,Yes,Lawyer,1.0,High,2.0,Yes,3
461166,Female,Yes,43,Yes,Entertainment,5.0,High,,Yes,4
461027,Female,,43,No,Engineer,8.0,Average,5.0,Yes,4
464455,Female,Yes,77,Yes,Lawyer,2.0,High,3.0,Yes,3
462078,Female,Yes,61,No,Artist,1.0,Average,2.0,No,4
462571,Male,Yes,50,Yes,Healthcare,1.0,Average,1.0,No,1
466561,Female,No,19,No,Healthcare,3.0,Low,3.0,No,2
463204,Male,No,36,No,Entertainment,1.0,Low,1.0,No,2
467447,Female,Yes,35,Yes,Engineer,,Average,3.0,Yes,4
467420,Male,Yes,47,No,Executive,3.0,High,3.0,Yes,1
463551,Male,Yes,48,No,Doctor,7.0,Average,1.0,Yes,1
462920,Male,Yes,52,No,Executive,1.0,High,6.0,Yes,1
462619,Male,,60,No,,0.0,High,,Yes,1
466232,Male,Yes,59,No,Executive,0.0,High,3.0,Yes,3
462475,Male,Yes,35,Yes,Artist,0.0,Average,2.0,No,1
464420,Male,Yes,60,Yes,Artist,10.0,High,3.0,Yes,1
466639,Male,No,38,Yes,Artist,1.0,Low,1.0,No,0
467007,Female,Yes,38,No,Engineer,0.0,High,2.0,Yes,4
462308,Male,Yes,26,Yes,Healthcare,3.0,High,3.0,Yes,1
462714,Female,Yes,35,Yes,Engineer,1.0,High,5.0,Yes,4
466953,Male,Yes,42,Yes,Artist,2.0,Average,2.0,No,1
459486,Male,Yes,78,Yes,Lawyer,,High,1.0,Yes,3
464981,Male,Yes,45,Yes,Artist,0.0,Average,4.0,No,1
466966,Male,Yes,61,Yes,Entertainment,1.0,Average,2.0,No,1
466698,Female,Yes,26,Yes,Healthcare,8.0,Low,2.0,No,4
465212,Female,Yes,47,Yes,Executive,,High,4.0,Yes,4
459218,Male,Yes,88,Yes,Lawyer,0.0,High,3.0,Yes,3
459864,Female,Yes,73,Yes,Artist,,High,1.0,Yes,4
459187,Female,Yes,57,No,Doctor,2.0,Average,3.0,Yes,4
465376,Female,No,30,Yes,Entertainment,1.0,Low,4.0,No,0
464584,Female,No,27,Yes,Healthcare,9.0,Low,1.0,No,0
460612,Male,No,33,Yes,Entertainment,9.0,Low,4.0,No,0
460975,Male,Yes,80,,Lawyer,0.0,High,2.0,Yes,3
464137,Female,Yes,77,No,Artist,3.0,High,3.0,Yes,4
460739,Male,Yes,44,Yes,Executive,,High,6.0,Yes,1
462087,Female,No,31,Yes,Healthcare,9.0,Low,3.0,No,0
459875,Male,Yes,71,No,Lawyer,0.0,High,,Yes,3
464762,Female,Yes,52,No,Engineer,9.0,Average,4.0,Yes,4
462988,Female,No,26,Yes,Healthcare,11.0,High,3.0,Yes,0
462769,Female,Yes,42,No,Homemaker,6.0,High,4.0,Yes,4
467053,Male,No,22,No,Healthcare,6.0,Low,4.0,No,2
464938,Male,Yes,46,No,Artist,0.0,Low,3.0,No,1
462798,Male,Yes,65,Yes,Artist,7.0,High,2.0,Yes,1
462382,Male,Yes,68,Yes,Lawyer,1.0,High,2.0,Yes,3
461820,Female,Yes,42,Yes,Doctor,0.0,Average,1.0,Yes,4
464499,Male,Yes,43,Yes,Executive,1.0,High,4.0,Yes,1
459716,Female,Yes,66,Yes,Engineer,8.0,Average,2.0,Yes,4
467886,Female,Yes,46,Yes,Artist,0.0,Low,2.0,No,4
464148,Male,Yes,48,No,Executive,9.0,High,4.0,Yes,1
465011,Male,No,63,Yes,Executive,3.0,High,2.0,Yes,3
467301,Female,Yes,73,No,Lawyer,1.0,Low,2.0,No,3
464535,Male,Yes,56,Yes,Lawyer,1.0,High,2.0,Yes,3
464756,Female,No,25,No,Engineer,5.0,Low,3.0,No,2
462708,Male,Yes,22,No,Executive,8.0,High,1.0,Yes,1
460737,Male,,66,Yes,Artist,0.0,Low,,No,1
462170,Male,Yes,77,No,Executive,0.0,High,3.0,Yes,3
465767,Male,No,28,No,Healthcare,0.0,Low,5.0,No,2
465012,Male,Yes,65,No,Executive,0.0,High,3.0,Yes,3
461608,Female,Yes,56,Yes,Executive,,High,4.0,Yes,4
465771,Male,Yes,52,Yes,Entertainment,1.0,Average,4.0,No,1
467693,Male,Yes,61,Yes,Entertainment,7.0,High,5.0,Yes,1
466195,Male,No,19,No,Healthcare,1.0,Low,4.0,No,2
467644,Male,No,30,No,Doctor,,Low,5.0,No,2
467411,Male,Yes,52,Yes,Artist,0.0,High,2.0,Yes,1
460280,Male,Yes,39,Yes,Entertainment,0.0,Low,1.0,No,1
462906,Female,No,31,No,Healthcare,0.0,Low,4.0,No,2
465184,Female,Yes,49,No,Engineer,1.0,Average,6.0,Yes,4
467110,Male,,61,Yes,Lawyer,2.0,High,1.0,Yes,3
463979,Female,Yes,51,Yes,Homemaker,1.0,High,2.0,Yes,3
467712,Male,Yes,50,Yes,,1.0,Average,4.0,No,1
459861,Female,No,80,No,Lawyer,1.0,High,2.0,Yes,3
463290,Female,No,25,No,Healthcare,1.0,Low,5.0,No,2
463315,Male,Yes,44,Yes,Executive,1.0,High,5.0,Yes,1
467264,Male,No,21,No,Marketing,0.0,High,6.0,Yes,2
466994,Male,Yes,47,Yes,Artist,1.0,Average,2.0,No,1
460759,Male,Yes,69,No,Lawyer,1.0,Low,2.0,No,3
466191,Male,Yes,48,Yes,Executive,0.0,High,3.0,Yes,1
466457,Female,Yes,62,,Lawyer,8.0,Low,5.0,No,4
460978,Female,No,35,Yes,Healthcare,3.0,Low,6.0,No,2
463423,Male,Yes,63,No,Executive,0.0,Average,3.0,No,3
460651,Male,No,32,No,Homemaker,8.0,Low,,No,2
466176,Male,No,38,Yes,Doctor,8.0,Low,1.0,No,0
460568,Female,Yes,28,No,Homemaker,0.0,High,3.0,Yes,4
464919,Male,Yes,39,Yes,Artist,9.0,Low,1.0,No,1
460367,Male,Yes,73,Yes,Artist,1.0,Low,2.0,No,1
464952,Female,Yes,75,No,Engineer,1.0,Average,3.0,Yes,4
466134,Male,Yes,42,Yes,Doctor,0.0,High,4.0,Yes,1
464173,Male,Yes,71,Yes,Artist,6.0,Average,3.0,No,1
463545,Female,No,31,Yes,Doctor,0.0,Low,2.0,No,0
465683,Female,No,49,No,Entertainment,1.0,Low,2.0,No,0
459859,Female,Yes,28,No,Doctor,9.0,Low,1.0,No,4
463158,Male,Yes,78,Yes,Executive,0.0,High,4.0,Yes,3
465059,Male,Yes,56,Yes,Artist,0.0,Average,4.0,No,1
466963,Male,No,63,No,Entertainment,7.0,Low,1.0,No,0
459073,Female,No,26,Yes,Healthcare,0.0,Low,3.0,No,0
460821,Female,No,31,Yes,Healthcare,,Low,2.0,No,0
462929,Male,No,40,No,Homemaker,,Low,1.0,No,2
462921,Male,Yes,49,No,Artist,,Average,4.0,No,1
459312,Male,No,22,No,Healthcare,1.0,Low,4.0,No,2
462004,Female,Yes,48,Yes,Artist,,High,6.0,Yes,4
466142,Female,Yes,29,Yes,Entertainment,0.0,Average,2.0,No,4
461593,Male,Yes,40,Yes,Doctor,7.0,Average,3.0,Yes,1
465840,Female,No,42,No,Artist,0.0,Low,1.0,No,0
459484,Female,Yes,35,Yes,Entertainment,1.0,Average,2.0,No,4
464184,Female,Yes,39,No,Engineer,3.0,Average,2.0,Yes,4
465231,Male,Yes,65,No,Artist,0.0,Average,2.0,No,1
460874,Female,No,18,No,Healthcare,1.0,Low,3.0,No,2
459868,Female,Yes,49,Yes,Engineer,1.0,Average,1.0,Yes,4
460671,Male,Yes,35,No,Entertainment,8.0,Average,4.0,No,1
461150,Female,,20,No,Marketing,0.0,High,2.0,Yes,3
460531,Female,No,35,No,,0.0,Low,5.0,No,2
460102,Male,Yes,38,Yes,Artist,7.0,High,2.0,Yes,1
465480,Male,Yes,42,No,Doctor,2.0,High,2.0,Yes,1
461449,Female,No,43,Yes,Artist,6.0,High,3.0,Yes,0
459386,Female,Yes,65,No,Lawyer,0.0,High,1.0,Yes,3
462103,Female,Yes,53,No,Entertainment,9.0,High,2.0,Yes,4
459800,Female,No,37,No,Engineer,0.0,Low,1.0,No,0
466892,Male,Yes,51,Yes,Artist,1.0,Average,3.0,No,1
459491,Female,Yes,39,Yes,Artist,1.0,Average,4.0,No,4
459056,Male,Yes,53,No,Executive,,High,3.0,Yes,1
462572,Female,Yes,30,No,Engineer,1.0,Average,7.0,Yes,4
463104,Female,Yes,47,No,Lawyer,0.0,Low,1.0,No,3
465092,Male,Yes,61,Yes,Executive,1.0,High,2.0,Yes,3
460823,Male,Yes,74,Yes,Lawyer,1.0,High,2.0,Yes,3
464083,Male,Yes,68,No,Lawyer,2.0,High,3.0,Yes,3
462970,Male,No,28,No,Doctor,0.0,Average,3.0,Yes,2
460401,Female,No,27,Yes,Artist,0.0,Low,3.0,No,0
467660,Female,Yes,69,Yes,Artist,9.0,High,2.0,Yes,4
463452,Female,Yes,80,No,Lawyer,1.0,High,3.0,Yes,3
459975,Female,No,38,Yes,Artist,7.0,Low,1.0,No,0
464968,Male,No,43,No,Executive,0.0,Low,5.0,No,2
464695,Male,No,26,No,Engineer,0.0,Low,4.0,No,2
462956,Male,Yes,42,No,Artist,7.0,Average,5.0,No,1
462376,Male,Yes,66,Yes,Executive,0.0,High,3.0,Yes,3
460060,Male,Yes,32,No,Engineer,6.0,Average,1.0,Yes,1
466510,Male,No,51,Yes,Artist,6.0,Low,1.0,No,0
467131,Male,Yes,50,Yes,Artist,0.0,Low,2.0,No,1
460449,Male,No,31,No,Marketing,4.0,Low,1.0,No,2
467078,Female,Yes,30,No,Healthcare,,High,2.0,Yes,4
466220,Male,No,42,Yes,Doctor,8.0,Low,1.0,No,0
465040,Male,Yes,67,No,Lawyer,1.0,Average,2.0,Yes,3
465100,Female,Yes,53,Yes,Artist,1.0,High,3.0,Yes,4
465132,Female,No,41,Yes,Artist,0.0,Low,1.0,No,0
460935,Male,Yes,87,Yes,Lawyer,0.0,Low,1.0,No,3
465289,Male,Yes,25,Yes,Executive,1.0,High,2.0,Yes,1
465048,Male,Yes,63,Yes,Artist,1.0,Average,3.0,No,1
464607,Female,Yes,49,Yes,Artist,0.0,Average,4.0,No,4
461994,Male,Yes,18,No,Doctor,10.0,Low,2.0,No,1
461633,Male,No,30,Yes,Healthcare,8.0,Low,4.0,No,0
461259,Male,No,59,Yes,Entertainment,0.0,Low,1.0,No,0
465349,Female,Yes,54,Yes,Artist,1.0,High,5.0,Yes,4
465356,Female,,50,No,Artist,1.0,High,4.0,Yes,4
462024,Male,No,33,Yes,Entertainment,1.0,Low,8.0,No,2
464865,Female,No,30,No,Homemaker,8.0,Low,9.0,No,2
461102,Male,Yes,43,No,Entertainment,0.0,Average,3.0,No,1
460852,Male,Yes,74,No,Executive,0.0,Low,,No,3
463426,Male,Yes,34,No,Executive,0.0,High,6.0,Yes,1
464490,Male,Yes,80,No,Artist,0.0,High,4.0,Yes,1
462240,Male,Yes,80,No,Lawyer,2.0,High,3.0,Yes,3
461128,Male,No,20,No,Healthcare,7.0,Low,3.0,No,2
459237,Male,No,29,Yes,Artist,1.0,Low,6.0,No,2
464296,Male,No,43,Yes,Doctor,1.0,Low,4.0,No,0
466120,Female,Yes,37,No,Marketing,0.0,Low,4.0,No,2
459278,Female,Yes,67,No,Executive,,High,3.0,Yes,3
465040,Male,No,65,No,Lawyer,0.0,Average,1.0,Yes,3
464320,Male,No,70,No,Lawyer,2.0,High,3.0,Yes,3
466952,Male,Yes,60,Yes,Artist,0.0,Average,2.0,No,1
463516,Male,Yes,48,No,Executive,0.0,High,6.0,Yes,1
465749,Male,Yes,37,No,Engineer,0.0,Average,2.0,Yes,1
462421,Male,No,53,Yes,Artist,0.0,Low,2.0,No,0
462141,Female,No,39,Yes,Artist,9.0,Low,1.0,No,0
463782,Female,No,29,Yes,Artist,8.0,Low,1.0,No,0
462751,Male,No,31,No,Healthcare,3.0,Low,9.0,No,2
465082,Male,Yes,67,Yes,Lawyer,0.0,Low,1.0,No,3
467382,Male,Yes,38,Yes,Doctor,7.0,Average,1.0,Yes,1
461782,Female,Yes,42,Yes,Artist,,High,6.0,Yes,4
467483,Male,Yes,55,Yes,Executive,0.0,High,9.0,Yes,1
460475,Male,Yes,34,Yes,Doctor,0.0,Average,2.0,Yes,1
466504,Male,Yes,40,No,Executive,7.0,High,5.0,Yes,1
464990,Male,Yes,73,No,Executive,1.0,High,1.0,Yes,3
461860,Male,Yes,80,Yes,Lawyer,3.0,High,3.0,Yes,3
463718,Female,No,27,Yes,Artist,1.0,Low,4.0,No,0
464675,Female,Yes,46,Yes,Doctor,2.0,Average,10.0,Yes,4
467072,Male,Yes,68,No,Executive,1.0,High,4.0,Yes,3
463842,Female,Yes,48,Yes,Engineer,0.0,High,4.0,Yes,4
464330,Male,No,38,Yes,Artist,,Low,2.0,No,0
462984,Female,Yes,65,Yes,Artist,0.0,High,3.0,Yes,4
462323,Female,Yes,67,Yes,Doctor,0.0,Average,1.0,Yes,4
465740,Female,No,68,Yes,Doctor,1.0,Low,1.0,No,0
462631,Female,Yes,35,Yes,Engineer,0.0,High,3.0,Yes,4
462023,Female,Yes,46,No,Engineer,8.0,Low,1.0,No,4
466292,Female,Yes,82,No,Lawyer,1.0,High,2.0,Yes,3
459413,Female,Yes,80,Yes,Artist,,High,3.0,Yes,4
459304,Female,Yes,43,Yes,Artist,8.0,Average,2.0,No,4
463136,Female,Yes,33,Yes,Artist,2.0,High,3.0,Yes,4
462374,Male,No,38,Yes,Executive,0.0,High,3.0,Yes,1
463364,Female,Yes,76,No,Lawyer,3.0,High,3.0,Yes,3
467279,Female,No,25,Yes,Entertainment,8.0,Low,3.0,No,0
461679,Male,No,28,Yes,Healthcare,4.0,Low,4.0,No,2
460654,Female,Yes,48,No,Marketing,0.0,Average,2.0,No,3
462059,Male,No,47,Yes,Artist,1.0,Low,1.0,No,0
464745,Male,,63,No,Engineer,2.0,Average,2.0,Yes,1
465628,Male,Yes,49,Yes,Artist,2.0,Low,2.0,No,1
462511,Female,Yes,66,Yes,Lawyer,1.0,High,2.0,Yes,3
465044,Female,Yes,52,Yes,Engineer,0.0,Average,5.0,Yes,4
464570,Male,No,33,Yes,Doctor,1.0,Average,1.0,Yes,0
463107,Male,Yes,86,Yes,Lawyer,,Low,2.0,No,3
463414,Male,Yes,23,Yes,Executive,0.0,High,3.0,Yes,1
467806,Male,Yes,62,Yes,Artist,0.0,High,3.0,Yes,1
461922,Male,Yes,66,Yes,Lawyer,0.0,High,3.0,Yes,3
460314,Female,No,39,No,Healthcare,4.0,Low,3.0,No,2
467673,Male,Yes,46,No,Executive,0.0,High,5.0,Yes,1
467495,Male,No,69,No,Artist,4.0,High,2.0,Yes,1
466417,Female,Yes,74,No,Lawyer,1.0,High,4.0,Yes,3
467746,Male,Yes,54,Yes,Executive,0.0,High,3.0,Yes,1
465085,Male,Yes,80,Yes,Lawyer,,High,3.0,Yes,3
462675,Male,Yes,56,Yes,Artist,,Low,4.0,No,1
466753,Female,Yes,70,Yes,Artist,1.0,Average,2.0,No,4
461843,Female,Yes,46,Yes,Artist,0.0,High,3.0,Yes,4
464235,Female,Yes,54,No,Engineer,,Average,3.0,Yes,4
462154,Male,Yes,36,Yes,Entertainment,0.0,Average,2.0,No,1
466539,Female,Yes,80,No,Lawyer,2.0,High,1.0,Yes,3
467710,Female,No,37,Yes,Artist,9.0,Low,4.0,No,0
462165,Male,Yes,71,No,Lawyer,4.0,High,2.0,Yes,3
461613,Female,No,25,Yes,Healthcare,8.0,Low,4.0,No,0
461038,Male,Yes,49,Yes,Engineer,3.0,High,5.0,Yes,1
465593,Male,Yes,56,No,Lawyer,0.0,High,2.0,Yes,3
462037,Female,Yes,61,No,Engineer,1.0,High,3.0,Yes,4
466495,Male,No,80,Yes,Lawyer,1.0,High,3.0,Yes,3
459948,Female,No,62,Yes,Engineer,0.0,Low,1.0,No,0
467187,Male,Yes,44,No,Engineer,0.0,Average,2.0,Yes,1
467150,Female,No,41,Yes,Artist,8.0,Low,3.0,No,0
462262,Male,No,27,No,Healthcare,1.0,Low,3.0,No,2
463017,Female,Yes,80,No,Lawyer,2.0,High,3.0,Yes,3
461598,Female,No,27,Yes,Artist,8.0,Low,1.0,No,0
462118,Male,No,30,Yes,Artist,1.0,Low,3.0,No,0
463253,Male,Yes,66,Yes,Doctor,0.0,Average,5.0,Yes,1
459305,Male,Yes,30,No,Healthcare,14.0,High,1.0,Yes,1
460012,Female,Yes,48,Yes,Artist,0.0,High,3.0,Yes,4
465070,Female,Yes,48,Yes,Marketing,6.0,Low,1.0,No,3
467458,Female,No,28,Yes,Entertainment,0.0,Low,2.0,No,0
461857,Male,No,33,No,Entertainment,,Low,3.0,No,2
462668,Female,No,41,Yes,Artist,2.0,Low,1.0,No,0
462221,Male,No,33,No,Healthcare,0.0,Low,7.0,No,2
462806,Male,Yes,52,No,Artist,0.0,Low,3.0,No,1
459779,Female,Yes,62,Yes,Entertainment,1.0,Low,1.0,No,4
459229,Male,Yes,65,Yes,Lawyer,0.0,Average,5.0,Yes,3
466364,Female,Yes,52,Yes,Artist,1.0,Low,3.0,No,4
464929,Male,Yes,69,No,Doctor,0.0,Average,3.0,Yes,1
466087,Female,,27,No,Healthcare,7.0,High,5.0,Yes,4
465461,Male,Yes,72,No,Entertainment,1.0,Average,3.0,No,1
459130,Female,Yes,70,No,Lawyer,1.0,High,1.0,Yes,3
461115,Female,Yes,32,No,Engineer,5.0,Low,3.0,No,4
464904,Female,Yes,33,No,Engineer,8.0,Average,3.0,Yes,4
463503,Male,Yes,33,Yes,Entertainment,1.0,Low,2.0,No,1
461614,Female,No,25,,Healthcare,1.0,Low,1.0,No,0
461296,Male,Yes,80,Yes,Lawyer,0.0,High,1.0,Yes,3
465305,Male,Yes,66,No,Executive,1.0,Low,2.0,No,1
459870,Male,Yes,49,No,Executive,11.0,High,4.0,Yes,1
460976,Male,No,20,No,Healthcare,1.0,Low,4.0,No,2
462531,Female,Yes,64,No,Homemaker,,High,3.0,Yes,3
463404,Male,Yes,33,No,Doctor,,High,1.0,Yes,1
463426,Male,Yes,38,No,Executive,0.0,High,5.0,Yes,1
463095,Female,Yes,37,Yes,Homemaker,,High,3.0,Yes,4
463737,Male,No,28,Yes,Healthcare,7.0,Low,4.0,No,0
465893,Female,Yes,42,Yes,Engineer,0.0,Average,2.0,Yes,4
464334,Female,No,33,Yes,Healthcare,1.0,Low,3.0,No,0
463538,Male,Yes,65,No,Executive,0.0,High,3.0,Yes,3
465067,Male,Yes,62,Yes,Executive,8.0,High,2.0,Yes,1
462907,Male,No,29,No,Healthcare,2.0,Low,5.0,No,2
463396,Female,No,25,No,Doctor,3.0,Low,4.0,No,2
467920,Female,No,40,No,Engineer,8.0,Low,1.0,No,0
467237,Male,Yes,80,Yes,Lawyer,1.0,High,1.0,Yes,3
464797,Female,No,34,No,Engineer,11.0,Average,4.0,Yes,2
462859,Male,Yes,49,Yes,Entertainment,1.0,Average,2.0,No,1
465803,Male,Yes,42,,,3.0,High,5.0,Yes,1
461898,Male,Yes,56,Yes,Executive,5.0,High,3.0,Yes,1
465724,Male,No,35,Yes,Artist,9.0,Low,2.0,No,0
467551,Female,Yes,89,No,Lawyer,0.0,High,2.0,Yes,3
463519,Female,Yes,58,Yes,Artist,0.0,Average,2.0,No,4
464993,Male,Yes,57,No,Executive,4.0,High,4.0,Yes,1
467010,Male,No,26,No,Homemaker,9.0,Low,,No,2
462446,Male,No,22,No,Healthcare,0.0,Low,4.0,No,2
462643,Female,Yes,38,Yes,Engineer,,Average,3.0,Yes,4
467696,Male,Yes,80,Yes,Lawyer,,High,4.0,Yes,3
465940,Female,No,53,Yes,Artist,0.0,Low,2.0,No,0
460076,Female,No,49,Yes,,0.0,Low,2.0,No,0
459427,Female,Yes,28,Yes,Healthcare,,Low,2.0,No,4
465409,Female,No,31,No,Doctor,,Low,4.0,No,2
464095,Female,Yes,31,Yes,Engineer,1.0,Low,2.0,No,4
462876,Male,No,27,No,Doctor,0.0,Low,4.0,No,2
463127,Male,Yes,80,No,Executive,,High,1.0,Yes,3
463796,Female,No,33,No,Engineer,1.0,Low,3.0,No,2
460760,Male,Yes,55,No,Artist,0.0,High,4.0,Yes,1
463381,Male,Yes,36,Yes,Doctor,8.0,Average,4.0,Yes,1
466387,Male,Yes,37,Yes,Entertainment,8.0,Average,2.0,No,1
459406,Female,Yes,77,No,Executive,0.0,High,1.0,Yes,3
466297,Female,No,21,No,Healthcare,1.0,Low,4.0,No,2
459098,Male,Yes,42,Yes,Entertainment,,Low,3.0,No,1
460667,Female,No,38,No,Homemaker,8.0,Low,,No,2
464813,Male,Yes,42,Yes,Engineer,4.0,Average,6.0,Yes,1
459812,Female,No,43,Yes,Engineer,0.0,Low,1.0,No,0
465299,Male,Yes,59,No,Executive,,High,3.0,Yes,3
466504,Male,Yes,38,No,Executive,9.0,High,5.0,Yes,1
463294,Female,Yes,35,Yes,Engineer,5.0,Low,2.0,No,4
465596,Male,,41,Yes,Healthcare,7.0,High,2.0,Yes,1
466196,Female,Yes,78,Yes,Lawyer,6.0,Low,1.0,No,3
462959,Female,Yes,56,Yes,Engineer,2.0,High,2.0,Yes,4
464094,Male,Yes,49,Yes,Executive,1.0,High,4.0,Yes,1
465856,Male,Yes,43,Yes,Artist,10.0,High,1.0,Yes,1
466022,Female,No,68,No,Engineer,,High,2.0,Yes,4
462785,Female,Yes,40,Yes,Engineer,,Average,5.0,Yes,4
460823,Female,Yes,75,Yes,Lawyer,1.0,High,2.0,Yes,3
462706,Male,Yes,45,Yes,Artist,0.0,Low,1.0,No,1
463538,Male,Yes,63,No,Executive,0.0,High,3.0,Yes,3
460923,Male,Yes,49,Yes,Artist,1.0,Average,3.0,No,1
463021,Female,No,74,No,Lawyer,0.0,High,2.0,Yes,3
464071,Male,Yes,80,Yes,Lawyer,0.0,High,2.0,Yes,3
461485,Male,Yes,62,No,Engineer,2.0,Average,2.0,Yes,1
460194,Female,No,23,No,Entertainment,0.0,Low,2.0,No,2
459208,Female,No,63,Yes,Artist,3.0,High,2.0,Yes,4
465203,Male,No,32,Yes,Healthcare,2.0,Low,3.0,No,0
464990,Male,Yes,70,No,Executive,1.0,High,1.0,Yes,3
459452,Male,Yes,40,Yes,Artist,9.0,Low,2.0,No,1
464491,Female,No,43,No,Doctor,8.0,Low,1.0,No,0
459212,Female,Yes,68,Yes,Artist,1.0,Average,2.0,No,4
466715,Male,Yes,72,Yes,Executive,0.0,High,3.0,Yes,3
461760,Male,Yes,80,Yes,Artist,2.0,High,1.0,Yes,1
462323,Female,Yes,69,Yes,Doctor,1.0,Average,2.0,Yes,4
459309,Female,Yes,36,Yes,Artist,8.0,High,3.0,Yes,4
462351,Male,Yes,74,No,Lawyer,2.0,High,2.0,Yes,3
460985,Female,Yes,61,Yes,Engineer,0.0,Average,2.0,Yes,4
462725,Male,Yes,73,Yes,Lawyer,0.0,High,1.0,Yes,3
467770,Female,No,53,Yes,Artist,11.0,High,3.0,Yes,4
459004,Female,Yes,54,Yes,Artist,1.0,High,5.0,Yes,4
459796,Male,Yes,66,Yes,Artist,,Average,3.0,No,1
461031,Male,Yes,59,No,Executive,1.0,High,2.0,Yes,3
459595,Female,Yes,40,Yes,Artist,6.0,High,6.0,Yes,4
459668,Male,Yes,32,No,,5.0,Average,3.0,No,1
467175,Male,Yes,77,Yes,Lawyer,0.0,Low,1.0,No,3
463938,Male,,28,Yes,Engineer,1.0,Low,2.0,No,1
467636,Male,Yes,41,Yes,Doctor,2.0,Average,3.0,Yes,1
460173,Female,Yes,40,Yes,Artist,1.0,Low,3.0,No,4
462126,Male,Yes,20,No,Healthcare,1.0,Average,4.0,No,1
460430,Male,No,32,No,Doctor,12.0,Low,4.0,No,2
460635,Male,Yes,34,No,Healthcare,,High,2.0,Yes,1
465195,Male,Yes,53,Yes,Executive,1.0,High,3.0,Yes,1
462060,Female,Yes,46,Yes,Artist,1.0,Average,2.0,No,4
459714,Male,No,22,No,Doctor,2.0,Low,4.0,No,2
460655,Male,No,19,Yes,Marketing,,Low,4.0,No,2
460388,Female,No,35,Yes,Artist,13.0,Low,2.0,No,0
462572,Female,Yes,31,Yes,Engineer,3.0,Average,7.0,Yes,4
460150,Male,No,19,No,Healthcare,0.0,Low,4.0,No,2
464473,Female,Yes,60,Yes,Artist,0.0,Average,4.0,No,4
459485,Female,Yes,80,Yes,Lawyer,,High,1.0,Yes,3
463022,Male,Yes,55,Yes,Executive,6.0,High,4.0,Yes,1
467515,Male,Yes,28,Yes,Engineer,0.0,Average,2.0,Yes,1
464766,Female,No,55,No,Engineer,6.0,Average,6.0,Yes,2
464227,Male,Yes,89,Yes,Lawyer,0.0,High,2.0,Yes,3
462824,Male,Yes,38,No,Engineer,0.0,Average,3.0,Yes,1
467083,Female,Yes,88,Yes,Lawyer,1.0,High,2.0,Yes,3
461050,Male,Yes,51,Yes,,0.0,High,4.0,Yes,1
467801,Female,Yes,50,Yes,Doctor,0.0,Average,2.0,Yes,4
463322,Female,Yes,71,Yes,Lawyer,1.0,High,4.0,Yes,3
462171,Male,No,32,No,Engineer,3.0,High,3.0,Yes,2
460139,Male,No,26,No,Artist,6.0,Low,6.0,No,2
466336,Male,,23,No,Healthcare,3.0,Low,4.0,No,2
461845,Female,Yes,46,Yes,Doctor,3.0,Average,4.0,Yes,4
467821,Female,Yes,37,Yes,Artist,1.0,Low,2.0,No,4
467380,Female,Yes,56,Yes,Artist,0.0,Average,4.0,No,4
466145,Male,Yes,56,No,Entertainment,1.0,Average,3.0,No,1
459431,Male,Yes,68,No,Artist,0.0,Low,2.0,No,1
463216,Male,No,30,Yes,Artist,8.0,Low,1.0,No,0
461287,Female,Yes,47,No,Executive,0.0,High,5.0,Yes,4
463506,Female,Yes,35,Yes,Artist,2.0,Average,2.0,No,4
462407,Female,No,39,Yes,Doctor,4.0,Average,3.0,Yes,0
466721,Male,No,41,Yes,Doctor,6.0,Average,1.0,Yes,0
460090,Male,No,80,No,Lawyer,1.0,Average,2.0,Yes,3
463144,Male,Yes,45,Yes,Executive,1.0,High,3.0,Yes,1
465493,Female,No,26,No,Artist,0.0,Low,3.0,No,2
461341,Female,Yes,34,Yes,Artist,0.0,High,3.0,Yes,4
460379,Male,No,35,Yes,Artist,9.0,Low,3.0,No,0
461695,Female,Yes,45,Yes,Artist,3.0,Average,2.0,No,4
466655,Male,Yes,57,No,Executive,1.0,Low,2.0,No,1
462769,Female,Yes,43,No,Homemaker,7.0,High,4.0,Yes,4
465580,Male,Yes,39,No,Executive,6.0,Average,2.0,No,1
462500,Male,Yes,44,Yes,Doctor,0.0,Average,3.0,Yes,1
467835,Male,Yes,58,No,Artist,9.0,Low,2.0,No,1
466436,Male,Yes,41,No,Doctor,2.0,Average,4.0,Yes,1
463408,Male,No,33,No,Marketing,2.0,Low,3.0,No,2
461819,Male,Yes,42,Yes,Artist,0.0,Average,2.0,No,1
467420,Male,No,53,Yes,Executive,1.0,High,3.0,Yes,1
464771,Female,Yes,47,No,Engineer,8.0,Average,5.0,Yes,4
467021,Female,Yes,77,No,Lawyer,2.0,High,1.0,Yes,3
463404,Male,Yes,29,No,Doctor,,High,2.0,Yes,1
465350,Female,No,35,Yes,Artist,0.0,Low,3.0,No,0
459954,Male,Yes,27,Yes,Healthcare,8.0,Low,2.0,No,1
462856,Female,No,28,Yes,Engineer,0.0,Low,3.0,No,0
466764,Male,Yes,65,Yes,Lawyer,11.0,High,2.0,Yes,3
460344,Female,Yes,52,Yes,Artist,14.0,Average,2.0,No,4
467584,Male,Yes,54,No,Doctor,0.0,Average,5.0,Yes,1
459079,Male,Yes,84,Yes,Lawyer,,High,2.0,Yes,3
459278,Male,No,69,No,Executive,,High,2.0,Yes,3
463292,Male,Yes,37,No,Executive,0.0,High,4.0,Yes,1
462065,Female,No,43,Yes,Homemaker,14.0,Low,1.0,No,0
463341,Female,Yes,48,No,Engineer,1.0,Average,6.0,Yes,4
466110,Male,Yes,77,Yes,Lawyer,0.0,Low,1.0,No,3
463842,Female,No,45,Yes,Engineer,0.0,High,3.0,Yes,4
467047,Female,No,37,No,Homemaker,9.0,Low,1.0,No,0
462740,Male,Yes,63,Yes,Artist,6.0,Low,1.0,No,1
462693,Female,No,35,Yes,Artist,1.0,Low,1.0,No,0
459507,Female,Yes,69,No,Lawyer,,High,2.0,Yes,3
466267,Male,Yes,26,Yes,Entertainment,0.0,Average,3.0,No,1
465631,Male,No,35,Yes,Artist,9.0,Low,1.0,No,0
463963,Female,Yes,38,No,Engineer,6.0,High,3.0,Yes,4
466844,Male,No,18,No,Healthcare,0.0,Low,5.0,No,2
460175,Female,No,28,No,Artist,0.0,Low,5.0,No,2
461006,Male,,22,No,Healthcare,1.0,High,,Yes,1
462367,Male,Yes,56,Yes,Artist,1.0,Average,3.0,No,1
465450,Female,No,26,Yes,Healthcare,0.0,Low,3.0,No,0
464557,Male,No,27,No,Artist,8.0,Low,4.0,No,2
463136,Male,Yes,30,No,Artist,1.0,High,3.0,Yes,1
459314,Male,Yes,46,Yes,Artist,,Average,4.0,No,1
462588,Male,Yes,41,No,Entertainment,12.0,Average,3.0,No,1
466403,Female,Yes,50,No,Engineer,1.0,Average,4.0,Yes,4
465102,Male,Yes,56,Yes,Lawyer,0.0,High,2.0,Yes,3
466124,Female,No,47,Yes,Artist,0.0,Low,1.0,No,0
461489,Female,Yes,70,Yes,Lawyer,1.0,High,2.0,Yes,3
461974,Female,Yes,47,Yes,Artist,0.0,Low,1.0,No,4
461287,Male,Yes,42,Yes,Executive,1.0,High,5.0,Yes,1
467420,Male,Yes,54,Yes,Executive,0.0,High,3.0,Yes,1
459053,Male,Yes,44,Yes,Executive,0.0,High,4.0,Yes,1
465721,Male,Yes,21,Yes,Entertainment,0.0,High,1.0,Yes,1
464175,Female,No,30,No,Healthcare,0.0,Low,,No,2
461425,Male,Yes,52,Yes,Artist,,Low,4.0,No,1
465221,Female,Yes,80,Yes,Artist,0.0,High,1.0,Yes,4
465730,Male,Yes,40,Yes,Executive,8.0,High,3.0,Yes,1
465108,Male,Yes,61,Yes,Doctor,3.0,Average,1.0,Yes,1
461207,Female,No,60,Yes,Artist,6.0,Low,1.0,No,0
459054,Female,Yes,38,Yes,Executive,9.0,High,4.0,Yes,4
461972,Male,Yes,40,No,,,Average,5.0,No,1
464726,Male,Yes,36,Yes,Executive,9.0,High,8.0,Yes,1
466911,Male,Yes,68,No,Executive,1.0,High,7.0,Yes,1
465782,Female,No,21,No,Healthcare,5.0,Low,5.0,No,2
463049,Male,Yes,49,No,Executive,3.0,High,4.0,Yes,1
465533,Female,Yes,50,Yes,Entertainment,0.0,Average,4.0,No,4
464813,Male,Yes,44,Yes,Engineer,6.0,Average,5.0,Yes,1
466560,Male,Yes,40,No,Executive,0.0,Average,4.0,No,1
459777,Male,Yes,35,No,Artist,9.0,Low,3.0,No,1
466330,Male,No,29,No,Doctor,0.0,Low,3.0,No,2
460878,Male,Yes,47,No,Entertainment,0.0,Average,4.0,No,1
464498,Male,Yes,45,Yes,Artist,,Average,3.0,No,1
462219,Male,Yes,59,No,Executive,0.0,Low,5.0,No,1
463816,Male,Yes,58,Yes,Healthcare,2.0,High,4.0,Yes,1
467847,Male,Yes,38,Yes,Artist,9.0,High,2.0,Yes,1
463917,Female,No,22,No,Healthcare,1.0,Low,8.0,No,2
461817,Female,No,25,No,Doctor,1.0,Low,3.0,No,2
467791,Male,No,21,No,Doctor,0.0,Low,5.0,No,2
460735,Male,Yes,35,Yes,Engineer,1.0,Average,4.0,Yes,1
466361,Female,Yes,69,Yes,Lawyer,0.0,High,3.0,Yes,3
459727,Male,Yes,83,No,Lawyer,,High,2.0,Yes,3
459307,Male,Yes,62,Yes,Entertainment,0.0,Low,1.0,No,1
466900,Female,Yes,46,Yes,Artist,9.0,Average,4.0,No,4
459737,Female,No,76,Yes,Lawyer,10.0,High,3.0,Yes,3
461365,Male,No,27,No,Healthcare,1.0,Low,3.0,No,2
459571,Female,Yes,56,Yes,Executive,0.0,High,5.0,Yes,4
466839,Female,No,26,No,Homemaker,8.0,Low,2.0,No,2
466632,Female,Yes,57,Yes,Artist,1.0,High,2.0,Yes,4
466652,Female,Yes,61,Yes,Doctor,1.0,Average,2.0,Yes,4
459180,Male,Yes,64,Yes,Executive,1.0,High,2.0,Yes,3
459114,Male,Yes,57,Yes,Artist,1.0,Average,2.0,No,1
465292,Female,No,42,Yes,Doctor,0.0,Low,3.0,No,0
467237,Male,Yes,80,No,Lawyer,2.0,High,1.0,Yes,3
462570,Female,No,29,No,Homemaker,1.0,Low,6.0,No,2
460832,Female,Yes,41,No,Healthcare,1.0,Average,4.0,No,4
460538,Male,,18,No,Healthcare,0.0,High,2.0,Yes,1
463426,Male,Yes,35,No,Executive,0.0,High,5.0,Yes,1
464291,Female,Yes,79,Yes,Artist,0.0,High,1.0,Yes,4
463355,Female,Yes,51,Yes,Artist,6.0,Average,3.0,No,4
461507,Male,Yes,35,Yes,Entertainment,0.0,Low,2.0,No,1
461273,Male,Yes,75,Yes,Entertainment,0.0,High,5.0,Yes,1
461734,Female,Yes,80,Yes,,,High,3.0,Yes,4
464766,Female,Yes,51,No,Engineer,7.0,Average,5.0,Yes,4
463792,Female,No,38,No,Engineer,,Low,1.0,No,0
465944,Female,Yes,41,No,Engineer,3.0,High,3.0,Yes,4
460088,Female,Yes,36,No,Homemaker,,High,1.0,Yes,3
462355,Male,Yes,61,No,Entertainment,1.0,Low,,No,1
459977,Female,No,41,Yes,Artist,4.0,Low,1.0,No,0
461034,Female,No,23,No,Marketing,2.0,Low,6.0,No,2
463805,Female,No,32,No,Doctor,8.0,Low,6.0,No,2
467714,Male,Yes,89,Yes,Lawyer,13.0,Low,1.0,No,3
462867,Male,Yes,28,No,Artist,1.0,Low,2.0,No,1
467768,Male,Yes,59,Yes,Doctor,0.0,Average,1.0,Yes,1
467327,Male,Yes,52,Yes,Artist,3.0,Average,4.0,No,1
459018,Male,Yes,80,No,Executive,0.0,High,3.0,Yes,3
460248,Female,No,33,Yes,Healthcare,7.0,Low,2.0,No,0
461597,Female,Yes,41,Yes,Doctor,3.0,Average,3.0,Yes,4
460713,Male,Yes,45,Yes,Doctor,0.0,Average,3.0,Yes,1
461212,Female,No,30,No,Homemaker,10.0,Low,6.0,No,2
461754,Male,Yes,65,No,Entertainment,1.0,High,2.0,Yes,3
463493,Female,No,38,No,Executive,,High,3.0,Yes,2
463049,Male,Yes,51,No,Executive,2.0,High,5.0,Yes,1
463237,Male,No,20,No,Healthcare,1.0,Low,5.0,No,2
463615,Female,Yes,58,Yes,Artist,,Average,2.0,No,4
459089,Male,No,19,No,Artist,9.0,Low,7.0,No,2
463931,Male,Yes,52,Yes,Entertainment,0.0,Average,2.0,No,1
459637,Female,No,33,No,Engineer,,Low,4.0,No,2
467717,Female,Yes,63,No,Engineer,0.0,High,6.0,Yes,4
459220,Female,Yes,77,Yes,Lawyer,1.0,High,2.0,Yes,3
461334,Female,Yes,58,Yes,Artist,1.0,High,1.0,Yes,4
467566,Male,Yes,51,No,Executive,,High,3.0,Yes,1
465610,Female,No,42,Yes,Artist,8.0,Low,2.0,No,0
463760,Female,No,27,No,Doctor,1.0,Low,,No,2
463799,Female,No,41,Yes,Artist,0.0,Low,4.0,No,0
466384,Male,Yes,70,Yes,Engineer,1.0,High,1.0,Yes,1
467562,Male,Yes,70,Yes,Executive,1.0,High,2.0,Yes,3
466284,Male,Yes,46,Yes,Artist,1.0,Average,5.0,No,1
459260,Male,Yes,37,Yes,Artist,0.0,Average,4.0,No,1
461677,Male,No,32,Yes,Healthcare,8.0,Low,,No,0
464320,Male,Yes,74,No,Lawyer,0.0,High,2.0,Yes,3
465324,Male,Yes,41,Yes,Artist,8.0,Low,2.0,No,1
465983,Male,,19,No,Healthcare,0.0,Low,3.0,No,2
460491,Female,No,22,No,Healthcare,1.0,Low,7.0,No,2
462311,Male,Yes,55,No,Executive,,High,9.0,Yes,1
466969,Female,No,43,Yes,Homemaker,9.0,Low,1.0,No,0
459297,Female,Yes,74,Yes,Executive,1.0,High,5.0,Yes,3
459398,Female,No,63,No,Lawyer,,High,3.0,Yes,3
462244,Male,Yes,83,No,Executive,1.0,High,3.0,Yes,3
463019,Male,Yes,45,Yes,Executive,0.0,High,4.0,Yes,1
467028,Male,No,27,Yes,Artist,0.0,Low,1.0,No,0
461734,Female,Yes,81,No,,,High,2.0,Yes,4
462727,Female,Yes,81,No,Lawyer,0.0,High,2.0,Yes,3
466485,Male,Yes,41,Yes,Executive,7.0,High,1.0,Yes,1
460728,Female,,39,Yes,Artist,0.0,Low,1.0,No,4
462226,Male,Yes,26,No,Artist,7.0,Low,4.0,No,1
462516,Female,No,28,No,Engineer,,Low,3.0,No,2
466711,Male,Yes,71,No,Executive,1.0,High,3.0,Yes,3
460247,Female,No,25,No,Doctor,8.0,Low,,No,0
459410,Male,No,80,Yes,Lawyer,3.0,High,1.0,Yes,3
461702,Female,Yes,53,Yes,Engineer,8.0,High,4.0,Yes,4
463360,Female,Yes,50,Yes,Artist,4.0,Low,1.0,No,4
462332,Female,Yes,37,Yes,Artist,1.0,High,2.0,Yes,4
466446,Female,Yes,46,Yes,Artist,2.0,High,4.0,Yes,4
461506,Male,No,27,No,Doctor,1.0,Low,3.0,No,2
466020,Male,Yes,83,No,Lawyer,0.0,Low,1.0,No,3
459236,Female,Yes,80,No,Lawyer,1.0,High,3.0,Yes,3
464488,Female,No,40,Yes,Artist,5.0,Low,9.0,No,2
467840,Female,,22,No,Healthcare,0.0,Low,6.0,No,2
465416,Male,Yes,51,No,Engineer,1.0,High,3.0,Yes,1
460833,Male,Yes,30,Yes,Healthcare,0.0,Low,2.0,No,1
467906,Female,No,33,No,Healthcare,0.0,Low,5.0,No,2
460975,Male,Yes,80,Yes,Lawyer,1.0,High,2.0,Yes,3
466127,Male,Yes,54,Yes,Doctor,0.0,Average,4.0,Yes,1
467255,Female,No,40,Yes,Healthcare,6.0,Low,2.0,No,0
464791,Male,Yes,42,No,Marketing,0.0,High,6.0,Yes,3
466117,Male,Yes,62,Yes,Artist,1.0,Average,2.0,No,1
464759,Female,No,38,No,Engineer,8.0,Low,1.0,No,0
459792,Male,Yes,42,Yes,Artist,6.0,Low,3.0,No,1
462619,Male,,61,No,,0.0,High,,Yes,1
466075,Female,Yes,51,Yes,Engineer,2.0,Average,5.0,Yes,4
460579,Female,Yes,42,No,Engineer,0.0,Average,5.0,Yes,4
461821,Female,No,28,No,Doctor,0.0,Low,4.0,No,2
467494,Male,No,78,Yes,Lawyer,0.0,High,,Yes,3
460342,Female,No,29,Yes,Engineer,10.0,Low,1.0,No,0
463830,Female,No,30,Yes,Engineer,3.0,Low,3.0,No,0
461952,Female,Yes,18,No,Artist,,High,1.0,Yes,4
461260,Male,No,20,No,Marketing,1.0,Low,3.0,No,2
459254,Male,Yes,57,Yes,Doctor,,Low,1.0,No,1
459669,Male,Yes,30,Yes,Artist,0.0,Average,2.0,No,1
459881,Male,No,25,Yes,Healthcare,8.0,Low,4.0,No,0
463127,Female,Yes,80,No,Executive,,High,2.0,Yes,3
463175,Female,,40,No,Engineer,1.0,Low,4.0,No,4
462365,Male,Yes,75,Yes,Lawyer,0.0,High,2.0,Yes,3
466919,Male,No,19,No,Doctor,,Low,5.0,No,2
465884,Male,Yes,42,Yes,Executive,7.0,High,2.0,Yes,1
466905,Male,Yes,62,Yes,Artist,0.0,Low,1.0,No,1
465235,Male,Yes,47,Yes,Healthcare,1.0,High,2.0,Yes,1
467480,Male,Yes,35,Yes,Artist,,Average,,No,1
464431,Male,,72,Yes,Executive,1.0,High,4.0,Yes,3
463845,Male,Yes,58,Yes,Artist,,Average,1.0,No,1
459064,Male,Yes,31,No,Executive,5.0,High,3.0,Yes,1
464777,Female,Yes,57,No,Engineer,6.0,Average,3.0,Yes,4
459886,Male,Yes,26,No,Artist,1.0,Low,4.0,No,1
459274,Female,Yes,82,Yes,Lawyer,0.0,High,2.0,Yes,3
464923,Male,Yes,52,No,Executive,7.0,High,2.0,Yes,1
459826,Female,No,31,No,,,Low,1.0,No,0
464612,Male,No,32,Yes,Doctor,1.0,Low,2.0,No,0
466912,Male,Yes,68,Yes,Engineer,0.0,Low,1.0,No,1
463099,Male,Yes,85,Yes,Lawyer,,Low,1.0,No,3
460881,Male,Yes,72,Yes,Lawyer,1.0,Low,,No,3
461442,Male,Yes,47,Yes,Artist,1.0,Average,6.0,No,1
463628,Female,No,30,Yes,Artist,9.0,Low,1.0,No,0
462756,Female,No,23,No,Engineer,1.0,Low,4.0,No,2
459142,Female,Yes,80,Yes,Artist,0.0,High,2.0,Yes,4
467702,Male,Yes,72,Yes,Artist,6.0,Low,1.0,No,1
459139,Female,Yes,53,Yes,Artist,1.0,Average,2.0,No,4
460555,Male,Yes,46,Yes,Homemaker,6.0,Average,3.0,No,1
462678,Female,Yes,48,Yes,Artist,4.0,Average,3.0,No,4
460163,Male,No,28,No,Healthcare,0.0,Low,2.0,No,2
462286,Male,Yes,61,No,Doctor,0.0,Average,3.0,Yes,1
465228,Male,Yes,61,Yes,Artist,0.0,High,3.0,Yes,1
467351,Male,Yes,41,No,Artist,8.0,Average,2.0,No,1
461451,Female,No,28,Yes,Engineer,1.0,Low,6.0,No,2
467322,Female,Yes,46,Yes,Artist,0.0,Average,2.0,No,4
462531,Female,No,60,No,Homemaker,,High,1.0,Yes,3
459627,Male,No,40,Yes,Artist,14.0,Low,2.0,No,0
465974,Male,Yes,57,No,Executive,8.0,High,3.0,Yes,1
462004,Male,Yes,52,Yes,Artist,,High,6.0,Yes,1
462555,Male,Yes,36,Yes,Artist,1.0,Average,2.0,No,1
461059,Female,Yes,43,Yes,Lawyer,3.0,High,2.0,Yes,3
464184,Female,Yes,39,No,Engineer,4.0,Average,2.0,Yes,4
462214,Male,Yes,49,No,Doctor,1.0,Low,2.0,No,1
465040,Male,Yes,69,No,Lawyer,2.0,Average,2.0,Yes,3
465658,Male,Yes,71,Yes,Artist,0.0,Average,4.0,No,1
465567,Male,Yes,35,Yes,Entertainment,1.0,Low,2.0,No,1
465255,Male,No,21,No,Healthcare,9.0,Low,5.0,No,2
460202,Male,Yes,42,Yes,Entertainment,1.0,Low,2.0,No,1
466947,Male,Yes,56,No,Executive,2.0,High,4.0,Yes,1
460849,Female,Yes,58,No,Doctor,0.0,Low,1.0,No,4
459413,Female,Yes,78,Yes,Artist,,High,1.0,Yes,4
467783,Female,Yes,53,Yes,Artist,0.0,Average,3.0,No,4
464675,Female,Yes,37,No,Doctor,1.0,Average,8.0,Yes,4
464926,Female,Yes,44,Yes,Engineer,0.0,High,2.0,Yes,4
463322,Female,Yes,67,Yes,Lawyer,0.0,High,4.0,Yes,3
464470,Male,Yes,48,Yes,Artist,0.0,Average,4.0,No,1
464749,Female,Yes,47,No,Engineer,7.0,Average,3.0,Yes,4
460951,Male,Yes,57,Yes,Engineer,0.0,Average,7.0,Yes,1
467040,Male,No,32,Yes,Doctor,0.0,Low,4.0,No,0
459536,Male,Yes,32,Yes,Healthcare,6.0,Low,2.0,No,1
459683,Female,Yes,56,Yes,Engineer,1.0,Average,3.0,Yes,4
465348,Male,,32,No,Executive,,High,,Yes,1
459031,Male,Yes,44,No,Executive,2.0,High,4.0,Yes,1
467726,Female,Yes,80,No,Lawyer,0.0,High,3.0,Yes,3
459017,Male,Yes,50,Yes,Executive,,High,6.0,Yes,1
459056,Male,Yes,52,Yes,Executive,,High,3.0,Yes,1
464508,Male,Yes,50,Yes,Executive,0.0,High,4.0,Yes,1
460811,Female,Yes,54,No,Engineer,2.0,High,3.0,Yes,4
467494,Female,Yes,80,Yes,Lawyer,0.0,High,,Yes,3
467018,Male,Yes,57,Yes,Artist,1.0,Average,5.0,No,1
461898,Female,Yes,57,Yes,Executive,7.0,High,3.0,Yes,4
460434,Male,,57,Yes,Artist,3.0,High,3.0,Yes,1
459223,Female,Yes,51,Yes,Doctor,0.0,Average,4.0,Yes,4
465523,Female,Yes,45,Yes,Engineer,0.0,High,5.0,Yes,4
465597,Female,No,43,Yes,Entertainment,14.0,Low,1.0,No,0
466894,Male,No,51,Yes,Artist,0.0,Low,3.0,No,0
462587,Female,No,75,No,Lawyer,3.0,High,2.0,Yes,3
461843,Female,Yes,53,Yes,Artist,2.0,High,1.0,Yes,4
463435,Female,No,33,Yes,Healthcare,0.0,Low,3.0,No,0
467717,Female,No,69,No,Engineer,1.0,High,5.0,Yes,4
466133,Female,No,21,No,Healthcare,7.0,Low,5.0,No,2
462646,Male,Yes,63,,,,Average,2.0,No,1
462515,Male,Yes,43,No,Doctor,4.0,Average,5.0,Yes,1
460570,Male,No,25,Yes,Marketing,,Low,5.0,No,2
460517,Male,Yes,78,,Lawyer,,Low,,No,3
464564,Female,No,37,Yes,Artist,8.0,Low,,No,0
466831,Male,Yes,85,Yes,Artist,1.0,Low,1.0,No,1
465024,Male,Yes,53,Yes,Executive,0.0,High,4.0,Yes,1
459737,Female,Yes,80,Yes,Lawyer,6.0,High,2.0,Yes,3
460411,Male,Yes,41,Yes,Healthcare,7.0,High,3.0,Yes,1
467582,Male,Yes,39,Yes,Executive,0.0,High,3.0,Yes,1
459819,Male,Yes,71,Yes,Entertainment,,High,1.0,Yes,3
464748,Female,Yes,51,No,Engineer,7.0,Average,5.0,Yes,4
464389,Male,Yes,73,Yes,Artist,1.0,High,2.0,Yes,1
462765,Female,Yes,53,Yes,Artist,2.0,High,9.0,Yes,4
462600,Male,Yes,32,No,Engineer,1.0,Average,4.0,Yes,1
466073,Female,Yes,63,No,Engineer,10.0,High,1.0,Yes,4
466436,Male,Yes,42,No,Doctor,0.0,Average,3.0,Yes,1
464717,Male,Yes,25,No,Executive,3.0,High,9.0,Yes,1
460091,Female,No,26,Yes,Entertainment,1.0,Low,5.0,No,2
467202,Male,Yes,22,No,Doctor,1.0,Low,4.0,No,1
459052,Male,Yes,47,No,Artist,0.0,Low,2.0,No,1
462287,Female,Yes,73,Yes,Artist,,Average,2.0,No,4
467219,Female,Yes,68,No,Lawyer,,High,2.0,Yes,3
461494,Male,Yes,29,No,Engineer,0.0,Average,2.0,Yes,1
462308,Male,Yes,33,No,Healthcare,1.0,High,2.0,Yes,1
467029,Male,Yes,42,Yes,Artist,8.0,Average,2.0,No,1
467888,Male,No,27,No,Doctor,0.0,Low,4.0,No,2
462173,Male,Yes,89,Yes,Executive,3.0,Low,3.0,No,3
459250,Male,Yes,48,No,Doctor,0.0,Average,5.0,Yes,1
466832,Female,Yes,69,Yes,Artist,0.0,Average,2.0,No,4
462852,Male,Yes,42,No,Engineer,9.0,Low,3.0,No,1
459480,Female,Yes,50,Yes,Entertainment,7.0,Low,3.0,No,4
467415,Female,No,31,Yes,Healthcare,1.0,Low,1.0,No,0
461714,Male,Yes,82,Yes,Lawyer,1.0,High,2.0,Yes,3
461301,Male,Yes,71,Yes,Lawyer,0.0,Average,2.0,Yes,3
465888,Male,Yes,37,Yes,Doctor,8.0,Average,2.0,Yes,1
460337,Female,No,42,Yes,Marketing,10.0,Low,3.0,No,0
462324,Male,Yes,65,Yes,Entertainment,0.0,High,2.0,Yes,1
467537,Female,Yes,68,No,Lawyer,,High,3.0,Yes,3
462253,Male,Yes,51,Yes,Engineer,0.0,Low,2.0,No,1
462286,Male,Yes,60,No,Doctor,0.0,Average,2.0,Yes,1
460261,Female,Yes,58,Yes,Lawyer,1.0,High,4.0,Yes,3
466103,Female,Yes,40,No,Engineer,0.0,Low,5.0,No,4
467718,Female,No,20,No,Healthcare,2.0,Low,6.0,No,2
462386,Female,No,26,Yes,Healthcare,1.0,Low,5.0,No,2
461467,Male,No,78,,Lawyer,,High,1.0,Yes,3
467725,Male,No,32,Yes,Healthcare,9.0,Low,2.0,No,0
464946,Male,Yes,53,Yes,Executive,9.0,Low,1.0,No,1
466073,Female,Yes,62,No,Engineer,8.0,High,2.0,Yes,4
464152,Male,Yes,36,Yes,Artist,2.0,High,4.0,Yes,1
466037,Female,No,53,No,Entertainment,1.0,Low,1.0,No,0
462633,Female,,24,Yes,Doctor,,High,9.0,Yes,4
461307,Male,No,23,No,Healthcare,1.0,Low,4.0,No,2
460538,Female,,27,No,Healthcare,1.0,High,2.0,Yes,4
465233,Male,Yes,57,Yes,Artist,0.0,Average,4.0,No,1
462888,Male,Yes,36,Yes,Executive,,High,2.0,Yes,1
460265,Male,Yes,51,Yes,Executive,0.0,High,4.0,Yes,1
460017,Male,Yes,41,Yes,Artist,7.0,High,2.0,Yes,1
467427,Female,No,42,Yes,Artist,6.0,High,1.0,Yes,0
466901,Female,Yes,52,Yes,Artist,0.0,Average,3.0,No,4
462389,Female,Yes,58,No,Engineer,1.0,Low,1.0,No,4
459341,Male,Yes,67,Yes,Lawyer,1.0,High,1.0,Yes,3
464620,Female,Yes,43,Yes,Artist,0.0,High,3.0,Yes,4
464567,Male,No,33,Yes,Healthcare,8.0,Low,4.0,No,0
466498,Male,Yes,80,Yes,Lawyer,7.0,High,3.0,Yes,3
461550,Male,Yes,37,Yes,Entertainment,7.0,Low,2.0,No,1
461660,Female,Yes,74,No,Lawyer,0.0,Low,1.0,No,3
461234,Female,No,53,Yes,Artist,3.0,Low,,No,0
467257,Male,No,22,No,Healthcare,10.0,Low,4.0,No,2
459256,Female,Yes,51,Yes,Artist,1.0,High,4.0,Yes,4
466075,Female,Yes,50,Yes,Engineer,1.0,Average,4.0,Yes,4
464318,Male,Yes,88,Yes,Executive,1.0,Low,1.0,No,3
467340,Female,Yes,75,No,Lawyer,2.0,High,3.0,Yes,3
463809,Female,No,30,Yes,Healthcare,2.0,Low,3.0,No,0
460524,Female,Yes,40,,Homemaker,9.0,Average,,No,4
458990,Female,Yes,71,No,Lawyer,1.0,High,3.0,Yes,3
460819,Female,Yes,25,No,Marketing,0.0,High,5.0,Yes,4
461388,Male,No,21,No,Healthcare,,Low,5.0,No,2
459891,Male,Yes,46,Yes,Doctor,,Average,2.0,Yes,1
467875,Female,No,23,No,Healthcare,,Low,4.0,No,2
464836,Female,,36,No,Engineer,7.0,High,5.0,Yes,4
464620,Female,Yes,37,Yes,Artist,0.0,High,3.0,Yes,4
462342,Female,Yes,71,Yes,Lawyer,6.0,High,1.0,Yes,3
464071,Male,Yes,82,Yes,Lawyer,0.0,High,2.0,Yes,3
461730,Male,Yes,46,Yes,Artist,1.0,Low,3.0,No,1
467087,Male,No,68,Yes,Lawyer,0.0,Low,,No,3
461618,Female,Yes,41,No,Artist,,High,4.0,Yes,4
462547,Male,No,22,No,Healthcare,9.0,Low,4.0,No,2
464793,Female,Yes,26,No,Marketing,7.0,High,3.0,Yes,4
459274,Female,Yes,80,Yes,Lawyer,2.0,High,1.0,Yes,3
461558,Male,Yes,48,Yes,Engineer,2.0,Average,2.0,Yes,1
461743,Male,Yes,66,Yes,Doctor,0.0,High,1.0,Yes,1
463981,Female,No,25,Yes,Artist,5.0,Low,1.0,No,0
459691,Male,Yes,55,No,Artist,,Average,2.0,No,1
459253,Male,Yes,36,Yes,Artist,1.0,Average,4.0,No,1
461220,Female,No,26,No,Executive,8.0,Low,3.0,No,2
466583,Female,Yes,41,Yes,Doctor,1.0,Average,1.0,Yes,4
459122,Female,Yes,51,Yes,Artist,6.0,Average,5.0,No,4
466482,Female,Yes,39,Yes,Homemaker,,Average,3.0,No,4
461693,Female,Yes,36,Yes,Artist,1.0,Average,4.0,No,4
462777,Male,,58,No,Executive,,High,3.0,Yes,3
461752,Male,Yes,69,Yes,Doctor,2.0,Average,2.0,Yes,1
464052,Male,No,36,Yes,Artist,0.0,Low,1.0,No,0
459309,Female,Yes,41,Yes,Artist,9.0,High,2.0,Yes,4
460443,Female,No,38,Yes,Doctor,0.0,Low,1.0,No,0
464082,Male,Yes,77,Yes,Lawyer,0.0,Low,1.0,No,3
459567,Male,Yes,52,Yes,Doctor,0.0,Average,2.0,Yes,1
461760,Male,Yes,80,Yes,Artist,0.0,High,2.0,Yes,1
463516,Male,Yes,47,No,Executive,1.0,High,6.0,Yes,1
464507,Male,Yes,56,No,Artist,0.0,High,3.0,Yes,1
467905,Male,Yes,43,Yes,Executive,0.0,High,3.0,Yes,1
461650,Female,Yes,42,Yes,Doctor,0.0,Low,1.0,No,4
466282,Male,Yes,31,Yes,Healthcare,9.0,Low,,No,1
459888,Female,Yes,74,No,Lawyer,,High,2.0,Yes,3
463728,Female,Yes,30,No,Doctor,1.0,Average,6.0,Yes,4
463702,Male,Yes,49,Yes,Artist,1.0,Average,4.0,No,1
466283,Female,Yes,61,Yes,Artist,1.0,High,1.0,Yes,4
463820,Male,Yes,49,Yes,Executive,8.0,High,5.0,Yes,1
460223,Male,No,47,No,Entertainment,1.0,Low,1.0,No,0
461710,Female,Yes,49,Yes,Doctor,1.0,Average,4.0,Yes,4
460550,Female,Yes,59,Yes,Artist,0.0,Average,4.0,No,4
459684,Male,Yes,52,Yes,Entertainment,,Average,3.0,No,1
463977,Male,Yes,26,Yes,Healthcare,10.0,High,1.0,Yes,1
462480,Male,No,40,No,Engineer,2.0,Low,4.0,No,2
463041,Female,Yes,43,Yes,Artist,,Average,4.0,No,4
460906,Female,Yes,89,Yes,Lawyer,1.0,High,3.0,Yes,3
462779,Female,Yes,61,No,Marketing,,Average,,No,3
461568,Male,Yes,59,Yes,Artist,1.0,Average,3.0,No,1
466208,Male,Yes,66,Yes,Executive,2.0,High,1.0,Yes,3
461551,Male,Yes,61,No,Entertainment,1.0,Low,2.0,No,1
467007,Female,Yes,38,No,Engineer,1.0,High,1.0,Yes,4
463078,Male,Yes,86,No,Executive,0.0,High,2.0,Yes,3
462127,Male,Yes,66,Yes,Lawyer,0.0,High,3.0,Yes,3
465362,Female,Yes,52,Yes,Engineer,0.0,Average,4.0,Yes,4
461898,Male,Yes,60,Yes,Executive,5.0,High,3.0,Yes,1
466461,Male,Yes,84,No,Lawyer,0.0,Low,1.0,No,3
459851,Male,No,53,Yes,Artist,3.0,Low,1.0,No,0
459062,Male,,48,Yes,Executive,,High,5.0,Yes,1
465757,Male,Yes,39,Yes,Artist,3.0,Average,4.0,No,1
462514,Male,No,25,Yes,Healthcare,,Low,2.0,No,0
463088,Female,Yes,80,Yes,Lawyer,0.0,High,1.0,Yes,3
463222,Female,No,36,Yes,Healthcare,2.0,Low,,No,0
463502,Male,Yes,43,Yes,Executive,,High,5.0,Yes,1
461757,Female,Yes,55,Yes,Artist,1.0,Average,3.0,No,4
463136,Male,Yes,39,Yes,Artist,3.0,High,4.0,Yes,1
464370,Male,Yes,65,Yes,Entertainment,0.0,Average,2.0,No,1
467663,Male,Yes,31,No,Doctor,,Average,2.0,Yes,1
460802,Male,Yes,70,Yes,Lawyer,0.0,High,2.0,Yes,3
460512,Female,Yes,39,Yes,Engineer,0.0,High,3.0,Yes,4
462216,Female,Yes,42,No,Doctor,1.0,Low,2.0,No,4
465092,Male,Yes,68,Yes,Executive,1.0,High,1.0,Yes,3
466603,Male,Yes,41,Yes,Engineer,1.0,Average,2.0,Yes,1
461885,Female,Yes,52,Yes,Artist,5.0,High,5.0,Yes,4
459720,Male,No,25,No,Doctor,6.0,Low,1.0,No,0
463644,Female,No,27,Yes,Healthcare,1.0,Low,3.0,No,0
459596,Female,Yes,61,Yes,Doctor,1.0,Average,2.0,Yes,4
466073,Female,Yes,67,No,Engineer,7.0,High,2.0,Yes,4
466436,Male,Yes,45,No,Doctor,0.0,Average,4.0,Yes,1
462587,Female,Yes,75,No,Lawyer,2.0,High,1.0,Yes,3
459925,Male,Yes,68,No,Executive,1.0,High,2.0,Yes,3
466391,Male,Yes,53,Yes,Engineer,0.0,Average,,Yes,1
461441,Male,Yes,58,Yes,Artist,1.0,Average,4.0,No,1
459316,Male,Yes,32,Yes,Healthcare,1.0,Low,2.0,No,1
465295,Female,Yes,38,Yes,Doctor,10.0,Average,1.0,Yes,4
460080,Female,No,39,Yes,Doctor,9.0,Low,3.0,No,0
466389,Female,Yes,48,Yes,Engineer,0.0,Average,3.0,Yes,4
467765,Male,Yes,28,No,Entertainment,9.0,High,4.0,Yes,1
461969,Male,Yes,42,No,Engineer,9.0,Average,1.0,Yes,1
462735,Female,Yes,30,No,Artist,0.0,Average,2.0,No,4
466251,Male,No,20,No,Healthcare,3.0,Low,4.0,No,2
464841,Male,,23,No,Entertainment,0.0,High,2.0,Yes,1
462777,Male,,63,No,Executive,,High,2.0,Yes,3
464320,Male,Yes,77,No,Lawyer,0.0,High,1.0,Yes,3
459126,Male,Yes,61,Yes,Artist,2.0,Low,2.0,No,1
463758,Male,No,33,No,Healthcare,9.0,Low,3.0,No,2
459256,Female,Yes,46,Yes,Artist,2.0,High,3.0,Yes,4
460720,Female,Yes,48,Yes,Artist,1.0,Average,2.0,No,4
461640,Male,Yes,52,Yes,Artist,1.0,Average,2.0,No,1
459062,Male,,47,Yes,Executive,,High,6.0,Yes,1
461607,Female,Yes,40,Yes,Entertainment,7.0,Average,2.0,No,4
466662,Female,No,30,No,Engineer,1.0,Low,,No,2
460411,Male,Yes,46,Yes,Healthcare,7.0,High,1.0,Yes,1
461287,Male,Yes,42,Yes,Executive,3.0,High,6.0,Yes,1
459503,Male,Yes,38,Yes,Healthcare,4.0,High,3.0,Yes,1
466418,Male,Yes,85,No,Lawyer,0.0,Low,1.0,No,3
461274,Female,Yes,74,Yes,Lawyer,,High,2.0,Yes,3
459286,Female,No,42,Yes,Artist,0.0,Low,1.0,No,0
467109,Male,No,38,No,Doctor,0.0,Low,5.0,No,2
463712,Female,Yes,41,Yes,Doctor,0.0,Average,3.0,Yes,4
459238,Female,Yes,80,Yes,Lawyer,,High,2.0,Yes,3
467618,Male,No,26,No,Doctor,6.0,Low,2.0,No,0
459135,Male,Yes,51,Yes,Executive,0.0,High,5.0,Yes,1
467401,Male,Yes,72,No,Entertainment,0.0,Average,,No,3
460968,Male,Yes,32,No,Doctor,11.0,Average,2.0,Yes,1
466597,Female,No,19,No,Healthcare,1.0,Low,2.0,No,2
462459,Male,No,30,Yes,Artist,2.0,Low,2.0,No,0
466722,Male,Yes,33,No,Executive,1.0,High,2.0,Yes,1
460796,Male,Yes,69,No,Lawyer,1.0,Low,3.0,No,3
460060,Male,Yes,26,No,Engineer,6.0,Average,1.0,Yes,1
462604,Female,Yes,38,No,Doctor,1.0,Average,3.0,Yes,4
467727,Male,Yes,44,Yes,Artist,8.0,High,3.0,Yes,1
462484,Male,Yes,67,Yes,Artist,0.0,Low,1.0,No,1
467011,Male,Yes,80,Yes,Lawyer,,High,3.0,Yes,3
461572,Female,Yes,57,Yes,Artist,0.0,Average,3.0,No,4
464853,Male,Yes,39,No,Executive,8.0,Average,4.0,No,1
459031,Male,Yes,46,No,Executive,0.0,High,6.0,Yes,1
463728,Female,Yes,31,No,Doctor,0.0,Average,7.0,Yes,4
466118,Female,Yes,36,No,Engineer,1.0,Low,3.0,No,4
460757,Male,Yes,24,Yes,Homemaker,11.0,High,2.0,Yes,1
467535,Male,Yes,63,Yes,Lawyer,2.0,High,3.0,Yes,3
464123,Female,No,51,Yes,Artist,0.0,Low,1.0,No,0
467715,Male,Yes,51,Yes,Executive,4.0,High,3.0,Yes,1
461209,Female,No,31,No,Healthcare,9.0,Low,1.0,No,0
466170,Male,Yes,74,Yes,Lawyer,1.0,Low,1.0,No,3
464846,Male,No,25,No,Entertainment,8.0,Low,2.0,No,2
467436,Male,Yes,51,Yes,Artist,5.0,Average,4.0,No,1
467116,Male,Yes,73,Yes,Executive,1.0,High,2.0,Yes,3
461048,Male,Yes,38,Yes,Doctor,9.0,Average,2.0,Yes,1
466796,Male,,56,Yes,Artist,0.0,Average,5.0,No,1
467905,Male,Yes,44,Yes,Executive,2.0,High,3.0,Yes,1
465092,Male,Yes,68,No,Executive,0.0,High,2.0,Yes,3
459345,Female,Yes,39,Yes,Artist,3.0,Low,1.0,No,4
459170,Female,No,36,Yes,Artist,0.0,Low,1.0,No,0
465829,Female,Yes,39,No,Doctor,5.0,Average,2.0,Yes,4
464748,Female,Yes,53,Yes,Engineer,9.0,Average,6.0,Yes,4
466611,Male,No,21,No,Marketing,7.0,Low,3.0,No,2
466083,Female,No,21,No,Marketing,2.0,Low,2.0,No,2
460474,Female,Yes,40,No,Homemaker,9.0,Average,5.0,No,4
466722,Male,Yes,37,No,Executive,2.0,High,2.0,Yes,1
461774,Female,Yes,80,Yes,Lawyer,3.0,High,3.0,Yes,3
465108,Male,Yes,60,Yes,Doctor,0.0,Average,1.0,Yes,1
467798,Female,No,20,No,,,Low,2.0,No,0
461480,Female,Yes,63,Yes,Artist,1.0,High,3.0,Yes,4
461603,Male,No,39,Yes,Artist,,Low,1.0,No,0
461482,Female,No,52,Yes,Artist,9.0,Low,1.0,No,0
467542,Male,No,30,Yes,Healthcare,9.0,Low,1.0,No,0
461329,Male,Yes,53,Yes,Executive,1.0,High,4.0,Yes,1
461687,Female,Yes,75,Yes,Artist,0.0,High,2.0,Yes,4
464245,Female,Yes,89,Yes,Lawyer,2.0,Low,1.0,No,3
464098,Female,No,28,No,Healthcare,0.0,Low,6.0,No,2
459226,Female,Yes,43,Yes,Artist,0.0,Average,2.0,No,4
466057,Male,Yes,41,Yes,Doctor,0.0,Average,1.0,Yes,1
465235,Male,Yes,51,Yes,Healthcare,1.0,High,2.0,Yes,1
464748,Male,Yes,54,No,Engineer,10.0,Average,4.0,Yes,1
466293,Male,Yes,79,No,Lawyer,0.0,High,2.0,Yes,3
460291,Female,Yes,37,Yes,Artist,6.0,Low,2.0,No,4
462002,Female,No,37,No,Artist,0.0,Low,2.0,No,0
465849,Female,No,32,Yes,Doctor,5.0,Low,3.0,No,0
459196,Female,No,23,No,Healthcare,1.0,Low,3.0,No,2
462086,Male,No,41,Yes,Doctor,4.0,Low,2.0,No,0
464450,Female,Yes,56,Yes,Artist,0.0,High,2.0,Yes,4
463662,Male,Yes,41,Yes,Entertainment,2.0,Average,2.0,No,1
460475,Male,Yes,32,Yes,Doctor,0.0,Average,2.0,Yes,1
459515,Male,Yes,58,Yes,Engineer,0.0,Low,1.0,No,1
459386,Male,Yes,65,Yes,Lawyer,0.0,High,2.0,Yes,3
459077,Female,Yes,77,No,Lawyer,0.0,High,2.0,Yes,3
465899,Female,No,38,Yes,Doctor,9.0,Low,2.0,No,0
467335,Female,Yes,46,No,Engineer,3.0,Average,2.0,Yes,4
464360,Male,Yes,62,Yes,Executive,0.0,High,2.0,Yes,3
467782,Female,No,30,Yes,Entertainment,0.0,Low,5.0,No,2
462245,Female,Yes,49,Yes,Artist,1.0,Average,3.0,No,4
464305,Female,Yes,73,Yes,Lawyer,1.0,High,2.0,Yes,3
467778,Female,No,31,Yes,Healthcare,8.0,Low,4.0,No,0
465150,Male,No,41,Yes,Entertainment,0.0,Low,1.0,No,0
460483,Female,Yes,43,Yes,Executive,2.0,High,1.0,Yes,4
462562,Female,No,25,Yes,Entertainment,0.0,Low,6.0,No,2
465039,Female,Yes,88,No,Lawyer,0.0,High,2.0,Yes,3
466686,Female,No,22,No,Healthcare,1.0,Low,4.0,No,2
467884,Female,Yes,30,Yes,Engineer,8.0,High,6.0,Yes,4
461054,Female,No,18,No,Marketing,,Low,,No,2
465979,Male,Yes,43,Yes,Artist,2.0,Low,2.0,No,1
466218,Female,,22,No,Healthcare,5.0,Low,4.0,No,2
460764,Male,No,86,No,Lawyer,1.0,Low,1.0,No,3
459741,Male,Yes,69,Yes,Lawyer,1.0,High,4.0,Yes,3
464527,Male,No,25,No,Executive,12.0,Low,3.0,No,2
466965,Female,No,42,Yes,Homemaker,,Low,1.0,No,0
465784,Female,No,19,No,Healthcare,0.0,Low,4.0,No,2
464571,Male,No,33,No,Healthcare,,Low,2.0,No,2
462286,Female,No,59,No,Doctor,0.0,Average,2.0,Yes,0
463393,Female,Yes,38,Yes,Artist,6.0,Low,2.0,No,4
466143,Female,Yes,44,No,Engineer,0.0,Average,4.0,Yes,4
460742,Male,No,52,Yes,Artist,0.0,Low,3.0,No,0
461742,Male,Yes,80,No,Executive,3.0,High,2.0,Yes,3
460044,Female,Yes,47,Yes,Artist,0.0,Low,2.0,No,4
462691,Male,Yes,25,No,Doctor,,Average,2.0,Yes,1
461632,Male,No,25,Yes,Artist,,Low,1.0,No,0
464973,Male,No,82,,Lawyer,1.0,Low,2.0,No,3
465743,Female,Yes,50,Yes,Artist,1.0,Average,5.0,No,4
460141,Male,No,35,Yes,Artist,13.0,Low,1.0,No,0
467240,Male,,22,No,Doctor,6.0,High,3.0,Yes,1
460757,Female,Yes,30,No,Homemaker,7.0,High,2.0,Yes,4
466087,Male,,26,No,Healthcare,7.0,High,6.0,Yes,1
460685,Male,No,51,,Artist,6.0,Low,4.0,No,0
461811,Female,No,40,Yes,Healthcare,8.0,Low,4.0,No,0
464702,Male,Yes,59,No,Artist,2.0,Average,2.0,No,1
462211,Male,No,18,No,Healthcare,1.0,Low,3.0,No,2
465801,Male,,37,Yes,Doctor,8.0,Low,6.0,No,1
461690,Female,No,31,Yes,Engineer,0.0,Low,1.0,No,0
466414,Male,Yes,66,Yes,Artist,1.0,Low,3.0,No,1
467442,Male,Yes,56,Yes,Artist,,Average,2.0,No,1
467909,Female,No,45,Yes,Doctor,0.0,Low,1.0,No,0
467261,Female,Yes,79,Yes,Lawyer,2.0,High,2.0,Yes,3
466664,Male,No,49,Yes,Doctor,0.0,Average,2.0,Yes,0
464308,Female,Yes,75,Yes,Lawyer,0.0,High,2.0,Yes,3
466242,Female,No,35,No,Engineer,1.0,Low,1.0,No,0
463300,Male,Yes,47,No,Entertainment,1.0,Low,2.0,No,1
461026,Female,Yes,41,Yes,Artist,7.0,Average,2.0,No,4
460181,Female,Yes,37,Yes,Marketing,9.0,Low,1.0,No,0
465895,Female,Yes,31,No,Artist,7.0,Average,2.0,No,4
462345,Male,Yes,41,Yes,Doctor,3.0,Average,6.0,Yes,1
460306,Female,No,39,Yes,Healthcare,9.0,Low,1.0,No,0
459309,Female,Yes,45,Yes,Artist,9.0,High,2.0,Yes,4
464985,Male,Yes,71,Yes,Lawyer,0.0,High,4.0,Yes,3
459049,Male,No,54,Yes,Executive,1.0,High,4.0,Yes,1
465517,Female,Yes,68,Yes,Artist,1.0,Low,2.0,No,4
462261,Male,Yes,62,No,Engineer,2.0,Average,4.0,Yes,1
462483,Male,Yes,63,Yes,,1.0,Average,2.0,No,1
459815,Male,No,42,Yes,Artist,9.0,Low,1.0,No,0
463418,Male,Yes,53,No,Executive,1.0,High,4.0,Yes,1
462847,Female,No,30,Yes,Doctor,,Low,7.0,No,2
463694,Female,No,40,No,Marketing,,Low,,No,2
462660,Female,Yes,27,No,Homemaker,9.0,Average,2.0,No,4
462105,Male,Yes,43,No,Executive,,High,4.0,Yes,1
466426,Female,No,25,Yes,Engineer,,Low,2.0,No,0
460499,Female,Yes,56,No,Marketing,13.0,High,6.0,Yes,3
460786,Male,Yes,71,No,Lawyer,1.0,High,2.0,Yes,3
459200,Female,Yes,39,Yes,Artist,2.0,Average,4.0,No,4
459849,Female,Yes,50,Yes,Artist,1.0,High,5.0,Yes,4
463729,Female,No,32,No,Artist,,Low,5.0,No,2
463533,Female,Yes,80,Yes,Artist,1.0,High,1.0,Yes,4
459495,Male,No,29,Yes,Artist,,Low,3.0,No,0
463864,Male,No,79,No,Executive,,High,1.0,Yes,3
467747,Female,Yes,50,Yes,Artist,,High,4.0,Yes,4
459469,Male,Yes,30,Yes,Healthcare,,Low,6.0,No,1
460634,Female,No,39,No,Entertainment,,Low,6.0,No,2
467868,Female,Yes,69,Yes,Entertainment,1.0,High,2.0,Yes,4
461773,Male,Yes,64,Yes,Entertainment,1.0,High,4.0,Yes,1
464097,Male,Yes,40,Yes,Doctor,7.0,High,2.0,Yes,1
467543,Male,Yes,72,Yes,Lawyer,2.0,High,1.0,Yes,3
461751,Female,Yes,63,Yes,Artist,1.0,Average,3.0,No,4
466542,Female,Yes,72,Yes,Lawyer,3.0,High,2.0,Yes,3
461348,Male,Yes,35,Yes,Healthcare,1.0,Low,1.0,No,1
462097,Male,Yes,44,Yes,Doctor,8.0,Average,3.0,Yes,1
462504,Female,No,49,No,Artist,9.0,Low,1.0,No,0
463693,Male,Yes,37,Yes,Artist,7.0,High,4.0,Yes,1
461265,Male,No,33,No,Marketing,1.0,Low,6.0,No,2
467591,Female,Yes,40,Yes,Artist,2.0,High,5.0,Yes,4
467711,Female,No,31,Yes,Artist,,Low,1.0,No,0
464995,Male,Yes,47,Yes,Executive,1.0,High,3.0,Yes,1
462994,Female,Yes,39,No,Artist,,Average,3.0,No,4
462825,Male,Yes,41,Yes,Executive,3.0,High,1.0,Yes,1
465178,Female,Yes,80,No,Lawyer,2.0,High,2.0,Yes,3
467429,Female,Yes,42,Yes,Artist,1.0,Low,,No,4
463661,Female,Yes,51,Yes,Doctor,1.0,Average,4.0,Yes,4
463282,Male,No,38,Yes,Artist,1.0,Low,1.0,No,0
459589,Male,No,25,No,Healthcare,1.0,Low,5.0,No,2
467558,Male,Yes,46,Yes,Doctor,1.0,Average,8.0,Yes,1
467238,Female,No,31,No,Doctor,6.0,Low,4.0,No,2
463021,Male,Yes,72,No,Lawyer,0.0,High,2.0,Yes,3
462407,Male,Yes,40,No,Doctor,4.0,Average,5.0,Yes,1
459605,Female,,19,No,Healthcare,8.0,Low,,No,2
462905,Female,No,25,No,Artist,6.0,Low,3.0,No,0
466171,Female,Yes,79,Yes,Lawyer,0.0,Low,1.0,No,3
462601,Female,No,71,No,Lawyer,0.0,High,3.0,Yes,3
463699,Female,Yes,41,Yes,Marketing,9.0,Low,3.0,No,4
467734,Male,Yes,80,Yes,Lawyer,4.0,High,3.0,Yes,3
462888,Male,Yes,37,No,Executive,,High,2.0,Yes,1
467025,Female,No,25,No,Engineer,1.0,Low,3.0,No,2
459128,Female,Yes,80,No,Lawyer,1.0,High,2.0,Yes,3
459498,Female,Yes,42,Yes,Artist,,Low,2.0,No,4
464897,Male,Yes,70,No,Executive,2.0,High,1.0,Yes,3
466272,Female,Yes,73,Yes,Lawyer,0.0,Average,3.0,Yes,3
460483,Female,,43,Yes,Executive,1.0,High,2.0,Yes,4
464747,Female,No,67,No,Engineer,0.0,Average,4.0,Yes,2
463538,Male,Yes,60,No,Executive,0.0,High,2.0,Yes,3
464862,Female,No,20,No,Engineer,8.0,Low,5.0,No,2
466236,Female,Yes,69,Yes,Engineer,0.0,Low,2.0,No,4
464923,Male,Yes,48,No,Executive,4.0,High,1.0,Yes,1
464793,Female,Yes,22,No,Marketing,6.0,High,3.0,Yes,4
463951,Male,Yes,46,No,Entertainment,0.0,Average,3.0,No,1
459410,Female,Yes,80,Yes,Lawyer,0.0,High,2.0,Yes,3
459061,Female,Yes,39,Yes,Healthcare,9.0,High,3.0,Yes,4
463437,Male,Yes,49,Yes,Artist,1.0,Average,3.0,No,1
462639,Female,Yes,40,No,Engineer,,Average,1.0,Yes,4
462495,Male,Yes,84,No,Lawyer,0.0,High,2.0,Yes,3
459839,Male,Yes,43,No,Engineer,0.0,Average,5.0,Yes,1
462617,Male,No,19,No,Healthcare,0.0,Low,5.0,No,2
463577,Female,Yes,37,Yes,Doctor,2.0,Average,1.0,Yes,4
463540,Male,Yes,56,Yes,Artist,8.0,Average,3.0,No,1
465121,Female,No,32,Yes,Artist,6.0,Low,1.0,No,0
462286,Male,Yes,59,No,Doctor,0.0,Average,3.0,Yes,1
466598,Female,Yes,45,Yes,Artist,9.0,Low,2.0,No,4
467038,Male,Yes,61,Yes,Lawyer,1.0,High,2.0,Yes,3
463315,Male,Yes,36,Yes,Executive,0.0,High,5.0,Yes,1
462886,Male,Yes,66,No,Doctor,0.0,High,2.0,Yes,1
465456,Female,Yes,59,Yes,Artist,1.0,High,4.0,Yes,4
460360,Female,Yes,38,Yes,Artist,2.0,Low,1.0,No,4
465609,Female,No,21,No,Healthcare,1.0,Low,4.0,No,2
464142,Female,Yes,73,Yes,Artist,2.0,High,1.0,Yes,4
465418,Male,No,39,Yes,Artist,0.0,Low,1.0,No,0
466094,Female,No,31,No,Healthcare,0.0,Low,3.0,No,2
462829,Male,Yes,29,No,Executive,1.0,Average,3.0,No,1
467779,Male,Yes,53,Yes,Doctor,2.0,Average,3.0,Yes,1
461018,Male,No,25,No,Marketing,0.0,Low,3.0,No,2
462081,Male,No,22,No,Marketing,0.0,Low,3.0,No,2
459888,Female,Yes,72,No,Lawyer,,High,2.0,Yes,3
459038,Female,No,18,No,Healthcare,1.0,Low,4.0,No,2
463483,Male,Yes,29,No,Executive,1.0,High,2.0,Yes,1
459327,Male,No,50,No,Doctor,9.0,Low,3.0,No,0
464094,Female,Yes,51,No,Executive,0.0,High,4.0,Yes,4
464620,Female,Yes,44,Yes,Artist,1.0,High,2.0,Yes,4
464744,Male,Yes,55,Yes,Entertainment,0.0,Low,4.0,No,1
464238,Female,Yes,80,Yes,Lawyer,2.0,High,2.0,Yes,3
459865,Male,Yes,47,Yes,Artist,0.0,Average,3.0,No,1
460088,Female,No,28,Yes,Homemaker,,High,2.0,Yes,0
467023,Male,Yes,28,No,Doctor,11.0,Average,1.0,Yes,1
464881,Male,Yes,59,Yes,Entertainment,0.0,Low,,No,1
464493,Female,Yes,64,Yes,Lawyer,8.0,Average,3.0,Yes,3
465480,Male,Yes,37,No,Doctor,0.0,High,2.0,Yes,1
461786,Male,Yes,70,Yes,Lawyer,0.0,High,1.0,Yes,3
462564,Male,No,55,Yes,Executive,,Low,5.0,No,2
465838,Female,Yes,52,No,Doctor,3.0,Average,2.0,Yes,4
459681,Female,Yes,32,Yes,Artist,0.0,Average,2.0,No,4
460272,Female,No,86,Yes,Lawyer,1.0,Low,1.0,No,3
460767,Male,Yes,57,Yes,Entertainment,8.0,Average,5.0,No,1
465356,Female,,46,No,Artist,2.0,High,4.0,Yes,4
462411,Male,No,38,Yes,Artist,8.0,Low,1.0,No,0
463210,Male,Yes,84,,Lawyer,1.0,Low,1.0,No,3
463030,Male,No,46,Yes,Executive,1.0,High,2.0,Yes,1
462879,Male,Yes,70,Yes,Lawyer,0.0,High,1.0,Yes,3
460920,Male,Yes,78,Yes,Lawyer,0.0,High,2.0,Yes,3
463165,Female,Yes,72,Yes,Doctor,1.0,Average,2.0,Yes,4
466828,Male,Yes,55,Yes,Executive,1.0,High,3.0,Yes,1
459499,Female,Yes,80,No,Lawyer,,High,1.0,Yes,3
459004,Female,Yes,51,Yes,Artist,1.0,High,5.0,Yes,4
464235,Female,Yes,59,No,Engineer,,Average,4.0,Yes,4
461215,Female,No,36,Yes,Artist,13.0,Low,1.0,No,0
466663,Male,No,57,Yes,Doctor,0.0,Low,1.0,No,0
464960,Female,No,22,No,Healthcare,0.0,Low,5.0,No,2
466871,Male,Yes,43,Yes,Executive,,High,4.0,Yes,1
466121,Female,Yes,57,Yes,Artist,1.0,Average,6.0,No,4
464916,Female,,31,,Doctor,9.0,High,2.0,Yes,4
459530,Female,Yes,42,Yes,Lawyer,2.0,High,2.0,Yes,3
464261,Male,Yes,64,Yes,Executive,2.0,High,1.0,Yes,3
462612,Female,Yes,29,No,Doctor,,High,5.0,Yes,4
462499,Female,,72,No,Lawyer,8.0,Average,2.0,Yes,3
462337,Female,Yes,80,Yes,Lawyer,2.0,High,1.0,Yes,3
467302,Male,No,26,Yes,Executive,9.0,Low,4.0,No,0
464496,Female,Yes,37,No,Marketing,2.0,High,5.0,Yes,3
460090,Male,Yes,80,No,Lawyer,4.0,Average,1.0,Yes,3
463976,Female,No,29,No,Healthcare,5.0,Low,4.0,No,2
459856,Male,Yes,50,No,Entertainment,1.0,Average,3.0,No,1
464107,Male,Yes,70,No,Artist,1.0,Average,2.0,No,1
464958,Female,Yes,42,No,Engineer,1.0,Average,6.0,Yes,4
463669,Female,Yes,26,Yes,Marketing,5.0,High,3.0,Yes,4
459504,Male,Yes,77,Yes,Lawyer,1.0,High,2.0,Yes,3
465049,Female,Yes,49,No,Engineer,6.0,Low,2.0,No,4
464178,Male,No,29,Yes,Doctor,3.0,Low,3.0,No,0
462563,Female,Yes,52,Yes,Artist,0.0,Average,2.0,No,4
465043,Male,Yes,48,Yes,Doctor,9.0,Average,5.0,Yes,1
463373,Male,Yes,55,Yes,Artist,1.0,Low,3.0,No,1
459325,Male,Yes,25,No,Executive,11.0,High,3.0,Yes,1
462068,Male,Yes,59,Yes,Executive,0.0,High,3.0,Yes,1
463556,Male,Yes,29,Yes,Entertainment,0.0,Low,2.0,No,1
459352,Male,Yes,43,Yes,Doctor,2.0,Average,3.0,Yes,1
459690,Female,No,43,Yes,Artist,1.0,Low,1.0,No,0
461714,Male,Yes,79,Yes,Lawyer,2.0,High,3.0,Yes,3
459419,Male,Yes,68,Yes,Doctor,2.0,Average,3.0,Yes,1
462137,Male,No,28,Yes,Doctor,1.0,Low,1.0,No,0
465396,Female,Yes,39,No,Engineer,9.0,Average,6.0,Yes,4
459140,Female,No,18,No,Healthcare,7.0,Low,6.0,No,2
466199,Female,Yes,38,Yes,Artist,1.0,Low,2.0,No,4
460776,Female,Yes,47,Yes,,2.0,Low,1.0,No,4
459786,Male,Yes,62,No,Marketing,0.0,High,2.0,Yes,3
462801,Male,Yes,38,Yes,Entertainment,9.0,Average,3.0,No,1
461414,Male,No,30,Yes,Entertainment,,Low,5.0,No,2
466746,Female,Yes,66,Yes,Lawyer,2.0,High,3.0,Yes,3
461847,Male,Yes,41,No,Entertainment,0.0,Low,4.0,No,1
459350,Female,Yes,58,Yes,Engineer,1.0,High,2.0,Yes,4
465317,Male,No,23,No,Healthcare,0.0,Low,4.0,No,2
460146,Female,Yes,52,Yes,Engineer,1.0,Average,2.0,Yes,4
467790,Male,No,21,No,Healthcare,1.0,Low,6.0,No,2
467952,Female,Yes,80,Yes,Lawyer,1.0,High,1.0,Yes,3
464717,Male,Yes,25,No,Executive,4.0,High,8.0,Yes,1
460229,Female,Yes,66,Yes,Lawyer,2.0,High,2.0,Yes,3
466019,Female,Yes,63,Yes,Artist,5.0,Low,1.0,No,4
459893,Female,Yes,68,No,Lawyer,,Average,2.0,Yes,3
466210,Female,Yes,65,Yes,Artist,0.0,High,5.0,Yes,4
459565,Male,No,47,Yes,Entertainment,2.0,Low,,No,0
459528,Female,Yes,50,Yes,Doctor,1.0,Average,3.0,Yes,4
461538,Female,No,38,Yes,Artist,8.0,Low,8.0,No,0
460816,Female,Yes,49,No,,11.0,Low,2.0,No,4
460201,Female,No,45,Yes,Artist,2.0,Low,1.0,No,0
462329,Male,Yes,42,No,Executive,2.0,High,4.0,Yes,1
466382,Female,No,53,Yes,Engineer,4.0,High,1.0,Yes,0
461541,Male,No,36,Yes,Executive,9.0,Low,3.0,No,0
459839,Male,Yes,45,No,Engineer,1.0,Average,5.0,Yes,1
467876,Female,Yes,52,Yes,Artist,10.0,High,1.0,Yes,4
463095,Female,Yes,42,No,Homemaker,,High,2.0,Yes,3
459728,Female,Yes,53,Yes,Artist,2.0,Average,4.0,No,4
460125,Female,Yes,55,Yes,Artist,10.0,Low,1.0,No,4
467495,Male,Yes,66,No,Artist,2.0,High,3.0,Yes,1
462978,Male,Yes,43,No,Entertainment,,Average,3.0,No,1
462627,Male,Yes,27,No,Entertainment,,Average,3.0,No,1
464884,Male,Yes,41,Yes,Artist,1.0,Low,2.0,No,1
459546,Female,Yes,81,No,Lawyer,,High,2.0,Yes,3
467722,Male,No,32,Yes,Doctor,6.0,Low,5.0,No,0
466158,Female,Yes,47,Yes,Engineer,0.0,Low,4.0,No,4
460578,Male,Yes,28,No,Entertainment,8.0,Average,4.0,No,1
464916,Female,Yes,36,,Doctor,7.0,High,2.0,Yes,4
464075,Female,Yes,80,Yes,Lawyer,1.0,High,1.0,Yes,3
467248,Female,Yes,80,No,Lawyer,0.0,High,2.0,Yes,3
467037,Male,Yes,56,No,Lawyer,0.0,High,2.0,Yes,3
464224,Male,Yes,63,No,Engineer,2.0,High,3.0,Yes,1
463874,Male,No,25,Yes,Healthcare,1.0,Low,4.0,No,2
462105,Male,Yes,43,No,Executive,,High,5.0,Yes,1
464185,Male,Yes,68,Yes,Artist,7.0,High,2.0,Yes,1
467952,Female,No,80,Yes,Lawyer,0.0,High,1.0,Yes,3
467682,Female,Yes,35,Yes,Artist,9.0,Average,4.0,No,4
465675,Female,No,47,No,Entertainment,0.0,Low,1.0,No,0
464035,Male,Yes,57,Yes,Executive,1.0,High,5.0,Yes,1
460110,Female,No,52,Yes,Artist,0.0,Low,2.0,No,0
465320,Female,Yes,65,Yes,Lawyer,0.0,Average,2.0,Yes,3
463918,Female,No,22,No,Healthcare,0.0,Low,4.0,No,2
467409,Male,No,35,Yes,Artist,8.0,Low,1.0,No,0
467629,Male,Yes,50,Yes,Artist,1.0,Low,1.0,No,1
465328,Male,No,38,No,Executive,0.0,High,6.0,Yes,2
464384,Male,No,25,Yes,Healthcare,9.0,Low,4.0,No,0
465476,Female,No,28,No,Healthcare,3.0,Low,2.0,No,2
465326,Male,Yes,76,Yes,Artist,,Low,1.0,No,1
463245,Male,Yes,37,Yes,Entertainment,9.0,Average,2.0,No,1
465864,Male,Yes,32,Yes,Entertainment,9.0,Average,2.0,No,1
459901,Male,Yes,47,Yes,Artist,0.0,Average,3.0,No,1
467800,Female,Yes,53,Yes,Artist,8.0,Average,3.0,No,4
465859,Male,No,47,Yes,Artist,0.0,Low,1.0,No,0
466620,Female,Yes,36,Yes,Artist,7.0,Average,2.0,No,4
459832,Male,Yes,66,Yes,Executive,0.0,Low,1.0,No,1
465078,Male,Yes,46,Yes,Executive,1.0,High,3.0,Yes,1
462665,Female,Yes,59,Yes,Artist,4.0,Average,4.0,No,4
467567,Male,No,27,Yes,Healthcare,1.0,Low,5.0,No,2
460012,Female,Yes,45,Yes,Artist,3.0,High,2.0,Yes,4
462981,Female,No,26,No,Homemaker,8.0,Low,1.0,No,0
467196,Male,No,18,No,Entertainment,0.0,Low,5.0,No,2
466593,Male,Yes,71,Yes,Lawyer,0.0,High,2.0,Yes,3
461788,Female,Yes,86,Yes,Lawyer,1.0,High,2.0,Yes,3
464834,Male,Yes,51,No,Executive,1.0,Low,4.0,No,1
466679,Female,No,43,Yes,Artist,8.0,Low,2.0,No,0
462982,Male,Yes,36,No,Doctor,0.0,Average,3.0,Yes,1
462609,Female,Yes,48,No,Doctor,4.0,Low,1.0,No,4
459648,Female,Yes,45,Yes,Artist,1.0,High,3.0,Yes,4
465170,Female,Yes,46,Yes,Entertainment,4.0,Low,3.0,No,4
461276,Male,Yes,67,Yes,Marketing,1.0,Low,2.0,No,3
459611,Female,No,20,No,Healthcare,1.0,Low,5.0,No,2
467936,Male,No,27,No,Healthcare,1.0,Low,4.0,No,2
467511,Male,Yes,57,Yes,Entertainment,,Low,1.0,No,1
464777,Male,Yes,53,No,Engineer,10.0,Average,4.0,Yes,1
461599,Female,No,42,Yes,Artist,8.0,Low,1.0,No,0
466914,Male,Yes,81,Yes,Entertainment,1.0,Low,1.0,No,3
459585,Female,Yes,46,Yes,Artist,0.0,Average,4.0,No,4
466494,Male,Yes,71,No,Entertainment,0.0,Average,3.0,No,3
461872,Female,Yes,77,Yes,Lawyer,0.0,High,2.0,Yes,3
466304,Female,Yes,70,Yes,Lawyer,1.0,High,2.0,Yes,3
465239,Male,Yes,56,Yes,Artist,0.0,Average,3.0,No,1
466614,Male,No,21,No,Healthcare,1.0,Low,6.0,No,2
461456,Female,No,40,No,Marketing,0.0,Low,1.0,No,2
467017,Male,No,31,Yes,Engineer,,Low,4.0,No,0
460475,Male,Yes,32,Yes,Doctor,0.0,Average,1.0,Yes,1
464421,Female,Yes,22,No,Marketing,,High,3.0,Yes,4
463368,Female,Yes,44,Yes,Artist,3.0,High,4.0,Yes,4
465922,Female,No,31,Yes,Healthcare,9.0,Low,3.0,No,0
464540,Female,Yes,45,Yes,Engineer,0.0,Average,5.0,Yes,4
465123,Female,No,28,Yes,Healthcare,1.0,Low,3.0,No,0
465179,Female,Yes,61,Yes,Artist,1.0,High,2.0,Yes,4
460179,Female,No,20,No,Entertainment,0.0,Low,6.0,No,2
465299,Male,Yes,61,No,Executive,,High,2.0,Yes,3
464652,Female,Yes,21,No,Engineer,5.0,Average,2.0,Yes,4
459554,Female,No,25,No,Engineer,8.0,Low,3.0,No,2
464454,Female,Yes,50,Yes,Engineer,7.0,High,3.0,Yes,4
467155,Male,No,45,No,Executive,0.0,High,5.0,Yes,2
459230,Male,Yes,38,No,Artist,8.0,High,3.0,Yes,1
463657,Male,Yes,42,Yes,Executive,0.0,High,2.0,Yes,1
460279,Male,Yes,25,No,Entertainment,6.0,High,1.0,Yes,1
467597,Female,Yes,65,Yes,Lawyer,0.0,Low,1.0,No,3
459065,Male,Yes,51,Yes,Engineer,,Low,2.0,No,1
461151,Male,No,32,Yes,Artist,0.0,Low,3.0,No,0
462017,Male,No,25,Yes,Entertainment,9.0,Low,1.0,No,0
464680,Male,No,21,No,Healthcare,1.0,Low,5.0,No,2
462398,Female,Yes,62,Yes,Artist,1.0,Low,4.0,No,4
460808,Male,No,42,Yes,Artist,1.0,Low,1.0,No,0
464356,Female,Yes,76,Yes,Lawyer,1.0,High,2.0,Yes,3
467142,Male,Yes,40,Yes,Executive,0.0,Low,4.0,No,1
466429,Male,Yes,36,No,Healthcare,1.0,Low,2.0,No,1
464841,Male,,24,No,Entertainment,0.0,High,2.0,Yes,1
460826,Female,No,32,Yes,Artist,0.0,Low,3.0,No,0
465718,Female,Yes,49,Yes,Marketing,9.0,Low,2.0,No,4
459643,Male,Yes,40,Yes,Executive,0.0,High,4.0,Yes,1
467450,Male,Yes,76,No,Executive,9.0,High,1.0,Yes,3
462997,Male,Yes,55,Yes,Entertainment,0.0,Average,4.0,No,1
467273,Female,Yes,81,Yes,Lawyer,7.0,High,2.0,Yes,3
461988,Female,Yes,31,No,Engineer,2.0,Average,1.0,Yes,4
464155,Male,No,41,No,Doctor,0.0,Low,3.0,No,2
464954,Male,No,23,No,Healthcare,1.0,Low,4.0,No,2
467217,Female,Yes,79,Yes,Lawyer,,High,2.0,Yes,3
459507,Male,Yes,67,Yes,Lawyer,,High,2.0,Yes,3
461545,Female,Yes,70,Yes,Artist,1.0,Low,3.0,No,4
466799,Female,No,19,No,Healthcare,2.0,Low,3.0,No,2
464652,Male,Yes,26,No,Engineer,5.0,Average,2.0,Yes,1
465777,Female,No,30,Yes,Artist,9.0,Low,5.0,No,0
463990,Male,Yes,55,Yes,Artist,1.0,Average,2.0,No,1
465539,Male,Yes,51,Yes,Artist,0.0,High,4.0,Yes,1
467334,Female,No,74,No,Executive,1.0,High,1.0,Yes,3
460933,Male,Yes,79,Yes,Lawyer,2.0,High,3.0,Yes,3
467797,Male,Yes,53,Yes,Artist,3.0,High,3.0,Yes,1
462280,Male,No,32,Yes,Healthcare,0.0,Low,4.0,No,2
462261,Male,Yes,60,No,Engineer,0.0,Average,3.0,Yes,1
461954,Female,Yes,38,No,Engineer,0.0,Average,7.0,Yes,4
462711,Male,Yes,53,Yes,Artist,0.0,Average,5.0,No,1
459072,Male,Yes,66,Yes,Entertainment,1.0,Average,2.0,No,1
461433,Male,Yes,70,Yes,Doctor,1.0,High,3.0,Yes,1
462818,Male,Yes,59,Yes,Artist,1.0,Average,3.0,No,1
465053,Male,Yes,80,Yes,Executive,1.0,High,1.0,Yes,3
459661,Male,Yes,67,Yes,Executive,0.0,High,3.0,Yes,3
464018,Male,No,22,No,,0.0,Low,7.0,No,2
459829,Male,Yes,53,Yes,Artist,3.0,High,3.0,Yes,1
464012,Female,Yes,75,Yes,Lawyer,3.0,High,2.0,Yes,3
467110,Male,,60,Yes,Lawyer,1.0,High,1.0,Yes,3
459410,Female,Yes,79,Yes,Lawyer,1.0,High,2.0,Yes,3
465447,Male,Yes,47,Yes,Engineer,3.0,Average,3.0,Yes,1
462308,Male,Yes,26,No,Healthcare,0.0,High,1.0,Yes,1
465226,Male,Yes,37,No,Entertainment,2.0,Low,3.0,No,1
465994,Male,No,32,No,Doctor,3.0,Low,3.0,No,2
464675,Female,Yes,45,No,Doctor,0.0,Average,10.0,Yes,4
461023,Male,Yes,65,No,Lawyer,,High,2.0,Yes,3
467770,Female,Yes,46,Yes,Artist,10.0,High,3.0,Yes,4
464073,Female,No,46,Yes,Engineer,1.0,Low,2.0,No,0
459766,Female,No,42,Yes,Engineer,,Low,1.0,No,0
460770,Female,No,25,Yes,Healthcare,5.0,Low,3.0,No,0
462294,Male,Yes,30,No,Healthcare,1.0,Average,4.0,No,1
464813,Male,Yes,41,No,Engineer,4.0,Average,6.0,Yes,1
459624,Male,No,18,No,Healthcare,,Low,5.0,No,2
464281,Female,No,39,Yes,Artist,0.0,Low,1.0,No,0
462171,Female,Yes,36,No,Engineer,3.0,High,1.0,Yes,4
466440,Male,Yes,23,No,Executive,1.0,High,9.0,Yes,1
466932,Female,No,49,Yes,Doctor,,Low,2.0,No,0
463926,Female,No,27,No,Engineer,0.0,Low,6.0,No,2
459860,Male,Yes,77,No,Executive,0.0,High,1.0,Yes,3
461705,Female,No,32,No,Healthcare,1.0,Low,4.0,No,2
462917,Male,Yes,65,No,Doctor,1.0,Low,1.0,No,1
465432,Female,Yes,58,Yes,Engineer,0.0,Average,4.0,Yes,4
460180,Female,Yes,27,Yes,Marketing,11.0,Average,2.0,No,4
463894,Female,Yes,51,Yes,Artist,0.0,Average,3.0,No,4
464161,Male,Yes,83,No,Lawyer,1.0,Low,1.0,No,3
464515,Male,No,27,No,Healthcare,0.0,Low,4.0,No,2
462361,Male,Yes,60,Yes,Artist,0.0,Low,2.0,No,1
465973,Female,Yes,50,Yes,Artist,8.0,Average,2.0,No,4
467898,Female,Yes,68,Yes,Artist,0.0,Low,1.0,No,4
463131,Male,Yes,66,No,Entertainment,0.0,High,1.0,Yes,3
460191,Female,No,33,No,Healthcare,8.0,Low,4.0,No,2
466951,Female,Yes,52,Yes,Artist,0.0,High,2.0,Yes,4
464982,Male,Yes,70,Yes,Executive,0.0,High,3.0,Yes,3
464665,Female,Yes,54,No,Engineer,0.0,Average,4.0,Yes,4
463444,Male,Yes,59,Yes,Lawyer,,High,3.0,Yes,3
464518,Male,Yes,30,No,Executive,0.0,High,4.0,Yes,1
465815,Male,Yes,41,No,Doctor,2.0,Average,3.0,Yes,1
464088,Male,No,27,No,Doctor,1.0,Low,3.0,No,2
463965,Male,No,25,Yes,Doctor,7.0,Low,1.0,No,0
467227,Female,No,37,Yes,Artist,12.0,Low,1.0,No,0
461060,Male,Yes,59,Yes,Executive,1.0,High,5.0,Yes,1
463716,Male,No,29,No,Doctor,1.0,Low,4.0,No,2
467105,Female,Yes,45,Yes,Lawyer,0.0,Low,1.0,No,3
459341,Male,Yes,71,Yes,Lawyer,0.0,High,1.0,Yes,3
465686,Female,No,22,No,Healthcare,0.0,Low,2.0,No,2
464097,Male,Yes,39,No,Doctor,4.0,High,2.0,Yes,1
459236,Female,Yes,80,No,Lawyer,0.0,High,3.0,Yes,3
464415,Male,Yes,41,No,Doctor,1.0,Low,3.0,No,1
460107,Male,Yes,53,Yes,Engineer,2.0,Average,4.0,Yes,1
462620,Male,Yes,41,No,Engineer,7.0,Average,4.0,Yes,1
463229,Female,No,22,No,Marketing,0.0,Low,1.0,No,2
467006,Female,No,73,Yes,Lawyer,0.0,Low,1.0,No,0
462466,Male,Yes,54,Yes,Executive,0.0,High,5.0,Yes,1
460071,Female,No,53,Yes,Engineer,1.0,Low,1.0,No,0
462635,Male,Yes,42,No,Engineer,5.0,Average,4.0,Yes,1
467461,Female,No,43,Yes,Artist,8.0,High,3.0,Yes,0
466716,Female,Yes,79,Yes,Lawyer,1.0,Low,1.0,No,3
462705,Female,Yes,71,No,Lawyer,0.0,Average,3.0,Yes,3
467091,Female,No,42,Yes,Entertainment,1.0,Low,3.0,No,0
463031,Female,Yes,38,Yes,Artist,1.0,Average,4.0,No,4
463616,Female,Yes,50,No,Engineer,0.0,Average,6.0,Yes,4
459084,Male,Yes,43,No,Executive,2.0,High,1.0,Yes,1
464874,Female,Yes,47,Yes,Artist,0.0,Average,4.0,No,4
463106,Female,Yes,84,Yes,Lawyer,0.0,Low,1.0,No,3
463518,Male,Yes,26,No,Executive,7.0,High,3.0,Yes,1
462559,Female,Yes,47,Yes,Engineer,9.0,Average,4.0,Yes,4
464262,Male,Yes,75,No,Executive,0.0,Low,1.0,No,3
460621,Male,Yes,77,Yes,Lawyer,0.0,Low,2.0,No,3
465229,Male,Yes,42,Yes,Executive,2.0,High,3.0,Yes,1
459229,Female,Yes,65,Yes,Lawyer,0.0,Average,4.0,Yes,3
463452,Female,Yes,74,Yes,Lawyer,2.0,High,2.0,Yes,3
465421,Female,No,25,No,Engineer,1.0,Low,1.0,No,0
461267,Female,No,35,Yes,Healthcare,,Low,1.0,No,0
463558,Female,Yes,80,No,Lawyer,0.0,Average,1.0,Yes,3
461671,Male,No,32,No,Healthcare,7.0,Low,5.0,No,2
465678,Male,Yes,36,No,Entertainment,1.0,Low,2.0,No,1
461422,Male,Yes,52,Yes,Executive,1.0,Average,6.0,No,1
464274,Female,Yes,56,Yes,Artist,1.0,Average,5.0,No,4
467904,Female,No,25,Yes,Artist,13.0,Low,1.0,No,0
460896,Male,No,43,Yes,Artist,0.0,Low,1.0,No,0
463524,Female,Yes,40,Yes,Artist,6.0,Average,2.0,No,4
467382,Male,Yes,33,Yes,Doctor,8.0,Average,1.0,Yes,1
466678,Male,No,28,Yes,Healthcare,1.0,Low,4.0,No,2
462098,Female,Yes,38,No,Entertainment,3.0,Average,3.0,No,4
461734,Female,Yes,80,No,,,High,2.0,Yes,4
466664,Female,Yes,51,Yes,Doctor,0.0,Average,2.0,Yes,4
466378,Male,No,59,No,Executive,2.0,High,2.0,Yes,3
462385,Male,No,23,No,Doctor,4.0,Low,3.0,No,2
460633,Male,Yes,40,Yes,,,High,3.0,Yes,1
466897,Male,,52,No,Doctor,0.0,High,3.0,Yes,1
464718,Male,No,25,No,Healthcare,0.0,Low,2.0,No,2
466385,Female,Yes,55,Yes,Artist,4.0,Average,4.0,No,4
463158,Male,Yes,83,Yes,Executive,0.0,High,3.0,Yes,3
462338,Male,Yes,43,Yes,Artist,9.0,Average,2.0,No,1
461298,Female,Yes,80,Yes,Artist,0.0,High,2.0,Yes,4
461601,Male,Yes,36,Yes,Artist,,Average,2.0,No,1
466935,Male,Yes,55,Yes,Artist,9.0,Average,2.0,No,1
460642,Male,No,19,No,Healthcare,13.0,Low,3.0,No,2
466664,Female,Yes,47,Yes,Doctor,1.0,Average,2.0,Yes,4
464003,Male,No,22,No,Healthcare,0.0,Low,4.0,No,2
460739,Male,Yes,43,Yes,Executive,,High,4.0,Yes,1
461060,Female,Yes,64,Yes,Executive,0.0,High,6.0,Yes,4
465950,Female,Yes,52,Yes,Artist,6.0,Low,2.0,No,4
466453,Male,Yes,41,Yes,Entertainment,2.0,Average,2.0,No,1
459662,Male,Yes,51,Yes,Entertainment,0.0,High,5.0,Yes,1
467797,Male,Yes,55,Yes,Artist,3.0,High,1.0,Yes,1
463189,Female,Yes,69,Yes,Engineer,1.0,Low,1.0,No,4
467742,Male,Yes,54,No,Artist,5.0,High,5.0,Yes,1
459258,Female,Yes,74,Yes,Lawyer,1.0,High,,Yes,3
462344,Female,Yes,63,Yes,Artist,0.0,High,4.0,Yes,4
467728,Female,Yes,37,No,Engineer,1.0,High,6.0,Yes,4
460966,Female,Yes,59,Yes,Engineer,3.0,Average,3.0,Yes,4
459473,Male,No,77,No,Lawyer,,High,1.0,Yes,3
464227,Male,Yes,80,Yes,Lawyer,0.0,High,1.0,Yes,3
461675,Male,No,61,Yes,Lawyer,1.0,Low,1.0,No,0
459319,Female,Yes,46,No,Artist,3.0,High,3.0,Yes,4
459807,Male,Yes,81,Yes,Lawyer,1.0,Low,1.0,No,3
459788,Female,No,36,Yes,Entertainment,,Low,1.0,No,0
464993,Male,No,52,No,Executive,3.0,High,4.0,Yes,2
460702,Female,No,51,Yes,Artist,0.0,Low,1.0,No,0
464240,Male,Yes,52,No,Engineer,,Low,1.0,No,1
464009,Female,Yes,49,Yes,Artist,7.0,Average,4.0,No,4
466465,Male,Yes,41,Yes,Engineer,3.0,High,3.0,Yes,1
464579,Female,No,29,No,Engineer,1.0,Low,4.0,No,2
464119,Male,Yes,36,Yes,Artist,0.0,Average,2.0,No,1
460838,Male,No,40,Yes,Artist,0.0,Low,,No,0
467752,Male,Yes,31,No,Executive,,Average,3.0,No,1
460782,Male,Yes,77,No,Artist,3.0,High,1.0,Yes,1
460961,Male,No,20,No,Healthcare,1.0,Low,2.0,No,2
466392,Male,Yes,45,Yes,Engineer,3.0,Average,,Yes,1
459649,Male,Yes,39,Yes,Healthcare,1.0,Average,2.0,No,1
464766,Female,Yes,47,No,Engineer,8.0,Average,6.0,Yes,4
463149,Male,Yes,60,Yes,Artist,3.0,Average,2.0,No,1
462985,Male,Yes,34,Yes,Doctor,9.0,Average,4.0,Yes,1
461661,Female,Yes,37,Yes,Artist,7.0,Average,2.0,No,4
460964,Male,Yes,84,No,Lawyer,1.0,High,2.0,Yes,3
462891,Male,No,27,No,Healthcare,1.0,Low,3.0,No,2
466168,Female,Yes,46,Yes,Executive,1.0,High,2.0,Yes,4
459971,Female,No,40,Yes,Healthcare,8.0,Low,1.0,No,0
464081,Male,Yes,73,Yes,Executive,11.0,High,2.0,Yes,3
465193,Male,Yes,34,No,Engineer,,Average,,Yes,1
459033,Female,Yes,56,Yes,Artist,0.0,Low,1.0,No,4
464204,Female,Yes,39,Yes,Artist,2.0,High,2.0,Yes,4
460161,Male,No,38,Yes,Artist,0.0,Low,1.0,No,0
465601,Male,Yes,35,Yes,Artist,,Average,4.0,No,1
466138,Female,Yes,75,No,Lawyer,3.0,High,3.0,Yes,3
458999,Male,Yes,55,Yes,Artist,1.0,Average,2.0,No,1
462390,Female,No,28,No,Healthcare,0.0,Low,4.0,No,2
466812,Male,No,31,No,Homemaker,14.0,Low,1.0,No,2
464375,Female,Yes,63,Yes,Artist,1.0,Low,2.0,No,4
461787,Male,Yes,72,Yes,Artist,0.0,Average,2.0,No,1
461317,Female,No,59,Yes,Artist,1.0,Low,1.0,No,0
467164,Male,Yes,38,Yes,Artist,0.0,High,1.0,Yes,1
460290,Female,,47,Yes,Artist,,High,1.0,Yes,4
464235,Female,No,58,No,Engineer,,Average,3.0,Yes,2
465536,Female,Yes,33,Yes,Doctor,,Average,2.0,Yes,4
463546,Female,No,30,Yes,Healthcare,0.0,Low,2.0,No,0
467376,Female,No,48,Yes,Doctor,6.0,Average,3.0,Yes,0
466435,Male,Yes,36,No,Executive,3.0,High,6.0,Yes,1
459444,Male,No,66,Yes,Artist,0.0,High,2.0,Yes,1
462638,Female,No,33,Yes,Engineer,,Low,2.0,No,0
465228,Male,Yes,62,Yes,Artist,0.0,High,2.0,Yes,1
467690,Female,Yes,67,No,Lawyer,,High,2.0,Yes,3
465142,Male,No,23,No,Healthcare,0.0,Low,4.0,No,2
460614,Male,,38,Yes,Entertainment,,Average,4.0,No,1
463569,Female,Yes,59,No,Marketing,1.0,Average,4.0,No,3
467619,Male,Yes,65,Yes,Lawyer,1.0,High,2.0,Yes,3
461569,Male,Yes,63,Yes,Artist,1.0,Low,1.0,No,1
463224,Male,No,49,Yes,Executive,1.0,High,3.0,Yes,1
459386,Male,Yes,68,No,Lawyer,0.0,High,2.0,Yes,3
467313,Male,Yes,39,Yes,Entertainment,1.0,Average,2.0,No,1
467124,Male,Yes,57,No,,1.0,Average,2.0,No,1
463336,Female,Yes,62,No,Engineer,4.0,Low,1.0,No,4
466127,Male,Yes,55,Yes,Doctor,1.0,Average,3.0,Yes,1
463459,Male,Yes,69,Yes,Artist,4.0,High,3.0,Yes,1
464339,Male,No,26,No,Artist,0.0,Low,2.0,No,2
465825,Female,Yes,36,No,Executive,9.0,Average,5.0,No,4
459659,Female,,18,No,Healthcare,,Low,3.0,No,2
466617,Female,No,23,No,Healthcare,4.0,Low,3.0,No,2
460745,Male,Yes,80,No,Lawyer,2.0,High,3.0,Yes,3
464023,Male,No,22,No,Healthcare,0.0,Low,5.0,No,2
460305,Female,Yes,47,No,Entertainment,0.0,High,1.0,Yes,4
461739,Female,Yes,46,Yes,Artist,1.0,Low,,No,4
466307,Male,Yes,49,Yes,Artist,1.0,Low,2.0,No,1
463684,Female,No,29,Yes,Healthcare,0.0,Low,4.0,No,2
464444,Male,Yes,36,Yes,Artist,8.0,Average,2.0,No,1
467543,Male,No,70,Yes,Lawyer,0.0,High,3.0,Yes,3
461314,Male,Yes,46,Yes,Artist,1.0,Average,3.0,No,1
464780,Female,No,32,No,Engineer,1.0,Low,9.0,No,2
464192,Female,Yes,61,No,Lawyer,0.0,High,3.0,Yes,3
462955,Male,Yes,42,Yes,Artist,1.0,Low,2.0,No,1
465228,Male,Yes,64,Yes,Artist,0.0,High,2.0,Yes,1
464554,Female,No,35,Yes,Artist,0.0,Low,7.0,No,2
461867,Male,No,30,Yes,Artist,0.0,Low,4.0,No,0
459956,Female,Yes,39,Yes,Healthcare,8.0,Average,2.0,No,4
467352,Male,Yes,51,Yes,Executive,1.0,High,4.0,Yes,1
459647,Female,No,43,Yes,Engineer,1.0,Low,2.0,No,0
465041,Female,Yes,50,No,Artist,0.0,Average,4.0,No,4
461353,Male,Yes,50,Yes,Executive,0.0,High,4.0,Yes,1
462127,Male,Yes,68,Yes,Lawyer,0.0,High,2.0,Yes,3
458995,Male,Yes,62,No,Executive,0.0,High,4.0,Yes,3
461449,Female,Yes,40,Yes,Artist,5.0,High,4.0,Yes,4
463426,Male,Yes,41,No,Executive,0.0,High,5.0,Yes,1
465330,Male,No,28,Yes,Engineer,0.0,Low,3.0,No,0
465721,Male,Yes,25,Yes,Entertainment,1.0,High,2.0,Yes,1
462515,Male,Yes,46,No,Doctor,6.0,Average,5.0,Yes,1
462689,Female,No,37,Yes,Homemaker,,Low,1.0,No,0
459947,Female,No,37,Yes,Artist,3.0,Low,1.0,No,0
464992,Female,Yes,65,Yes,Executive,0.0,High,2.0,Yes,3
460873,Male,Yes,46,Yes,Entertainment,0.0,Average,3.0,No,1
460498,Male,Yes,47,No,Executive,1.0,High,2.0,Yes,1
463382,Female,Yes,46,Yes,Engineer,4.0,High,2.0,Yes,4
462238,Male,Yes,60,No,Entertainment,,Low,2.0,No,1
464896,Male,Yes,74,No,Executive,2.0,High,3.0,Yes,3
461484,Female,No,27,Yes,Healthcare,1.0,Low,5.0,No,2
460735,Male,Yes,36,Yes,Engineer,1.0,Average,5.0,Yes,1
460114,Male,Yes,30,Yes,Healthcare,8.0,Low,2.0,No,1
461771,Male,Yes,27,Yes,Doctor,9.0,Average,2.0,Yes,1
465131,Female,Yes,87,No,Lawyer,0.0,Low,1.0,No,3
463727,Female,No,27,No,Doctor,0.0,Low,5.0,No,2
460162,Female,No,21,No,Healthcare,1.0,Low,4.0,No,2
466147,Female,Yes,52,No,Artist,0.0,Average,4.0,No,4
460209,Female,Yes,26,Yes,Entertainment,5.0,Low,7.0,No,4
461460,Male,Yes,38,Yes,Executive,8.0,High,2.0,Yes,1
460335,Female,No,63,Yes,Doctor,0.0,Low,2.0,No,0
467951,Male,No,31,Yes,Entertainment,1.0,Low,3.0,No,0
464725,Male,Yes,45,No,Executive,11.0,High,9.0,Yes,1
466569,Female,No,20,No,Doctor,9.0,Low,4.0,No,2
459531,Male,No,38,Yes,Marketing,3.0,Low,,No,2
467038,Male,Yes,59,Yes,Lawyer,0.0,High,3.0,Yes,3
459156,Male,Yes,80,Yes,Lawyer,2.0,High,2.0,Yes,3
465362,Female,Yes,56,Yes,Engineer,2.0,Average,3.0,Yes,4
461920,Male,No,30,Yes,Entertainment,0.0,Low,,No,0
462127,Male,Yes,70,Yes,Lawyer,2.0,High,2.0,Yes,3
461845,Female,Yes,51,Yes,Doctor,0.0,Average,3.0,Yes,4
459631,Female,,56,Yes,Executive,,High,4.0,Yes,4
464929,Female,Yes,66,No,Doctor,0.0,Average,2.0,Yes,4
460438,Male,Yes,63,No,Executive,1.0,High,5.0,Yes,1
466743,Male,No,26,No,Entertainment,1.0,Low,2.0,No,2
459992,Male,No,48,Yes,Artist,1.0,Low,1.0,No,0
461490,Female,Yes,73,Yes,Artist,2.0,High,2.0,Yes,4
463353,Male,Yes,50,Yes,Executive,4.0,Average,4.0,No,1
460504,Male,,43,No,Executive,,Average,3.0,No,1
467346,Male,Yes,37,Yes,Artist,1.0,Average,3.0,No,1
464993,Female,Yes,56,No,Executive,3.0,High,5.0,Yes,4
463495,Male,No,30,No,Healthcare,,Low,4.0,No,2
466451,Male,Yes,41,Yes,Entertainment,0.0,Low,1.0,No,1
462428,Male,Yes,67,Yes,Entertainment,2.0,Average,3.0,No,1
459521,Female,Yes,46,Yes,Artist,0.0,Average,4.0,No,4
459806,Female,Yes,51,Yes,Engineer,3.0,Average,3.0,Yes,4
465384,Male,Yes,56,Yes,Artist,0.0,High,2.0,Yes,1
461161,Male,No,48,Yes,Entertainment,1.0,Low,2.0,No,0
465623,Male,Yes,41,Yes,Artist,8.0,Average,2.0,No,1
465391,Female,Yes,68,Yes,Lawyer,0.0,High,2.0,Yes,3
463577,Male,Yes,38,Yes,Doctor,0.0,Average,3.0,Yes,1
463754,Male,No,33,Yes,Entertainment,1.0,Low,4.0,No,2
466723,Female,No,32,No,Entertainment,1.0,Low,3.0,No,2
465133,Female,Yes,57,Yes,Engineer,1.0,Average,5.0,Yes,4
465474,Male,No,27,No,Marketing,8.0,Low,4.0,No,2
464959,Female,Yes,43,Yes,Engineer,0.0,Average,7.0,Yes,4
460510,Male,Yes,35,Yes,Entertainment,,Average,2.0,No,1
467683,Male,Yes,27,Yes,Healthcare,11.0,High,2.0,Yes,1
463151,Male,Yes,60,Yes,Artist,1.0,Low,1.0,No,1
462976,Female,Yes,50,Yes,Engineer,0.0,Average,2.0,Yes,4
463447,Male,Yes,62,No,Engineer,2.0,Average,3.0,Yes,1
461774,Female,Yes,80,Yes,Lawyer,0.0,High,2.0,Yes,3
462889,Male,Yes,33,No,Executive,,High,4.0,Yes,1
461796,Male,Yes,39,Yes,Artist,1.0,Average,2.0,No,1
462969,Male,Yes,58,Yes,Artist,8.0,Low,1.0,No,1
467041,Female,Yes,57,Yes,Artist,1.0,Average,4.0,No,4
467157,Male,Yes,39,Yes,Executive,7.0,High,6.0,Yes,1
461240,Female,No,45,No,Marketing,1.0,Low,1.0,No,2
466829,Female,Yes,27,No,Homemaker,10.0,Low,1.0,No,4
463705,Female,Yes,37,Yes,Artist,4.0,Average,2.0,No,4
467072,Male,Yes,59,No,Executive,3.0,High,4.0,Yes,1
463472,Male,No,21,No,Healthcare,,Low,4.0,No,2
466657,Female,Yes,80,No,Lawyer,1.0,High,3.0,Yes,3
462064,Male,Yes,58,Yes,Artist,0.0,Average,3.0,No,1
464127,Female,No,33,Yes,Healthcare,1.0,Low,5.0,No,2
459231,Female,Yes,43,Yes,Artist,3.0,Average,4.0,No,4
459731,Female,Yes,56,Yes,Artist,2.0,High,3.0,Yes,4
462881,Female,Yes,67,Yes,Artist,0.0,High,4.0,Yes,4
461273,Male,No,68,Yes,Entertainment,0.0,High,5.0,Yes,1
464855,Female,Yes,35,No,Engineer,,Average,8.0,Yes,4
460450,Male,Yes,52,Yes,Executive,1.0,High,4.0,Yes,1
467543,Male,Yes,70,Yes,Lawyer,0.0,High,3.0,Yes,3
467455,Female,No,37,Yes,Artist,8.0,Low,2.0,No,0
466154,Female,Yes,45,Yes,Artist,1.0,Average,5.0,No,4
462251,Male,Yes,61,No,Artist,0.0,Average,2.0,No,1
460498,Female,Yes,49,No,Executive,1.0,High,3.0,Yes,4
465103,Male,Yes,80,Yes,Lawyer,2.0,High,3.0,Yes,3
464972,Male,Yes,67,No,Lawyer,0.0,High,9.0,Yes,3
462819,Male,Yes,49,Yes,Artist,0.0,Average,3.0,No,1
461946,Male,No,31,Yes,Healthcare,1.0,Low,3.0,No,0
464673,Male,Yes,51,No,Executive,1.0,High,6.0,Yes,1
461760,Male,No,80,Yes,Artist,0.0,High,3.0,Yes,1
465807,Female,No,42,Yes,Artist,1.0,Low,1.0,No,0
466818,Male,Yes,77,Yes,Executive,2.0,High,3.0,Yes,3
467352,Male,Yes,52,Yes,Executive,2.0,High,4.0,Yes,1
458996,Female,Yes,71,No,,1.0,Low,1.0,No,4
465032,Male,Yes,70,Yes,Executive,0.0,High,1.0,Yes,3
460857,Male,No,31,No,Entertainment,1.0,Low,1.0,No,2
462166,Male,Yes,26,Yes,Artist,0.0,Low,2.0,No,1
460534,Male,Yes,36,Yes,Artist,0.0,Average,4.0,No,1
464069,Female,Yes,83,Yes,Lawyer,1.0,High,2.0,Yes,3
463365,Male,Yes,69,No,Executive,1.0,High,2.0,Yes,3
467390,Male,Yes,46,Yes,Artist,0.0,Low,2.0,No,1
464501,Female,No,25,No,Healthcare,1.0,Low,3.0,No,2
462632,Female,Yes,41,No,Engineer,,Average,4.0,Yes,4
459748,Male,Yes,46,No,Executive,0.0,High,2.0,Yes,1
461146,Male,Yes,56,Yes,Entertainment,0.0,Low,2.0,No,1
466395,Female,Yes,34,Yes,Doctor,0.0,High,2.0,Yes,4
460927,Male,Yes,33,Yes,Healthcare,1.0,High,3.0,Yes,1
459884,Male,Yes,80,No,Lawyer,8.0,Low,1.0,No,3
465753,Female,Yes,49,Yes,Artist,6.0,Low,2.0,No,4
462946,Male,Yes,52,No,Artist,1.0,Low,2.0,No,1
460322,Female,Yes,45,No,Engineer,8.0,Low,,No,4
462567,Female,No,36,No,Engineer,0.0,Low,1.0,No,0
461343,Male,Yes,27,Yes,Artist,6.0,Average,2.0,No,1
466362,Male,Yes,65,Yes,Lawyer,1.0,High,2.0,Yes,3
465011,Male,Yes,66,Yes,Executive,3.0,High,2.0,Yes,3
467917,Female,No,27,Yes,Healthcare,3.0,Low,4.0,No,0
463457,Female,Yes,42,Yes,Artist,2.0,Average,2.0,No,4
464083,Male,Yes,67,No,Lawyer,1.0,High,2.0,Yes,3
465699,Female,No,38,No,Artist,13.0,Low,2.0,No,0
467077,Male,,61,Yes,Artist,1.0,Average,5.0,No,1
462793,Male,Yes,42,No,Executive,3.0,High,5.0,Yes,1
466489,Male,Yes,55,Yes,Homemaker,1.0,Average,4.0,No,1
461193,Female,No,41,Yes,Marketing,1.0,Low,1.0,No,0
464703,Male,Yes,40,No,Doctor,1.0,Average,5.0,Yes,1
464819,Female,Yes,67,Yes,Lawyer,1.0,Low,1.0,No,3
459134,Female,Yes,68,Yes,Lawyer,0.0,High,1.0,Yes,3
466920,Male,No,21,No,Healthcare,7.0,Low,4.0,No,2
466198,Female,Yes,66,No,Lawyer,0.0,High,1.0,Yes,3
461988,Male,Yes,34,No,Engineer,2.0,Average,1.0,Yes,1
459142,Female,Yes,89,Yes,Artist,0.0,High,3.0,Yes,4
466090,Male,Yes,57,Yes,Entertainment,1.0,Low,,No,1
460276,Female,Yes,37,Yes,Artist,3.0,Low,2.0,No,4
466440,Male,Yes,28,Yes,Executive,0.0,High,8.0,Yes,1
463942,Male,No,26,No,Healthcare,0.0,Low,4.0,No,2
461637,Male,Yes,51,Yes,Artist,1.0,Low,2.0,No,1
464509,Male,Yes,50,Yes,Artist,2.0,High,4.0,Yes,1
466206,Female,Yes,60,Yes,Artist,2.0,Average,2.0,No,4
459549,Male,No,22,No,Healthcare,9.0,Low,5.0,No,2
464660,Male,No,29,Yes,Entertainment,0.0,Low,5.0,No,2
459444,Male,Yes,68,Yes,Artist,1.0,High,2.0,Yes,1
465215,Male,Yes,40,Yes,Executive,11.0,High,6.0,Yes,1
461446,Male,Yes,71,Yes,Lawyer,2.0,High,3.0,Yes,3
463434,Female,No,26,Yes,Engineer,,Average,1.0,Yes,0
463144,Male,Yes,43,Yes,Executive,2.0,High,4.0,Yes,1
463432,Male,No,36,Yes,Artist,0.0,Low,1.0,No,0
463515,Female,Yes,41,Yes,Artist,11.0,Average,4.0,No,4
461712,Female,Yes,42,Yes,Artist,1.0,Low,2.0,No,4
467172,Male,No,40,,Artist,8.0,Low,2.0,No,0
462270,Male,Yes,51,Yes,Doctor,1.0,Average,4.0,Yes,1
465971,Male,Yes,57,Yes,Artist,0.0,Low,1.0,No,1
460924,Male,No,28,No,Doctor,1.0,Low,5.0,No,2
461536,Female,No,39,Yes,Doctor,2.0,Low,1.0,No,0
459836,Male,,32,Yes,Healthcare,8.0,High,5.0,Yes,1
466898,Male,Yes,48,Yes,Executive,1.0,High,3.0,Yes,1
465275,Male,No,27,Yes,Healthcare,1.0,Low,5.0,No,2
464923,Male,No,47,No,Executive,7.0,High,2.0,Yes,1
460670,Male,No,42,Yes,Artist,6.0,Low,2.0,No,0
465002,Female,Yes,80,Yes,Lawyer,1.0,High,2.0,Yes,3
464143,Male,No,33,Yes,Healthcare,9.0,Low,5.0,No,2
465405,Female,,24,Yes,Homemaker,2.0,High,5.0,Yes,4
466354,Male,No,22,No,Healthcare,0.0,Low,4.0,No,2
459004,Female,Yes,56,Yes,Artist,0.0,High,6.0,Yes,4
461454,Female,Yes,35,Yes,Artist,7.0,High,4.0,Yes,4
460045,Male,Yes,56,Yes,Artist,0.0,Low,2.0,No,1
462943,Male,No,61,Yes,Executive,7.0,High,2.0,Yes,1
459849,Female,Yes,55,Yes,Artist,2.0,High,6.0,Yes,4
467575,Female,No,29,No,Engineer,1.0,Low,4.0,No,2
467336,Female,Yes,63,Yes,Artist,0.0,Average,4.0,No,4
466998,Female,Yes,60,No,Artist,,Average,3.0,No,4
459582,Male,Yes,27,No,Entertainment,,Average,3.0,No,1
460901,Male,No,22,No,Doctor,8.0,Low,3.0,No,2
464620,Female,Yes,41,Yes,Artist,1.0,High,2.0,Yes,4
465235,Male,Yes,43,Yes,Healthcare,3.0,High,4.0,Yes,1
464404,Male,No,89,Yes,Artist,1.0,Low,,No,0
460192,Male,Yes,41,Yes,,0.0,Low,2.0,No,1
465035,Male,Yes,75,Yes,Lawyer,10.0,High,2.0,Yes,3
460723,Female,Yes,50,Yes,Engineer,1.0,High,2.0,Yes,4
459473,Male,Yes,78,No,Lawyer,,High,2.0,Yes,3
460886,Male,No,37,Yes,Artist,0.0,Low,1.0,No,0
464209,Male,Yes,52,Yes,Executive,1.0,Average,4.0,No,1
461288,Male,No,26,Yes,Doctor,1.0,Low,4.0,No,0
467941,Female,No,27,Yes,Doctor,1.0,Low,3.0,No,0
462029,Male,No,60,No,Entertainment,0.0,Low,1.0,No,0
466190,Male,Yes,53,Yes,Executive,0.0,Low,2.0,No,1
466257,Female,No,32,No,Healthcare,0.0,Low,4.0,No,2
459968,Male,No,39,Yes,Artist,11.0,Low,1.0,No,0
459732,Male,Yes,72,Yes,Executive,1.0,High,5.0,Yes,1
463784,Female,No,29,No,Engineer,0.0,Low,5.0,No,2
464236,Female,Yes,65,Yes,Artist,2.0,High,1.0,Yes,4
460084,Female,No,27,Yes,Healthcare,1.0,Low,2.0,No,0
466629,Male,No,28,No,Healthcare,1.0,Low,5.0,No,2
463341,Female,Yes,46,No,Engineer,2.0,Average,5.0,Yes,4
464921,Male,Yes,35,No,Doctor,0.0,Average,5.0,Yes,1
465299,Male,Yes,57,No,Executive,,High,3.0,Yes,1
459476,Male,Yes,41,Yes,Artist,0.0,High,3.0,Yes,1
460111,Male,Yes,75,Yes,Executive,10.0,High,1.0,Yes,3
465108,Male,Yes,63,Yes,Doctor,0.0,Average,2.0,Yes,1
459920,Female,Yes,56,Yes,Artist,7.0,High,3.0,Yes,4
466428,Female,No,23,No,,0.0,Low,2.0,No,2
459181,Male,Yes,58,No,Artist,0.0,High,3.0,Yes,1
462933,Male,Yes,55,,Entertainment,,High,6.0,Yes,1
466272,Female,Yes,73,Yes,Lawyer,0.0,Average,3.0,Yes,3
462980,Male,No,28,Yes,Entertainment,1.0,Low,5.0,No,2
464994,Female,Yes,51,Yes,Executive,6.0,High,4.0,Yes,4
463857,Male,Yes,54,No,Healthcare,0.0,High,3.0,Yes,3
463317,Male,Yes,72,Yes,Marketing,0.0,Low,1.0,No,3
462809,Male,No,22,No,Healthcare,1.0,Low,4.0,No,2
464776,Female,Yes,49,No,Engineer,,Average,4.0,Yes,4
462755,Female,No,20,No,Healthcare,0.0,Low,,No,2
464244,Male,Yes,67,Yes,Executive,3.0,High,4.0,Yes,1
467581,Female,Yes,28,No,Engineer,4.0,Average,1.0,Yes,4
463536,Male,Yes,80,Yes,Executive,,High,3.0,Yes,3
464346,Male,Yes,54,Yes,Executive,1.0,High,4.0,Yes,1
461289,Male,No,22,No,Healthcare,0.0,Low,3.0,No,2
467306,Female,Yes,58,Yes,Artist,0.0,Average,5.0,No,4
463834,Female,Yes,38,Yes,Engineer,0.0,Average,4.0,Yes,4
462628,Female,Yes,28,No,,,Average,3.0,No,4
464668,Male,Yes,34,No,Healthcare,0.0,High,3.0,Yes,1
465424,Male,No,38,Yes,Entertainment,1.0,Low,3.0,No,0
465657,Female,Yes,53,Yes,Artist,0.0,Average,2.0,No,4
465157,Male,Yes,42,Yes,Entertainment,3.0,Average,4.0,No,1
459786,Male,Yes,60,Yes,Marketing,2.0,High,4.0,Yes,3
462621,Male,Yes,45,No,Engineer,4.0,Average,4.0,Yes,1
461789,Male,Yes,67,Yes,Executive,1.0,High,2.0,Yes,3
464094,Male,Yes,52,Yes,Executive,0.0,High,3.0,Yes,1
461534,Male,Yes,39,Yes,Artist,1.0,Low,1.0,No,1
459732,Male,Yes,75,No,Executive,0.0,High,6.0,Yes,3
462296,Female,Yes,49,Yes,Artist,0.0,High,3.0,Yes,4
460502,Female,Yes,56,Yes,Engineer,0.0,Average,2.0,Yes,4
467516,Female,Yes,31,No,Artist,0.0,High,3.0,Yes,4
459419,Male,Yes,63,Yes,Doctor,0.0,Average,2.0,Yes,1
467248,Female,Yes,80,Yes,Lawyer,0.0,High,1.0,Yes,3
465568,Male,Yes,35,Yes,Executive,5.0,High,3.0,Yes,1
462733,Male,Yes,55,No,Artist,0.0,Average,2.0,No,1
459528,Female,Yes,52,Yes,Doctor,0.0,Average,2.0,Yes,4
459661,Male,Yes,59,Yes,Executive,0.0,High,3.0,Yes,1
464940,Female,Yes,30,No,Engineer,1.0,Low,2.0,No,4
462919,Female,Yes,37,No,Homemaker,13.0,Average,3.0,No,4
462625,Male,No,32,Yes,Artist,0.0,Low,3.0,No,0
460950,Male,Yes,28,No,Doctor,0.0,Low,5.0,No,1
464811,Female,Yes,43,No,Engineer,,Average,,Yes,4
466006,Female,Yes,49,Yes,Artist,1.0,Low,2.0,No,4
461644,Male,No,31,No,Healthcare,1.0,Low,6.0,No,2
466393,Female,Yes,42,No,Entertainment,1.0,Low,6.0,No,4
460521,Male,No,39,Yes,Artist,1.0,Low,,No,0
460501,Male,No,25,Yes,Healthcare,0.0,Low,,No,2
459598,Male,Yes,40,No,Artist,,Average,2.0,No,1
463827,Female,Yes,46,No,Engineer,1.0,Average,3.0,Yes,4
461773,Male,Yes,65,Yes,Entertainment,0.0,High,3.0,Yes,1
459490,Male,No,40,No,Engineer,,Average,1.0,Yes,0
465236,Male,Yes,47,Yes,Artist,0.0,Low,1.0,No,1
467858,Male,Yes,59,Yes,Artist,,Low,4.0,No,1
465060,Male,Yes,79,Yes,Lawyer,15.0,High,3.0,Yes,3
460508,Male,Yes,22,Yes,Healthcare,2.0,High,4.0,Yes,1
466440,Male,Yes,20,No,Executive,2.0,High,9.0,Yes,1
467099,Female,No,30,No,Entertainment,0.0,Low,3.0,No,2
460782,Male,Yes,72,Yes,Artist,0.0,High,2.0,Yes,1
465355,Female,Yes,47,Yes,Artist,7.0,Average,2.0,No,4
459375,Male,Yes,18,No,Executive,0.0,High,4.0,Yes,1
464531,Male,Yes,38,No,Engineer,0.0,High,6.0,Yes,1
463162,Male,Yes,35,No,Executive,1.0,High,7.0,Yes,1
463207,Female,Yes,51,Yes,Artist,1.0,Average,2.0,No,4
465872,Female,No,33,Yes,Engineer,10.0,Low,1.0,No,0
466392,Female,Yes,45,Yes,Engineer,3.0,Average,,Yes,4
459860,Male,Yes,79,No,Executive,3.0,High,2.0,Yes,3
463864,Female,Yes,77,No,Executive,,High,2.0,Yes,3
461124,Male,No,19,No,Healthcare,1.0,Low,8.0,No,2
465029,Female,Yes,78,No,Lawyer,3.0,High,3.0,Yes,3
459731,Female,Yes,60,Yes,Artist,0.0,High,4.0,Yes,4
459737,Female,Yes,80,Yes,Lawyer,6.0,High,1.0,Yes,3
459238,Female,Yes,77,Yes,Lawyer,,High,3.0,Yes,3
465746,Female,No,41,Yes,Artist,,Low,1.0,No,0
461823,Male,No,27,No,Healthcare,10.0,Low,4.0,No,2
460285,Female,No,57,Yes,Doctor,0.0,Low,2.0,No,0
465437,Male,Yes,43,Yes,Executive,2.0,High,4.0,Yes,1
465163,Male,Yes,46,Yes,Artist,11.0,Average,5.0,No,1
459135,Male,Yes,53,Yes,Executive,1.0,High,5.0,Yes,1
465002,Female,No,80,Yes,Lawyer,2.0,High,2.0,Yes,3
464345,Female,Yes,57,Yes,Artist,4.0,High,4.0,Yes,4
466664,Female,Yes,48,Yes,Doctor,1.0,Average,1.0,Yes,4
462541,Male,Yes,73,Yes,Engineer,5.0,High,3.0,Yes,1
465429,Female,Yes,68,Yes,Artist,,Average,3.0,No,4
461448,Male,Yes,64,Yes,Doctor,2.0,High,3.0,Yes,1
463281,Male,Yes,25,No,Entertainment,3.0,Average,2.0,No,1
463613,Female,Yes,48,Yes,Artist,0.0,Average,6.0,No,4
466239,Male,Yes,69,Yes,Executive,0.0,Low,2.0,No,1
462807,Female,No,28,Yes,Homemaker,,Low,1.0,No,0
463227,Female,Yes,35,Yes,Engineer,1.0,Average,2.0,Yes,4
459056,Male,No,60,No,Executive,,High,3.0,Yes,3
465271,Male,Yes,48,No,Executive,2.0,High,6.0,Yes,1
461383,Male,Yes,71,Yes,Artist,0.0,High,2.0,Yes,1
467344,Male,Yes,83,Yes,Lawyer,0.0,Low,2.0,No,3
462152,Female,No,30,Yes,,8.0,Low,2.0,No,0
465081,Male,Yes,59,Yes,Executive,5.0,High,3.0,Yes,1
462382,Male,Yes,77,Yes,Lawyer,0.0,High,3.0,Yes,3
467439,Male,Yes,37,Yes,Entertainment,1.0,Low,4.0,No,1
467872,Female,Yes,40,Yes,Engineer,1.0,Average,4.0,Yes,4
466680,Male,No,22,No,Engineer,0.0,Low,4.0,No,2
465295,Male,,37,Yes,Doctor,7.0,Average,1.0,Yes,1
460518,Female,Yes,38,Yes,Engineer,9.0,Average,3.0,Yes,4
466186,Male,Yes,59,Yes,Artist,9.0,Average,4.0,No,1
459564,Male,Yes,80,Yes,Lawyer,2.0,Low,1.0,No,3
459058,Male,No,40,Yes,Artist,1.0,Low,4.0,No,0
466722,Male,Yes,35,No,Executive,1.0,High,3.0,Yes,1
464241,Female,Yes,80,,Artist,2.0,High,1.0,Yes,4
466758,Male,Yes,45,Yes,Doctor,0.0,Low,1.0,No,1
463562,Male,No,33,Yes,Entertainment,0.0,Low,4.0,No,2
463434,Female,Yes,25,No,Engineer,,Average,2.0,Yes,4
462230,Male,No,23,No,Healthcare,1.0,Low,8.0,No,2
462666,Male,Yes,48,Yes,Artist,0.0,Low,2.0,No,1
462826,Male,No,22,No,Healthcare,0.0,Low,3.0,No,2
463172,Male,Yes,32,No,Entertainment,2.0,Low,2.0,No,1
459538,Female,No,45,Yes,Homemaker,11.0,Low,1.0,No,0
462279,Male,No,32,No,Healthcare,0.0,Low,7.0,No,2
466022,Female,Yes,72,No,Engineer,,High,3.0,Yes,4
463146,Male,Yes,37,No,Entertainment,11.0,Average,2.0,No,1
466583,Female,Yes,38,Yes,Doctor,0.0,Average,2.0,Yes,4
462169,Female,Yes,38,Yes,Artist,0.0,High,3.0,Yes,4
461592,Male,Yes,29,Yes,Entertainment,0.0,Low,2.0,No,1
463018,Female,No,40,Yes,Homemaker,9.0,Low,1.0,No,0
462645,Male,Yes,38,No,Engineer,,Average,5.0,Yes,1
467803,Female,Yes,36,Yes,Entertainment,7.0,Average,2.0,No,4
460318,Male,No,30,Yes,Entertainment,14.0,Low,3.0,No,0
467481,Male,Yes,50,Yes,Artist,0.0,Average,2.0,No,1
459622,Female,No,51,Yes,Artist,2.0,Low,1.0,No,0
461952,Female,Yes,19,No,Artist,,High,2.0,Yes,4
461231,Male,Yes,53,Yes,Artist,1.0,High,1.0,Yes,1
465278,Male,Yes,38,No,Marketing,,High,4.0,Yes,3
464228,Male,No,29,Yes,Healthcare,1.0,Low,1.0,No,0
464664,Male,Yes,39,No,Entertainment,1.0,Average,5.0,No,1
467472,Male,Yes,59,Yes,Executive,3.0,High,4.0,Yes,1
466134,Male,Yes,39,Yes,Doctor,0.0,High,3.0,Yes,1
467581,Female,Yes,33,Yes,Engineer,2.0,Average,2.0,Yes,4
463042,Male,Yes,49,No,Executive,,High,3.0,Yes,1
461558,Male,Yes,49,Yes,Engineer,4.0,Average,1.0,Yes,1
466183,Male,Yes,50,Yes,Entertainment,0.0,Average,2.0,No,1
463090,Female,Yes,55,No,Engineer,3.0,Average,2.0,Yes,4
461708,Male,Yes,80,No,Lawyer,2.0,High,1.0,Yes,3
460436,Female,No,51,No,Entertainment,1.0,Low,1.0,No,0
465407,Female,No,27,Yes,Homemaker,3.0,Low,7.0,No,2
467846,Male,Yes,48,Yes,Artist,1.0,Average,3.0,No,1
466986,Male,Yes,45,No,Entertainment,1.0,Average,3.0,No,1
462650,Female,No,33,No,Entertainment,8.0,Low,5.0,No,2
461280,Male,No,20,No,Healthcare,7.0,Low,4.0,No,2
461667,Male,Yes,37,Yes,Doctor,0.0,Average,3.0,Yes,1
464133,Male,Yes,73,No,Homemaker,2.0,Low,1.0,No,3
461580,Female,No,38,Yes,Artist,7.0,Low,7.0,No,2
461773,Male,Yes,69,Yes,Entertainment,1.0,High,3.0,Yes,1
462957,Male,Yes,58,No,Executive,1.0,High,5.0,Yes,1
467310,Female,Yes,80,Yes,Lawyer,0.0,High,4.0,Yes,3
462889,Male,No,38,No,Executive,,High,3.0,Yes,2
467119,Male,Yes,37,No,Marketing,1.0,High,5.0,Yes,3
464628,Male,Yes,32,Yes,Artist,5.0,Average,2.0,No,1
459833,Female,Yes,66,Yes,Executive,3.0,High,1.0,Yes,3
467454,Male,Yes,49,Yes,Artist,1.0,Low,1.0,No,1
465501,Male,Yes,36,Yes,Artist,13.0,High,1.0,Yes,1
466687,Male,No,22,No,Healthcare,0.0,Low,3.0,No,2
461815,Male,Yes,55,Yes,Artist,1.0,Low,1.0,No,1
462645,Female,Yes,43,No,Engineer,,Average,5.0,Yes,4
465290,Male,No,50,Yes,Executive,1.0,High,5.0,Yes,1
466444,Male,Yes,50,Yes,Doctor,,Average,4.0,Yes,1
466713,Female,Yes,65,Yes,Artist,0.0,High,3.0,Yes,4
461960,Male,Yes,57,Yes,Entertainment,0.0,Low,2.0,No,1
466028,Male,Yes,50,Yes,Artist,4.0,Average,4.0,No,1
461977,Female,No,49,Yes,Artist,3.0,Low,1.0,No,0
463028,Male,No,33,No,Doctor,1.0,Low,4.0,No,2
464730,Male,Yes,35,No,Executive,3.0,High,6.0,Yes,1
462462,Male,Yes,30,Yes,Entertainment,,Average,3.0,No,1
465568,Male,Yes,39,Yes,Executive,3.0,High,3.0,Yes,1
467427,Female,Yes,37,Yes,Artist,8.0,High,2.0,Yes,4
467818,Female,Yes,37,Yes,Artist,7.0,High,3.0,Yes,4
464399,Male,Yes,63,No,Entertainment,0.0,Average,5.0,No,1
462583,Male,No,26,Yes,Artist,0.0,Low,4.0,No,0
461593,Female,Yes,37,Yes,Doctor,9.0,Average,2.0,Yes,4
461843,Female,Yes,52,Yes,Artist,2.0,High,2.0,Yes,4
465125,Female,No,39,Yes,Artist,9.0,Low,1.0,No,0
464229,Female,No,26,No,Engineer,2.0,Low,7.0,No,2
462606,Male,Yes,34,No,Executive,3.0,High,3.0,Yes,1
465240,Male,Yes,59,Yes,Artist,4.0,High,2.0,Yes,1
467534,Male,Yes,48,No,Entertainment,5.0,Average,2.0,No,1
463885,Male,Yes,51,Yes,Artist,1.0,Low,1.0,No,1
465639,Male,Yes,36,Yes,Healthcare,8.0,High,2.0,Yes,1
461805,Female,No,31,Yes,Healthcare,1.0,Low,3.0,No,0
467354,Male,Yes,61,Yes,Doctor,3.0,Low,2.0,No,1
467422,Female,Yes,58,Yes,Artist,0.0,Average,2.0,No,4
459398,Female,Yes,60,No,Lawyer,,High,2.0,Yes,3
465221,Male,Yes,88,Yes,Artist,0.0,High,2.0,Yes,1
461376,Female,No,38,Yes,Healthcare,0.0,Low,2.0,No,0
465017,Male,Yes,53,Yes,Executive,2.0,High,4.0,Yes,1
462647,Female,Yes,56,No,,,Average,3.0,No,4
461828,Male,Yes,53,Yes,Artist,,Average,3.0,No,1
467331,Male,No,27,No,Healthcare,3.0,Low,4.0,No,2
460151,Male,Yes,35,Yes,Artist,3.0,Average,2.0,No,1
460117,Female,Yes,48,Yes,Marketing,9.0,Low,1.0,No,0
462222,Male,No,20,No,Healthcare,1.0,Low,6.0,No,2
463219,Male,Yes,50,No,Entertainment,0.0,Low,2.0,No,1
461085,Female,No,31,No,Engineer,1.0,Low,1.0,No,0
463215,Male,Yes,36,Yes,Engineer,0.0,High,3.0,Yes,1
465737,Female,Yes,49,Yes,Engineer,6.0,Low,3.0,No,4
467623,Male,Yes,76,Yes,,1.0,High,1.0,Yes,1
462348,Female,Yes,73,Yes,Lawyer,1.0,High,2.0,Yes,3
463046,Female,Yes,43,No,Engineer,0.0,Low,1.0,No,4
460927,Male,Yes,38,Yes,Healthcare,0.0,High,5.0,Yes,1
461616,Male,No,28,Yes,Artist,,Low,1.0,No,0
459027,Male,Yes,65,No,Doctor,3.0,Average,5.0,Yes,1
460216,Female,No,62,No,Entertainment,2.0,Low,1.0,No,0
460366,Male,No,28,No,Healthcare,1.0,Low,5.0,No,2
462961,Female,Yes,56,No,Engineer,1.0,Average,5.0,Yes,4
462835,Male,Yes,60,No,Engineer,,Average,4.0,Yes,1
460309,Male,No,28,Yes,Marketing,9.0,Low,5.0,No,2
466915,Female,Yes,75,No,Entertainment,2.0,High,2.0,Yes,3
466392,Female,Yes,43,Yes,Engineer,1.0,Average,,Yes,4
467838,Male,Yes,60,Yes,Artist,1.0,Average,2.0,No,1
461911,Male,Yes,57,No,Executive,0.0,Low,1.0,No,1
465319,Male,No,19,No,Healthcare,0.0,Low,5.0,No,2
464397,Male,Yes,42,Yes,Engineer,1.0,Average,3.0,Yes,1
465278,Male,No,37,No,Marketing,,High,3.0,Yes,2
463872,Male,Yes,78,No,Lawyer,1.0,High,2.0,Yes,3
462598,Female,Yes,43,No,Doctor,11.0,Average,6.0,Yes,4
466520,Male,,61,,Engineer,2.0,Average,2.0,Yes,1
463728,Female,Yes,34,Yes,Doctor,2.0,Average,7.0,Yes,4
464148,Male,Yes,50,Yes,Executive,9.0,High,3.0,Yes,1
464733,Female,Yes,31,No,Engineer,1.0,High,4.0,Yes,4
466444,Male,Yes,54,Yes,Doctor,,Average,4.0,Yes,1
463456,Male,Yes,42,No,Entertainment,3.0,High,3.0,Yes,1
464783,Male,Yes,42,No,Entertainment,0.0,Low,3.0,No,1
464390,Male,Yes,41,Yes,Artist,1.0,Low,2.0,No,1
465832,Male,Yes,53,Yes,Executive,9.0,High,5.0,Yes,1
459643,Male,Yes,41,Yes,Executive,2.0,High,4.0,Yes,1
460435,Female,Yes,48,Yes,Artist,0.0,Low,1.0,No,4
464075,Male,Yes,80,Yes,Lawyer,0.0,High,1.0,Yes,3
467488,Female,Yes,38,Yes,Entertainment,,Average,2.0,No,4
466551,Male,Yes,36,Yes,Artist,9.0,Average,2.0,No,1
464737,Female,Yes,56,No,Engineer,0.0,Average,7.0,Yes,4
463876,Male,Yes,49,Yes,Entertainment,1.0,Average,5.0,No,1
460020,Male,Yes,53,Yes,Artist,1.0,Average,3.0,No,1
462433,Female,No,38,Yes,Doctor,0.0,Average,3.0,Yes,0
466530,Male,No,21,No,Healthcare,1.0,Low,4.0,No,2
459387,Male,No,35,Yes,Doctor,0.0,Low,1.0,No,0
465871,Male,No,33,No,Entertainment,8.0,Low,1.0,No,0
460546,Female,Yes,71,Yes,Lawyer,1.0,Low,2.0,No,3
463612,Female,Yes,50,Yes,Engineer,0.0,High,2.0,Yes,4
461556,Female,Yes,49,Yes,Engineer,1.0,Average,2.0,Yes,4
461606,Male,Yes,65,No,Lawyer,1.0,High,4.0,Yes,3
465025,Male,Yes,70,No,Executive,0.0,High,2.0,Yes,3
462750,Male,No,22,No,Healthcare,9.0,Low,8.0,No,2
462537,Male,No,78,Yes,Entertainment,,Low,1.0,No,0
461375,Male,No,29,Yes,Healthcare,1.0,Low,4.0,No,2
459204,Female,Yes,34,Yes,Engineer,0.0,Average,1.0,Yes,4
459020,Female,Yes,56,Yes,Artist,0.0,Average,4.0,No,4
467774,Female,No,39,Yes,Homemaker,1.0,Low,6.0,No,2
464445,Male,Yes,80,Yes,Executive,1.0,High,2.0,Yes,3
463533,Female,Yes,80,Yes,Artist,2.0,High,3.0,Yes,4
459708,Female,No,39,Yes,Engineer,1.0,Low,1.0,No,0
460508,Male,Yes,23,Yes,Healthcare,2.0,High,2.0,Yes,1
463088,Female,Yes,80,Yes,Lawyer,2.0,High,2.0,Yes,3
460168,Female,Yes,80,Yes,Executive,1.0,High,3.0,Yes,3
463755,Female,Yes,66,No,Artist,0.0,High,3.0,Yes,4
459818,Female,Yes,68,No,Lawyer,1.0,Low,1.0,No,3
463960,Male,Yes,29,No,Doctor,2.0,Average,2.0,Yes,1
461716,Female,Yes,56,No,Lawyer,5.0,High,10.0,Yes,4
460576,Male,No,49,No,Executive,10.0,High,6.0,Yes,2
460682,Male,Yes,43,No,Artist,6.0,Low,2.0,No,1
461073,Female,No,33,No,Entertainment,1.0,Low,1.0,No,0
460477,Male,No,32,No,Entertainment,0.0,Low,6.0,No,2
465721,Female,Yes,24,Yes,Entertainment,0.0,High,2.0,Yes,4
463566,Female,Yes,41,Yes,Homemaker,,Average,4.0,No,4
459057,Male,Yes,73,No,Lawyer,,High,,Yes,3
463713,Male,No,30,No,Engineer,9.0,Low,3.0,No,2
467323,Female,Yes,52,Yes,Artist,7.0,Average,4.0,No,4
463597,Female,No,25,No,Engineer,0.0,Low,6.0,No,2
465371,Female,No,43,Yes,Artist,0.0,Low,1.0,No,0
460660,Male,No,41,,Entertainment,6.0,Low,1.0,No,0
460512,Female,Yes,41,Yes,Engineer,2.0,High,5.0,Yes,4
460975,Male,Yes,80,,Lawyer,2.0,High,2.0,Yes,3
464391,Female,Yes,68,Yes,Engineer,0.0,Average,1.0,Yes,4
465515,Female,Yes,44,No,Artist,0.0,High,5.0,Yes,4
461002,Male,No,42,No,Entertainment,,Low,3.0,No,2
466272,Female,Yes,72,Yes,Lawyer,0.0,Average,3.0,Yes,3
462934,Male,Yes,51,No,Executive,,High,1.0,Yes,3
460238,Female,No,36,Yes,Artist,9.0,Low,3.0,No,0
459339,Male,Yes,28,Yes,Healthcare,8.0,High,2.0,Yes,1
467413,Female,Yes,77,Yes,Lawyer,3.0,High,5.0,Yes,3
460079,Female,No,41,No,Doctor,0.0,Low,1.0,No,0
459679,Female,No,21,No,Entertainment,1.0,Low,4.0,No,2
464385,Male,Yes,71,No,Engineer,0.0,Average,2.0,Yes,1
463167,Male,Yes,39,Yes,Doctor,1.0,Average,3.0,Yes,1
464235,Female,Yes,61,No,Engineer,,Average,5.0,Yes,4
466169,Male,Yes,63,Yes,Artist,1.0,Low,1.0,No,1
463852,Female,Yes,56,Yes,Entertainment,,High,5.0,Yes,4
467911,Male,Yes,61,Yes,Healthcare,1.0,Low,4.0,No,1
466918,Male,Yes,56,Yes,Artist,1.0,Average,1.0,No,1
463247,Male,No,45,Yes,Entertainment,1.0,Low,1.0,No,0
461004,Male,Yes,61,Yes,Artist,1.0,Average,3.0,No,1
462604,Female,Yes,39,No,Doctor,0.0,Average,4.0,Yes,4
465574,Male,Yes,62,Yes,Artist,1.0,Average,3.0,No,1
461409,Male,Yes,38,No,Artist,0.0,High,2.0,Yes,1
465073,Male,Yes,65,No,Executive,0.0,High,2.0,Yes,3
462188,Female,Yes,52,Yes,Engineer,1.0,Average,4.0,Yes,4
462337,Female,Yes,80,Yes,Lawyer,3.0,High,3.0,Yes,3
463412,Male,No,33,Yes,Artist,,Low,2.0,No,0
459976,Female,No,38,Yes,Artist,0.0,Low,1.0,No,0
465909,Male,Yes,39,Yes,Entertainment,9.0,Low,1.0,No,1
463837,Female,Yes,50,No,Engineer,0.0,Low,3.0,No,4
465038,Male,Yes,46,No,Executive,0.0,High,4.0,Yes,1
462341,Male,Yes,61,Yes,Artist,2.0,Average,2.0,No,1
464471,Male,Yes,30,Yes,Doctor,0.0,Low,3.0,No,1
461983,Male,No,27,Yes,Artist,1.0,Low,3.0,No,0
460988,Male,Yes,41,Yes,Entertainment,0.0,Average,3.0,No,1
465001,Male,No,74,No,Lawyer,1.0,High,1.0,Yes,3
459332,Female,Yes,72,Yes,Homemaker,1.0,Low,,No,3
461108,Male,No,21,No,Healthcare,1.0,Low,4.0,No,2
462127,Male,Yes,64,Yes,Lawyer,0.0,High,3.0,Yes,3
467717,Female,Yes,66,No,Engineer,0.0,High,5.0,Yes,4
460000,Male,No,52,Yes,Entertainment,1.0,Low,1.0,No,0
463215,Female,Yes,42,Yes,Engineer,0.0,High,2.0,Yes,4
463500,Male,Yes,35,Yes,Executive,0.0,High,4.0,Yes,1
463728,Male,Yes,28,No,Doctor,2.0,Average,5.0,Yes,1
465272,Male,Yes,41,Yes,Executive,1.0,High,7.0,Yes,1
461735,Male,Yes,67,Yes,Lawyer,0.0,High,2.0,Yes,3
463892,Male,No,38,Yes,Artist,9.0,Low,1.0,No,0
467332,Female,Yes,70,Yes,Homemaker,3.0,Low,2.0,No,3
460231,Male,Yes,61,Yes,Executive,9.0,High,3.0,Yes,1
464511,Male,Yes,52,Yes,Marketing,1.0,Low,3.0,No,3
459604,Female,No,21,No,Healthcare,0.0,Low,7.0,No,2
459069,Female,Yes,24,Yes,Doctor,2.0,Average,3.0,Yes,4
464300,Male,Yes,42,Yes,Artist,0.0,Low,3.0,No,1
464140,Female,No,80,Yes,Lawyer,1.0,High,3.0,Yes,3
460549,Male,No,40,Yes,Artist,8.0,Low,2.0,No,0
464317,Male,Yes,60,Yes,Entertainment,1.0,Average,3.0,No,1
465168,Female,Yes,59,No,Entertainment,8.0,Average,2.0,No,4
460409,Female,No,43,Yes,Artist,8.0,Low,4.0,No,0
465117,Female,Yes,74,Yes,Artist,0.0,High,2.0,Yes,4
462209,Female,Yes,40,No,Artist,0.0,Low,1.0,No,4
464734,Female,No,42,No,Entertainment,7.0,Low,3.0,No,2
462337,Female,Yes,74,Yes,Lawyer,0.0,High,2.0,Yes,3
459424,Male,Yes,50,Yes,Doctor,,Low,3.0,No,1
461752,Male,Yes,64,Yes,Doctor,1.0,Average,2.0,Yes,1
459547,Male,Yes,89,No,Lawyer,,Low,2.0,No,3
464443,Female,Yes,35,Yes,Artist,1.0,Average,2.0,No,4
462700,Male,Yes,38,Yes,Artist,0.0,Average,4.0,No,1
465188,Female,Yes,50,Yes,Artist,1.0,Average,4.0,No,4
467876,Female,Yes,47,Yes,Artist,8.0,High,2.0,Yes,4
462522,Male,Yes,41,No,Executive,1.0,Average,5.0,No,1
465803,Male,Yes,37,,,2.0,High,5.0,Yes,1
461003,Male,No,30,No,Executive,13.0,Low,4.0,No,2
462676,Female,Yes,48,Yes,Entertainment,,Average,4.0,No,4
460279,Female,Yes,26,No,Entertainment,7.0,High,2.0,Yes,4
462474,Female,No,25,No,Engineer,2.0,Average,2.0,Yes,2
463463,Male,Yes,32,No,Doctor,0.0,Low,2.0,No,1
464355,Male,Yes,42,Yes,Executive,1.0,High,4.0,Yes,1
460941,Male,Yes,72,No,Engineer,1.0,Low,1.0,No,1
464069,Female,Yes,80,Yes,Lawyer,0.0,High,3.0,Yes,3
463626,Female,No,35,No,Artist,7.0,Low,2.0,No,0
460633,Male,Yes,42,Yes,,,High,1.0,Yes,1
461526,Male,Yes,78,No,Entertainment,0.0,Low,2.0,No,3
460215,Male,Yes,48,Yes,Entertainment,9.0,Low,1.0,No,1
459275,Female,No,18,No,Doctor,2.0,Low,4.0,No,2
462714,Female,Yes,44,Yes,Engineer,0.0,High,6.0,Yes,4
467479,Male,Yes,35,Yes,Executive,1.0,Average,4.0,No,1
460644,Female,Yes,40,Yes,Homemaker,2.0,Average,2.0,No,4
467122,Female,Yes,70,Yes,Lawyer,0.0,High,2.0,Yes,3
465370,Female,No,53,Yes,Artist,0.0,Low,1.0,No,0
463794,Female,No,32,Yes,Healthcare,,Low,5.0,No,2
461619,Male,Yes,57,Yes,Executive,,High,4.0,Yes,1
461055,Female,No,48,Yes,Engineer,,Average,4.0,Yes,0
462380,Female,Yes,52,No,Artist,3.0,High,5.0,Yes,4
463881,Female,Yes,37,No,Engineer,0.0,Average,5.0,Yes,4
459864,Female,Yes,70,No,Artist,,High,2.0,Yes,4
465321,Male,Yes,43,Yes,Entertainment,,Low,4.0,No,1
466860,Male,No,21,No,Marketing,0.0,Low,5.0,No,2
463985,Female,Yes,29,Yes,Artist,4.0,Low,2.0,No,4
459657,Male,Yes,84,Yes,Lawyer,1.0,High,2.0,Yes,3
459688,Male,No,52,Yes,Artist,3.0,Low,1.0,No,0
466320,Female,No,40,Yes,Engineer,9.0,Low,2.0,No,0
460090,Male,Yes,80,No,Lawyer,3.0,Average,1.0,Yes,3
461548,Female,No,33,Yes,Engineer,1.0,Low,3.0,No,0
466450,Female,No,33,Yes,Healthcare,1.0,Low,1.0,No,0
459473,Male,Yes,80,No,Lawyer,,High,1.0,Yes,3
460740,Male,Yes,38,Yes,Artist,4.0,Average,3.0,No,1
464077,Female,Yes,55,Yes,Artist,4.0,High,1.0,Yes,4
461329,Male,Yes,58,Yes,Executive,1.0,High,3.0,Yes,1
460762,Female,No,18,No,Healthcare,0.0,Low,5.0,No,2
459105,Male,No,42,Yes,Executive,4.0,High,2.0,Yes,0
463452,Male,Yes,77,Yes,Lawyer,1.0,High,1.0,Yes,3
459366,Female,Yes,41,Yes,Artist,0.0,Low,4.0,No,4
466141,Female,Yes,60,Yes,Homemaker,1.0,Low,4.0,No,4
465066,Male,Yes,47,Yes,Executive,7.0,High,4.0,Yes,1
461553,Male,No,39,Yes,Artist,1.0,Low,3.0,No,0
463710,Male,No,49,Yes,Entertainment,0.0,Low,1.0,No,0
462323,Female,Yes,72,Yes,Doctor,1.0,Average,3.0,Yes,4
466746,Female,Yes,69,Yes,Lawyer,0.0,High,2.0,Yes,3
463502,Male,Yes,42,Yes,Executive,,High,5.0,Yes,1
463326,Female,No,23,No,Healthcare,0.0,Low,3.0,No,2
465224,Male,Yes,61,Yes,Executive,0.0,Low,3.0,No,1
465708,Female,Yes,57,Yes,Artist,1.0,High,2.0,Yes,4
464103,Male,Yes,47,Yes,Artist,3.0,Average,2.0,No,1
467189,Female,Yes,43,Yes,Artist,0.0,High,5.0,Yes,4
461273,Male,Yes,76,Yes,Entertainment,2.0,High,3.0,Yes,3
467707,Male,Yes,82,Yes,Lawyer,5.0,High,2.0,Yes,3
463407,Female,No,33,No,Doctor,0.0,Low,1.0,No,0
462993,Male,Yes,30,No,Artist,,Average,3.0,No,1
460882,Male,No,22,No,Healthcare,0.0,Low,2.0,No,2
463979,Female,Yes,48,Yes,Homemaker,1.0,High,2.0,Yes,3
459329,Female,Yes,69,No,Engineer,2.0,High,3.0,Yes,4
466376,Female,Yes,58,No,Homemaker,0.0,High,3.0,Yes,3
461836,Male,Yes,53,Yes,Artist,6.0,Average,3.0,No,1
465297,Male,Yes,88,No,,,High,3.0,Yes,1
459567,Male,No,47,Yes,Doctor,3.0,Average,1.0,Yes,0
459891,Male,Yes,49,Yes,Doctor,,Average,2.0,Yes,1
466310,Female,Yes,44,Yes,Engineer,0.0,Average,1.0,Yes,4
460198,Male,No,43,Yes,Entertainment,9.0,Low,1.0,No,0
465722,Male,Yes,47,No,,1.0,Low,5.0,No,1
460819,Female,Yes,26,No,Marketing,1.0,High,6.0,Yes,2
461521,Male,No,63,Yes,Artist,0.0,High,2.0,Yes,1
467437,Female,No,80,Yes,Lawyer,0.0,High,1.0,Yes,3
467684,Male,No,40,Yes,Healthcare,8.0,Low,3.0,No,0
461342,Male,Yes,42,No,Executive,1.0,High,3.0,Yes,1
465944,Female,Yes,38,No,Engineer,6.0,High,4.0,Yes,4
460133,Female,No,37,No,Artist,4.0,Low,1.0,No,0
459459,Male,Yes,36,Yes,Artist,4.0,Low,1.0,No,1
467922,Male,Yes,80,No,Entertainment,0.0,High,2.0,Yes,3
466567,Female,No,49,Yes,,1.0,Low,1.0,No,0
464585,Male,Yes,70,Yes,Lawyer,0.0,High,2.0,Yes,3
466283,Female,Yes,66,Yes,Artist,0.0,High,2.0,Yes,4
461318,Female,Yes,56,Yes,Artist,1.0,Average,6.0,No,4
464137,Female,Yes,79,No,Artist,7.0,High,2.0,Yes,4
459061,Female,Yes,36,Yes,Healthcare,11.0,High,2.0,Yes,4
459412,Male,Yes,62,Yes,,0.0,Average,3.0,No,1
465519,Female,Yes,69,No,Lawyer,0.0,High,3.0,Yes,3
460222,Female,,72,Yes,Lawyer,4.0,High,,Yes,3
461010,Male,Yes,39,Yes,Entertainment,1.0,Average,3.0,No,1
465229,Female,Yes,46,Yes,Executive,0.0,High,3.0,Yes,4
461843,Female,Yes,50,Yes,Artist,0.0,High,2.0,Yes,4
465803,Female,Yes,36,,,4.0,High,5.0,Yes,4
462639,Female,Yes,43,No,Engineer,,Average,2.0,Yes,4
465149,Male,Yes,43,Yes,Entertainment,1.0,Average,3.0,No,1
466672,Male,Yes,62,Yes,Artist,0.0,Low,3.0,No,1
462363,Male,Yes,73,No,Executive,0.0,High,2.0,Yes,3
466910,Male,Yes,59,Yes,Entertainment,9.0,Low,1.0,No,1
462332,Female,Yes,32,Yes,Artist,2.0,High,1.0,Yes,4
459854,Female,Yes,57,Yes,Artist,0.0,High,2.0,Yes,4
467559,Male,Yes,58,Yes,Executive,0.0,Average,4.0,No,1
464848,Male,Yes,35,No,Entertainment,1.0,Average,4.0,No,1
464386,Male,Yes,39,No,Doctor,0.0,Average,3.0,Yes,1
466837,Female,No,38,Yes,Marketing,9.0,Low,4.0,No,0
460132,Male,No,39,Yes,Healthcare,3.0,Low,2.0,No,0
464278,Male,Yes,80,Yes,Executive,2.0,High,3.0,Yes,3
459780,Female,No,42,No,Entertainment,1.0,Low,3.0,No,2
459838,Female,Yes,80,No,Lawyer,0.0,High,3.0,Yes,3
466493,Male,Yes,75,No,Lawyer,1.0,High,3.0,Yes,3
467048,Female,Yes,65,Yes,Lawyer,0.0,High,3.0,Yes,3
462814,Female,Yes,22,No,Engineer,8.0,Average,2.0,Yes,4
461173,Male,Yes,45,Yes,Artist,1.0,Low,4.0,No,1
459817,Female,Yes,65,No,Marketing,,Low,,No,3
467074,Female,No,31,No,Healthcare,1.0,Low,4.0,No,2
464216,Male,Yes,51,Yes,Artist,,High,3.0,Yes,1
466583,Female,Yes,37,Yes,Doctor,0.0,Average,1.0,Yes,4
461729,Female,Yes,41,Yes,Marketing,0.0,Low,3.0,No,4
464365,Male,No,35,Yes,Artist,,Low,1.0,No,0
459752,Female,Yes,63,Yes,,,Average,3.0,No,4
462600,Male,Yes,35,No,Engineer,4.0,Average,2.0,Yes,1
459344,Female,Yes,72,Yes,Artist,0.0,High,1.0,Yes,4
467335,Female,Yes,41,No,Engineer,4.0,Average,2.0,Yes,4
464248,Male,Yes,52,Yes,Artist,8.0,Low,3.0,No,1
462932,Female,Yes,33,Yes,Homemaker,5.0,High,2.0,Yes,4
465599,Female,Yes,47,Yes,Healthcare,0.0,Average,6.0,No,4
464170,Male,Yes,38,No,Artist,8.0,Low,1.0,No,1
465472,Female,Yes,87,No,Entertainment,,High,3.0,Yes,3
459180,Male,Yes,66,Yes,Executive,1.0,High,2.0,Yes,3
460476,Male,Yes,52,No,Doctor,,Average,4.0,Yes,1
464989,Male,Yes,47,No,Entertainment,0.0,Average,4.0,No,1
466131,Female,No,43,Yes,Artist,1.0,Low,1.0,No,0
463168,Female,Yes,36,Yes,Doctor,9.0,Average,1.0,Yes,4
465309,Female,No,18,No,Healthcare,6.0,Low,4.0,No,2
461401,Male,Yes,43,Yes,Artist,1.0,Average,3.0,No,1
460461,Female,Yes,26,No,Homemaker,9.0,Average,2.0,No,4
462192,Female,No,23,No,Healthcare,0.0,Low,6.0,No,2
466546,Female,Yes,68,Yes,Lawyer,3.0,High,2.0,Yes,3
463309,Male,Yes,50,Yes,Artist,0.0,Average,2.0,No,1
460472,Male,Yes,49,No,Doctor,1.0,Average,3.0,Yes,1
467621,Male,Yes,76,Yes,Lawyer,1.0,Low,1.0,No,3
462677,Female,No,43,Yes,Artist,2.0,Low,4.0,No,0
464393,Male,Yes,80,No,Lawyer,0.0,High,3.0,Yes,3
466438,Female,No,42,Yes,Artist,0.0,Low,1.0,No,0
464043,Male,Yes,51,Yes,Entertainment,1.0,Average,4.0,No,1
466138,Male,Yes,71,No,Lawyer,3.0,High,2.0,Yes,3
463476,Male,Yes,53,Yes,Artist,3.0,Average,3.0,No,1
459085,Male,No,22,No,Marketing,4.0,Low,3.0,No,2
460572,Female,No,30,Yes,Engineer,0.0,Low,4.0,No,0
459392,Female,No,23,No,Doctor,0.0,Low,3.0,No,2
467411,Male,Yes,48,Yes,Artist,1.0,High,2.0,Yes,1
460798,Female,No,28,No,Engineer,,Low,6.0,No,2
466954,Female,No,69,Yes,Doctor,7.0,Average,1.0,Yes,0
460860,Male,Yes,52,Yes,Artist,7.0,Average,4.0,No,1
460526,Female,Yes,28,,,8.0,Average,4.0,No,4
462358,Male,Yes,37,No,Doctor,4.0,Average,2.0,Yes,1
464356,Female,Yes,74,Yes,Lawyer,0.0,High,1.0,Yes,3
459024,Male,Yes,50,Yes,Artist,0.0,Average,5.0,No,1
466485,Male,Yes,33,Yes,Executive,8.0,High,1.0,Yes,1
467902,Female,No,37,No,Artist,,Low,1.0,No,0
460947,Male,Yes,45,Yes,Executive,7.0,High,5.0,Yes,1
462508,Male,Yes,37,Yes,Healthcare,0.0,Low,7.0,No,1
467636,Male,No,44,Yes,Doctor,1.0,Average,1.0,Yes,0
464601,Female,No,25,Yes,Healthcare,9.0,Low,2.0,No,0
460745,Male,Yes,78,No,Lawyer,1.0,High,2.0,Yes,3
463696,Female,No,48,Yes,Marketing,0.0,Low,1.0,No,0
467494,Female,Yes,75,Yes,Lawyer,0.0,High,,Yes,3
466993,Female,Yes,46,Yes,Engineer,8.0,Average,2.0,Yes,4
465855,Male,No,42,Yes,Artist,1.0,Low,1.0,No,0
461420,Female,Yes,59,Yes,Doctor,5.0,Low,2.0,No,4
467541,Male,Yes,46,Yes,Artist,0.0,High,3.0,Yes,1
461856,Female,Yes,45,Yes,Artist,3.0,High,3.0,Yes,4
464385,Male,Yes,67,Yes,Engineer,1.0,Average,1.0,Yes,1
461224,Female,Yes,32,Yes,Doctor,6.0,High,2.0,Yes,4
463581,Female,No,28,Yes,Healthcare,1.0,Low,3.0,No,0
466711,Male,Yes,74,No,Executive,0.0,High,3.0,Yes,3
463746,Male,No,38,Yes,Artist,0.0,Low,1.0,No,0
463666,Male,No,27,Yes,Executive,0.0,Low,6.0,No,2
464738,Female,Yes,66,No,Engineer,0.0,Average,2.0,Yes,4
459603,Female,Yes,89,No,Lawyer,3.0,High,2.0,Yes,3
460975,Male,Yes,80,,Lawyer,0.0,High,1.0,Yes,3
466857,Female,No,19,No,Healthcare,9.0,Low,8.0,No,2
465229,Female,Yes,44,Yes,Executive,2.0,High,2.0,Yes,4
459961,Male,Yes,51,Yes,Artist,8.0,Low,3.0,No,1
461887,Female,No,89,Yes,Lawyer,2.0,Low,1.0,No,3
465729,Male,Yes,41,Yes,Artist,0.0,Average,4.0,No,1
464289,Male,Yes,42,No,Marketing,1.0,Low,3.0,No,2
467054,Male,No,23,No,Healthcare,1.0,Low,3.0,No,2
465106,Male,No,53,Yes,Executive,0.0,High,2.0,Yes,1
466424,Female,Yes,40,No,Engineer,0.0,High,3.0,Yes,4
462971,Female,Yes,70,Yes,Engineer,0.0,Low,1.0,No,4
461874,Male,Yes,53,Yes,Doctor,2.0,Average,4.0,Yes,1
460233,Male,No,43,Yes,Doctor,0.0,Low,,No,0
463795,Male,No,18,No,Doctor,1.0,Low,6.0,No,2
459723,Male,Yes,49,Yes,Artist,6.0,Average,2.0,No,1
463109,Male,Yes,61,Yes,Executive,10.0,High,1.0,Yes,1
459934,Male,No,49,Yes,Artist,0.0,Low,1.0,No,0
461531,Male,No,41,Yes,Artist,4.0,Low,1.0,No,0
460502,Male,Yes,54,Yes,Engineer,0.0,Average,3.0,Yes,1
460112,Female,Yes,28,Yes,Engineer,9.0,Average,1.0,Yes,4
466699,Female,Yes,40,Yes,Artist,8.0,Low,1.0,No,4
460810,Female,Yes,89,No,Lawyer,1.0,High,2.0,Yes,3
461352,Male,No,25,No,Healthcare,3.0,Low,5.0,No,2
466824,Male,Yes,36,Yes,Artist,1.0,High,4.0,Yes,1
459204,Female,No,39,Yes,Engineer,0.0,Average,3.0,Yes,0
467781,Male,Yes,24,Yes,Healthcare,0.0,High,2.0,Yes,1
462013,Female,Yes,57,Yes,Executive,0.0,Average,2.0,No,4
461475,Female,Yes,52,Yes,Doctor,1.0,Average,4.0,Yes,4
464337,Male,No,36,Yes,Artist,5.0,Low,1.0,No,0
466575,Female,Yes,57,Yes,Artist,7.0,Average,3.0,No,4
467388,Male,No,35,,,0.0,Low,,No,0
462052,Male,Yes,51,Yes,Artist,1.0,Low,2.0,No,1
464117,Male,Yes,80,Yes,Lawyer,0.0,High,2.0,Yes,3
458987,Female,Yes,68,Yes,Lawyer,2.0,High,1.0,Yes,3
466389,Male,Yes,51,Yes,Engineer,0.0,Average,3.0,Yes,1
465033,Female,Yes,56,Yes,,0.0,Average,2.0,No,4
460715,Female,Yes,86,No,Lawyer,0.0,High,2.0,Yes,3
465888,Male,No,36,Yes,Doctor,7.0,Average,3.0,Yes,0
462188,Female,Yes,51,Yes,Engineer,0.0,Average,5.0,Yes,4
465549,Female,No,52,Yes,Healthcare,0.0,Low,1.0,No,0
466719,Male,Yes,63,No,Executive,0.0,High,2.0,Yes,3
464851,Male,No,18,No,Doctor,0.0,Low,6.0,No,2
462947,Female,Yes,46,Yes,Artist,1.0,Low,1.0,No,4
467548,Male,Yes,44,Yes,Artist,1.0,High,2.0,Yes,1
463133,Male,Yes,47,No,Artist,1.0,Average,4.0,No,1
459661,Male,Yes,62,Yes,Executive,0.0,High,3.0,Yes,1
467845,Male,Yes,52,Yes,Entertainment,1.0,Low,2.0,No,1
467263,Female,No,32,No,Marketing,,Low,1.0,No,2
460422,Male,Yes,51,Yes,Entertainment,1.0,High,,Yes,1
464423,Male,Yes,51,Yes,Entertainment,0.0,Average,5.0,No,1
461619,Male,Yes,53,Yes,Executive,,High,3.0,Yes,1
460983,Male,Yes,36,No,Doctor,2.0,High,3.0,Yes,1
460152,Female,No,53,Yes,Artist,1.0,Low,1.0,No,0
465379,Male,No,30,No,Healthcare,0.0,Low,4.0,No,2
461078,Female,No,26,No,Homemaker,0.0,Low,6.0,No,2
464577,Female,Yes,24,Yes,Healthcare,12.0,High,1.0,Yes,4
464622,Female,No,30,No,Healthcare,8.0,Low,3.0,No,2
461966,Female,No,41,Yes,Artist,1.0,Low,1.0,No,0
463115,Male,Yes,36,Yes,Homemaker,5.0,Low,1.0,No,1
465749,Male,Yes,37,No,Engineer,0.0,Average,3.0,Yes,1
460743,Male,Yes,55,Yes,Artist,0.0,Average,3.0,No,1
461583,Female,Yes,58,Yes,Doctor,4.0,Average,3.0,Yes,4
462810,Male,Yes,35,No,Executive,8.0,High,4.0,Yes,1
463933,Male,Yes,47,No,Executive,0.0,Low,7.0,No,2
464437,Female,Yes,48,Yes,Engineer,0.0,Average,4.0,Yes,4
466993,Female,No,46,Yes,Engineer,8.0,Average,2.0,Yes,0
464634,Female,No,32,Yes,Engineer,,Low,9.0,No,2
467080,Female,Yes,87,Yes,Lawyer,1.0,High,2.0,Yes,3
463612,Female,Yes,51,Yes,Engineer,1.0,High,3.0,Yes,4
464303,Male,Yes,43,No,Artist,0.0,Average,2.0,No,1
463910,Female,Yes,50,Yes,Artist,0.0,Average,2.0,No,4
466175,Male,Yes,25,Yes,Doctor,1.0,Low,2.0,No,1
466643,Female,Yes,68,Yes,Lawyer,9.0,High,4.0,Yes,3
464406,Female,No,39,Yes,Artist,0.0,Low,1.0,No,0
461595,Female,No,32,Yes,Healthcare,0.0,Low,3.0,No,0
465228,Male,Yes,62,Yes,Artist,0.0,High,2.0,Yes,1
467564,Male,Yes,72,Yes,Artist,0.0,Average,2.0,No,1
462323,Female,Yes,69,No,Doctor,0.0,Average,2.0,Yes,4
464125,Male,No,36,Yes,Doctor,1.0,Average,2.0,Yes,0
467802,Female,Yes,47,Yes,Artist,0.0,High,5.0,Yes,4
465144,Male,No,32,Yes,Doctor,9.0,Low,1.0,No,0
464335,Male,Yes,45,Yes,Executive,5.0,High,4.0,Yes,1
462616,Male,No,30,No,Healthcare,0.0,Low,5.0,No,2
466794,Male,,59,Yes,Entertainment,,Average,4.0,No,1
459112,Female,Yes,72,Yes,Lawyer,1.0,High,,Yes,3
466612,Female,No,21,No,Healthcare,8.0,Low,2.0,No,2
463578,Female,No,23,No,Healthcare,0.0,Low,3.0,No,2
466762,Male,Yes,63,Yes,Homemaker,1.0,Low,3.0,No,1
464994,Male,Yes,59,Yes,Executive,10.0,High,5.0,Yes,1
464841,Male,,18,No,Entertainment,2.0,High,2.0,Yes,1
463633,Male,Yes,38,Yes,Doctor,0.0,Average,3.0,Yes,1
467486,Female,Yes,46,Yes,Engineer,1.0,Average,5.0,Yes,4
459064,Female,No,23,No,Executive,5.0,High,5.0,Yes,2
464097,Male,Yes,35,Yes,Doctor,5.0,High,2.0,Yes,1
460616,Male,Yes,32,Yes,Homemaker,2.0,Average,2.0,No,1
463834,Female,Yes,46,Yes,Engineer,3.0,Average,4.0,Yes,4
467330,Male,Yes,39,Yes,Executive,0.0,High,3.0,Yes,1
463101,Female,No,27,No,Homemaker,8.0,Low,1.0,No,0
467367,Male,Yes,70,Yes,Lawyer,1.0,Low,2.0,No,3
465060,Female,Yes,79,Yes,Lawyer,14.0,High,3.0,Yes,3
466710,Male,Yes,72,No,Artist,1.0,High,1.0,Yes,1
458987,Female,Yes,70,Yes,Lawyer,2.0,High,2.0,Yes,3
462606,Male,Yes,39,No,Executive,1.0,High,2.0,Yes,1
461579,Female,Yes,48,Yes,Artist,5.0,High,2.0,Yes,4
459094,Female,No,31,No,Healthcare,1.0,Low,5.0,No,2
467797,Male,No,60,Yes,Artist,2.0,High,1.0,Yes,1
458987,Female,Yes,67,Yes,Lawyer,0.0,High,3.0,Yes,3
461597,Female,Yes,40,Yes,Doctor,0.0,Average,4.0,Yes,4
463905,Female,Yes,32,Yes,Engineer,0.0,Average,4.0,Yes,4
463163,Male,No,26,No,Executive,2.0,Low,2.0,No,2
463156,Female,Yes,79,No,Lawyer,,High,2.0,Yes,3
459183,Female,No,26,Yes,Artist,1.0,Low,3.0,No,0
462987,Female,Yes,79,No,Lawyer,,High,3.0,Yes,3
461496,Male,Yes,47,Yes,Homemaker,,Low,1.0,No,1
466091,Female,Yes,46,Yes,Artist,1.0,Low,4.0,No,4
465405,Female,,29,Yes,Homemaker,0.0,High,3.0,Yes,4
462769,Female,Yes,41,No,Homemaker,8.0,High,5.0,Yes,4
462606,Female,Yes,31,No,Executive,4.0,High,3.0,Yes,4
464986,Male,Yes,67,No,Lawyer,,High,2.0,Yes,3
464507,Male,Yes,53,Yes,Artist,0.0,High,3.0,Yes,1
465688,Female,Yes,62,,Artist,1.0,Average,3.0,No,4
466811,Male,No,22,No,Healthcare,0.0,Low,,No,2
459748,Male,Yes,47,Yes,Executive,0.0,High,2.0,Yes,1
466252,Female,Yes,73,No,Executive,0.0,Low,3.0,No,3
467254,Female,Yes,45,Yes,Artist,9.0,Low,2.0,No,4
460731,Female,No,29,Yes,Artist,1.0,Low,3.0,No,0
465693,Female,Yes,25,Yes,Healthcare,1.0,High,4.0,Yes,4
459476,Male,Yes,41,Yes,Artist,0.0,High,4.0,Yes,1
462260,Male,Yes,74,Yes,Lawyer,0.0,Low,2.0,No,3
461646,Female,Yes,55,Yes,Artist,,High,3.0,Yes,4
465343,Female,Yes,48,Yes,Engineer,1.0,Average,5.0,Yes,4
466435,Male,Yes,32,No,Executive,1.0,High,5.0,Yes,1
461386,Female,Yes,80,No,Lawyer,0.0,High,2.0,Yes,3
463633,Male,No,28,Yes,Doctor,0.0,Average,1.0,Yes,0
466335,Female,No,28,No,Healthcare,0.0,Low,3.0,No,2
461436,Male,Yes,55,Yes,Artist,8.0,Average,2.0,No,1
461853,Male,No,20,No,Healthcare,6.0,Low,3.0,No,2
462526,Female,Yes,46,Yes,Artist,3.0,Average,5.0,No,4
464181,Female,No,31,Yes,Healthcare,6.0,Low,4.0,No,0
465749,Male,Yes,42,No,Engineer,1.0,Average,3.0,Yes,1
460772,Male,Yes,70,No,Entertainment,1.0,Low,1.0,No,3
466208,Male,Yes,64,Yes,Executive,2.0,High,1.0,Yes,3
463681,Male,Yes,83,Yes,Lawyer,,Low,1.0,No,3
463053,Female,Yes,68,Yes,Artist,1.0,Average,2.0,No,4
467659,Male,Yes,66,Yes,Entertainment,0.0,Average,2.0,No,1
459357,Male,Yes,69,No,Lawyer,0.0,Low,1.0,No,3
464147,Male,Yes,44,Yes,Artist,2.0,High,2.0,Yes,1
466480,Female,Yes,40,Yes,Artist,,Average,2.0,No,4
464760,Female,Yes,56,No,Engineer,4.0,Average,4.0,Yes,4
466373,Male,Yes,63,Yes,Executive,1.0,High,1.0,Yes,3
466557,Female,No,21,No,Healthcare,7.0,Low,,No,2
460319,Female,Yes,40,No,Doctor,2.0,Average,2.0,Yes,4
460593,Female,Yes,28,No,Healthcare,1.0,Average,5.0,No,4
462901,Female,Yes,46,No,Homemaker,9.0,Low,1.0,No,4
462713,Female,No,40,Yes,Engineer,,Low,1.0,No,0
460265,Male,Yes,47,Yes,Executive,1.0,High,5.0,Yes,1
459274,Female,Yes,80,Yes,Lawyer,0.0,High,3.0,Yes,3
459695,Male,Yes,34,Yes,Artist,,High,1.0,Yes,1
463573,Male,No,29,No,Doctor,1.0,Low,2.0,No,2
465247,Male,No,18,No,Healthcare,6.0,Low,7.0,No,2
463447,Male,Yes,60,No,Engineer,0.0,Average,2.0,Yes,1
460551,Male,Yes,49,Yes,Engineer,0.0,Average,2.0,Yes,1
467694,Male,Yes,61,Yes,Executive,0.0,High,2.0,Yes,3
464641,Female,Yes,65,Yes,Lawyer,2.0,Low,6.0,No,4
459178,Male,Yes,49,Yes,Executive,0.0,High,4.0,Yes,1
466506,Male,Yes,50,,Artist,1.0,Average,4.0,No,1
461409,Male,No,48,No,Artist,1.0,High,2.0,Yes,1
461322,Male,Yes,40,Yes,Artist,0.0,Average,2.0,No,1
461950,Female,No,40,Yes,Healthcare,1.0,Low,1.0,No,0
465874,Female,No,26,Yes,Artist,1.0,Low,2.0,No,0
461020,Female,,20,No,,,High,,Yes,4
462435,Male,Yes,49,Yes,Artist,,Average,2.0,No,1
464619,Male,Yes,27,Yes,Entertainment,10.0,Low,2.0,No,1
462306,Male,Yes,74,No,Lawyer,6.0,High,3.0,Yes,3
460059,Female,No,48,No,Entertainment,2.0,Low,,No,2
458983,Female,Yes,60,No,Executive,0.0,High,4.0,Yes,4
463109,Male,Yes,61,Yes,Executive,9.0,High,2.0,Yes,1
459477,Female,No,36,No,Engineer,,Low,2.0,No,2
466665,Male,Yes,42,Yes,Artist,0.0,Average,2.0,No,1
459027,Male,No,65,Yes,Doctor,0.0,Average,5.0,Yes,1
459092,Male,Yes,59,Yes,Executive,0.0,High,4.0,Yes,1
463624,Male,Yes,62,Yes,Executive,0.0,High,4.0,Yes,1
466815,Male,No,31,No,Healthcare,0.0,Low,5.0,No,2
463016,Male,Yes,58,Yes,Artist,1.0,Low,2.0,No,1
458992,Female,No,27,Yes,Marketing,0.0,Low,1.0,No,0
464287,Male,Yes,35,Yes,Artist,,Average,3.0,No,1
463789,Female,Yes,53,Yes,Artist,1.0,Low,2.0,No,4
462995,Male,Yes,36,Yes,Artist,0.0,Average,5.0,No,1
459527,Male,Yes,46,Yes,Artist,1.0,Average,4.0,No,1
461638,Male,Yes,74,Yes,Entertainment,1.0,High,3.0,Yes,3
459364,Female,Yes,76,Yes,Marketing,0.0,Low,2.0,No,3
461727,Female,No,52,Yes,Artist,1.0,Low,3.0,No,0
464302,Female,Yes,50,Yes,Doctor,1.0,Low,3.0,No,4
463652,Female,No,28,Yes,Artist,,Low,1.0,No,0
461597,Female,Yes,35,Yes,Doctor,1.0,Average,5.0,Yes,4
460955,Male,No,19,No,Healthcare,,Low,5.0,No,2
461965,Male,No,19,No,Healthcare,0.0,Low,6.0,No,2
459440,Female,No,53,Yes,Artist,1.0,Low,1.0,No,0
462915,Female,Yes,62,No,Engineer,6.0,Average,4.0,Yes,4
464997,Male,Yes,43,Yes,Artist,5.0,Average,2.0,No,1
462680,Male,Yes,42,Yes,Doctor,,Average,4.0,Yes,1
465443,Male,Yes,38,Yes,Artist,0.0,Low,4.0,No,1
465884,Male,No,39,Yes,Executive,6.0,High,3.0,Yes,1
465117,Female,Yes,71,No,Artist,2.0,High,3.0,Yes,4
463627,Female,No,25,Yes,Marketing,5.0,Low,2.0,No,0
466026,Female,,49,No,Entertainment,0.0,Low,1.0,No,4
459501,Female,Yes,62,Yes,Artist,4.0,Average,7.0,No,4
462181,Female,No,32,Yes,Healthcare,8.0,Low,3.0,No,0
464986,Male,Yes,70,No,Lawyer,,High,2.0,Yes,3
460823,Female,Yes,75,Yes,Lawyer,2.0,High,3.0,Yes,3
464218,Female,Yes,80,No,Lawyer,2.0,High,2.0,Yes,3
464177,Male,No,25,Yes,Healthcare,1.0,Low,3.0,No,2
460060,Male,Yes,28,No,Engineer,6.0,Average,2.0,Yes,1
459616,Female,No,21,No,Healthcare,,Low,4.0,No,2
464381,Male,Yes,35,Yes,Artist,4.0,Average,2.0,No,1
461579,Female,Yes,40,Yes,Artist,4.0,High,2.0,Yes,4
459268,Female,No,33,No,Homemaker,7.0,Low,,No,2
461687,Female,Yes,77,Yes,Artist,2.0,High,1.0,Yes,4
466609,Female,Yes,47,Yes,Artist,0.0,Average,5.0,No,4
466283,Female,Yes,62,Yes,Artist,0.0,High,2.0,Yes,4
466715,Male,Yes,74,Yes,Executive,0.0,High,5.0,Yes,3
466650,Female,No,30,No,Healthcare,8.0,Low,3.0,No,2
461094,Female,No,28,Yes,Healthcare,1.0,Low,3.0,No,0
466271,Male,No,33,No,Entertainment,1.0,Low,3.0,No,2
459394,Male,No,28,No,Entertainment,9.0,Low,2.0,No,2
466947,Male,Yes,57,Yes,Executive,0.0,High,4.0,Yes,1
463411,Male,Yes,42,Yes,Entertainment,,Average,2.0,No,1
464369,Male,Yes,32,Yes,Executive,2.0,High,4.0,Yes,1
464160,Male,Yes,27,Yes,Artist,4.0,Average,2.0,No,1
467145,Female,Yes,47,Yes,Doctor,2.0,Average,4.0,Yes,4
466985,Female,Yes,44,No,Engineer,2.0,Average,7.0,Yes,4
460587,Female,No,38,Yes,Artist,,Low,1.0,No,0
462268,Female,Yes,77,Yes,Lawyer,7.0,High,2.0,Yes,3
460800,Male,No,52,Yes,Artist,1.0,Low,3.0,No,0
465021,Male,Yes,62,Yes,Entertainment,0.0,Average,3.0,No,1
459425,Female,Yes,80,Yes,Lawyer,0.0,High,2.0,Yes,3
464129,Male,Yes,54,Yes,Executive,0.0,High,3.0,Yes,1
465447,Male,Yes,48,Yes,Engineer,3.0,Average,2.0,Yes,1
463858,Male,Yes,37,No,Artist,0.0,Average,2.0,No,1
465097,Male,No,80,Yes,Lawyer,0.0,High,1.0,Yes,3
461737,Female,Yes,50,Yes,Doctor,3.0,Average,6.0,Yes,4
466202,Male,Yes,49,Yes,Artist,9.0,Average,2.0,No,1
465486,Female,No,60,No,Artist,0.0,High,1.0,Yes,4
463887,Female,Yes,56,Yes,Artist,4.0,Average,2.0,No,4
461062,Female,No,25,No,Executive,1.0,Low,3.0,No,2
459321,Male,Yes,81,Yes,Entertainment,1.0,Low,1.0,No,3
462430,Male,Yes,42,Yes,Executive,1.0,High,3.0,Yes,1
466523,Male,Yes,39,Yes,Executive,1.0,High,3.0,Yes,1
462529,Female,Yes,42,Yes,Engineer,1.0,Low,2.0,No,4
459128,Female,Yes,78,No,Lawyer,0.0,High,3.0,Yes,3
463060,Female,Yes,37,Yes,Homemaker,14.0,High,2.0,Yes,4
459375,Male,Yes,18,No,Executive,0.0,High,3.0,Yes,1
463605,Female,No,23,No,Healthcare,0.0,Low,5.0,No,2
459503,Female,Yes,39,Yes,Healthcare,7.0,High,4.0,Yes,4
467216,Female,No,26,Yes,Entertainment,1.0,Low,1.0,No,0
466637,Male,Yes,46,Yes,Artist,0.0,High,5.0,Yes,1
467407,Male,No,27,Yes,Artist,7.0,Low,3.0,No,0
467924,Male,Yes,52,Yes,Artist,0.0,Low,3.0,No,1
460876,Female,Yes,39,Yes,Artist,3.0,High,3.0,Yes,4
459465,Female,Yes,27,Yes,Entertainment,3.0,Low,5.0,No,4
465494,Male,Yes,41,Yes,Doctor,9.0,Average,2.0,Yes,1
466505,Female,Yes,42,No,Artist,8.0,High,5.0,Yes,4
460422,Female,Yes,53,Yes,Entertainment,1.0,High,,Yes,4
467366,Male,No,42,Yes,Artist,,Low,1.0,No,0
460592,Male,No,20,No,Healthcare,1.0,Low,5.0,No,2
467738,Male,Yes,45,Yes,Doctor,2.0,Average,2.0,Yes,1
466524,Female,Yes,46,Yes,Artist,0.0,Low,1.0,No,4
464174,Female,No,43,Yes,Engineer,0.0,Low,4.0,No,0
461782,Female,No,47,Yes,Artist,,High,6.0,Yes,4
466369,Female,No,38,No,Homemaker,5.0,Low,1.0,No,0
461708,Male,Yes,80,No,Lawyer,0.0,High,3.0,Yes,3
465902,Male,No,25,Yes,Executive,3.0,Low,3.0,No,0
459913,Female,Yes,53,No,Healthcare,1.0,High,2.0,Yes,3
462164,Female,Yes,62,Yes,Artist,9.0,Low,1.0,No,4
461989,Female,,53,Yes,Engineer,2.0,Average,3.0,Yes,4
465447,Female,Yes,53,Yes,Engineer,0.0,Average,2.0,Yes,4
467184,Male,No,55,No,Engineer,0.0,Average,2.0,Yes,2
463572,Male,Yes,35,Yes,Artist,1.0,Average,4.0,No,1
465434,Female,No,26,Yes,Healthcare,1.0,Low,7.0,No,2
467850,Female,No,19,No,Healthcare,0.0,Low,2.0,No,2
463665,Male,Yes,50,Yes,Entertainment,0.0,Average,3.0,No,1
460400,Female,Yes,46,Yes,Entertainment,5.0,Low,2.0,No,4
459180,Male,Yes,70,Yes,Executive,2.0,High,1.0,Yes,3
460023,Male,Yes,49,Yes,Entertainment,0.0,Low,1.0,No,1
460112,Male,Yes,33,Yes,Engineer,7.0,Average,1.0,Yes,1
467769,Female,No,35,Yes,Doctor,1.0,Low,1.0,No,0
464749,Male,Yes,50,Yes,Engineer,9.0,Average,5.0,Yes,1
459568,Male,No,41,Yes,Artist,,Low,3.0,No,0
460082,Male,No,37,Yes,Artist,8.0,Low,1.0,No,0
463642,Female,No,27,Yes,Healthcare,0.0,Low,3.0,No,0
461060,Male,Yes,60,Yes,Executive,2.0,High,5.0,Yes,1
461053,Female,Yes,41,No,Executive,,High,4.0,Yes,4
463813,Female,No,26,No,Engineer,1.0,Low,6.0,No,2
461023,Male,Yes,63,Yes,Lawyer,,High,1.0,Yes,3
464239,Female,Yes,42,No,Artist,0.0,Average,3.0,No,4
459013,Male,Yes,47,Yes,Artist,3.0,Average,4.0,No,1
462329,Male,Yes,41,Yes,Executive,4.0,High,4.0,Yes,1
465031,Female,Yes,67,Yes,,1.0,Average,2.0,No,4
467205,Female,No,37,Yes,Healthcare,1.0,Low,3.0,No,0
464779,Female,No,27,No,Engineer,1.0,Low,1.0,No,0
462394,Male,Yes,35,Yes,Artist,0.0,Average,2.0,No,1
465289,Male,Yes,24,Yes,Executive,2.0,High,1.0,Yes,1
463024,Male,No,35,Yes,Artist,,Low,1.0,No,0
467636,Male,Yes,45,Yes,Doctor,1.0,Average,2.0,Yes,1
466405,Female,Yes,43,Yes,Entertainment,0.0,Average,2.0,No,4
462937,Female,Yes,61,Yes,Artist,1.0,Low,2.0,No,4
464138,Female,No,27,Yes,Healthcare,0.0,Low,4.0,No,2
461121,Male,No,28,No,Doctor,0.0,Low,4.0,No,2
460424,Female,No,35,No,Entertainment,0.0,Low,1.0,No,0
459398,Female,Yes,65,No,Lawyer,,High,3.0,Yes,3
463414,Male,Yes,24,Yes,Executive,2.0,High,4.0,Yes,1
464369,Male,Yes,33,Yes,Executive,1.0,High,5.0,Yes,1
463762,Male,Yes,34,No,Executive,3.0,High,4.0,Yes,1
464508,Female,No,52,Yes,Executive,1.0,High,3.0,Yes,4
464350,Female,Yes,80,Yes,Lawyer,2.0,High,2.0,Yes,3
459264,Female,No,42,Yes,Artist,0.0,Low,2.0,No,0
459425,Female,Yes,80,Yes,Lawyer,0.0,High,2.0,Yes,3
464665,Female,No,53,No,Engineer,2.0,Average,5.0,Yes,2
463044,Male,Yes,80,Yes,Lawyer,,High,2.0,Yes,3
460468,Female,No,50,Yes,Executive,1.0,Low,1.0,No,0
462681,Female,Yes,59,Yes,Entertainment,7.0,Average,2.0,No,4
466348,Male,No,53,Yes,Artist,1.0,Low,2.0,No,0
462269,Male,Yes,80,Yes,Artist,4.0,High,1.0,Yes,1
461669,Female,Yes,42,No,Engineer,0.0,Average,2.0,Yes,4
460925,Male,Yes,42,Yes,Artist,1.0,Average,3.0,No,1
462651,Male,Yes,38,No,Executive,,High,5.0,Yes,1
464176,Female,Yes,40,Yes,Artist,0.0,Low,1.0,No,4
464493,Female,Yes,65,Yes,Lawyer,5.0,Average,5.0,Yes,3
464135,Female,Yes,68,Yes,Lawyer,0.0,High,2.0,Yes,3
462964,Male,Yes,39,No,Artist,7.0,Average,3.0,No,1
462708,Male,Yes,25,Yes,Executive,8.0,High,2.0,Yes,1
464963,Female,Yes,47,Yes,Entertainment,1.0,Low,2.0,No,4
462834,Male,Yes,30,Yes,Homemaker,3.0,Low,2.0,No,1
464373,Female,No,46,Yes,Artist,0.0,Low,2.0,No,0
460794,Female,Yes,39,Yes,Homemaker,9.0,Low,1.0,No,0
465207,Male,Yes,49,Yes,Artist,0.0,Average,2.0,No,1
460580,Female,Yes,27,No,Engineer,9.0,Low,2.0,No,4
466632,Female,Yes,57,Yes,Artist,0.0,High,2.0,Yes,4
459351,Female,Yes,59,Yes,Artist,2.0,High,,Yes,4
464895,Male,No,19,No,Doctor,1.0,Low,5.0,No,2
466776,Male,Yes,86,Yes,Lawyer,0.0,Low,1.0,No,3
462696,Male,Yes,50,No,Artist,1.0,High,3.0,Yes,1
466888,Male,Yes,50,Yes,Entertainment,1.0,Low,1.0,No,1
465395,Male,Yes,39,No,Engineer,2.0,Average,4.0,Yes,1
465498,Male,Yes,41,Yes,Engineer,8.0,Average,3.0,Yes,1
463268,Female,Yes,38,No,Engineer,0.0,Low,3.0,No,4
464474,Female,No,52,Yes,Artist,1.0,Low,1.0,No,0
459299,Male,No,36,Yes,Artist,,Low,3.0,No,0
460844,Male,Yes,51,Yes,Healthcare,,Low,2.0,No,1
464430,Female,Yes,51,Yes,Engineer,6.0,Average,2.0,Yes,4
460100,Female,No,29,Yes,Doctor,1.0,Low,1.0,No,0
464216,Male,Yes,54,Yes,Artist,,High,4.0,Yes,1
462732,Female,Yes,41,Yes,Artist,,Low,1.0,No,4
461830,Male,Yes,46,Yes,Executive,2.0,High,2.0,Yes,1
461576,Male,Yes,39,Yes,Artist,10.0,Low,2.0,No,1
461211,Female,No,53,Yes,Entertainment,0.0,Low,1.0,No,0
466856,Female,Yes,67,No,Engineer,2.0,Average,3.0,Yes,4
463253,Female,Yes,59,Yes,Doctor,1.0,Average,4.0,Yes,4
463963,Female,Yes,29,No,Engineer,6.0,High,4.0,Yes,4
461529,Female,Yes,35,Yes,Entertainment,1.0,Low,1.0,No,4
465664,Female,Yes,84,Yes,Lawyer,1.0,Low,1.0,No,3
461231,Male,Yes,55,Yes,Artist,3.0,High,1.0,Yes,1
462763,Male,No,23,No,Healthcare,0.0,Low,4.0,No,2
465674,Female,No,39,Yes,Entertainment,1.0,Low,2.0,No,0
461936,Female,Yes,72,No,Lawyer,0.0,High,1.0,Yes,3
465073,Male,Yes,67,No,Executive,2.0,High,3.0,Yes,3
464260,Female,Yes,72,Yes,Artist,3.0,Average,3.0,No,4
464860,Female,Yes,47,No,Engineer,,Average,4.0,Yes,4
462046,Female,No,30,Yes,Doctor,8.0,Low,,No,0
461996,Female,No,35,No,Artist,5.0,Low,4.0,No,2
463003,Male,Yes,37,Yes,Artist,2.0,Average,2.0,No,1
465044,Male,Yes,49,Yes,Engineer,0.0,Average,5.0,Yes,1
464434,Male,Yes,45,Yes,Artist,0.0,Average,4.0,No,1
465159,Male,Yes,57,No,Entertainment,0.0,Low,1.0,No,1
462345,Male,Yes,49,Yes,Doctor,3.0,Average,7.0,Yes,1
459232,Female,Yes,54,Yes,Artist,0.0,High,3.0,Yes,4
459732,Male,Yes,71,No,Executive,1.0,High,6.0,Yes,1
464574,Male,No,58,No,Healthcare,4.0,Low,2.0,No,2
467371,Male,No,30,Yes,Healthcare,1.0,Low,4.0,No,2
467908,Female,Yes,38,No,Engineer,1.0,High,4.0,Yes,4
466371,Male,No,19,No,Healthcare,1.0,Low,4.0,No,2
465595,Female,No,38,No,Engineer,0.0,Low,3.0,No,2
460212,Male,Yes,37,Yes,Entertainment,11.0,Low,6.0,No,1
460936,Female,Yes,75,Yes,Executive,1.0,High,6.0,Yes,4
459308,Female,Yes,47,Yes,Artist,0.0,Average,2.0,No,4
464658,Male,Yes,33,No,Artist,1.0,Average,2.0,No,1
465050,Male,Yes,74,Yes,Lawyer,1.0,High,2.0,Yes,3
467234,Female,No,30,No,Homemaker,0.0,Low,4.0,No,2
466466,Female,,19,No,Healthcare,6.0,Low,5.0,No,2
459239,Male,Yes,81,No,Entertainment,1.0,Low,1.0,No,3
465169,Female,No,59,Yes,Doctor,0.0,Low,4.0,No,0
462591,Male,No,25,No,Doctor,4.0,Low,,No,2
460508,Male,Yes,27,Yes,Healthcare,2.0,High,3.0,Yes,1
459455,Female,Yes,79,Yes,Lawyer,1.0,Low,1.0,No,3
463002,Male,No,39,Yes,Artist,1.0,High,4.0,Yes,1
462399,Male,Yes,37,Yes,Executive,1.0,Low,6.0,No,1
466656,Female,Yes,80,Yes,Marketing,3.0,High,3.0,Yes,3
466162,Female,Yes,73,Yes,Doctor,0.0,Low,1.0,No,4
459861,Female,No,80,No,Lawyer,2.0,High,3.0,Yes,3
466435,Female,Yes,32,No,Executive,0.0,High,4.0,Yes,4
466075,Female,Yes,55,Yes,Engineer,1.0,Average,5.0,Yes,4
459333,Male,No,29,Yes,Healthcare,1.0,Low,2.0,No,0
460441,Male,No,31,No,Healthcare,,Low,4.0,No,2
463358,Female,Yes,62,Yes,Doctor,4.0,Average,3.0,Yes,4
467922,Male,Yes,80,No,Entertainment,2.0,High,2.0,Yes,3
462120,Male,Yes,51,No,Artist,1.0,Low,3.0,No,1
461742,Male,Yes,87,Yes,Executive,1.0,High,2.0,Yes,3
464776,Female,Yes,50,No,Engineer,,Average,5.0,Yes,4
463549,Male,No,23,No,Healthcare,0.0,Low,4.0,No,2
467768,Male,Yes,56,Yes,Doctor,1.0,Average,1.0,Yes,1
462281,Male,Yes,47,Yes,Artist,0.0,Low,2.0,No,1
464972,Male,Yes,64,No,Lawyer,1.0,High,9.0,Yes,3
467519,Male,No,19,No,Healthcare,0.0,Low,3.0,No,2
461667,Female,Yes,43,Yes,Doctor,1.0,Average,1.0,Yes,4
466949,Male,Yes,39,No,Executive,12.0,High,7.0,Yes,1
463641,Female,No,33,Yes,Marketing,1.0,Low,3.0,No,2
459095,Male,Yes,35,No,Entertainment,9.0,Low,3.0,No,1
465362,Female,Yes,53,Yes,Engineer,1.0,Average,3.0,Yes,4
466327,Male,Yes,31,Yes,Entertainment,5.0,Average,3.0,No,1
467734,Male,Yes,80,No,Lawyer,4.0,High,1.0,Yes,3
464842,Male,No,35,Yes,Artist,0.0,Low,2.0,No,0
461345,Male,No,27,No,Doctor,0.0,Low,3.0,No,2
459138,Male,Yes,53,Yes,Artist,1.0,Average,3.0,No,1
463171,Female,Yes,35,No,Entertainment,2.0,High,2.0,Yes,4
462987,Female,Yes,84,Yes,Lawyer,,High,2.0,Yes,3
461133,Male,No,23,No,Healthcare,1.0,Low,4.0,No,2
466086,Male,Yes,80,Yes,Lawyer,0.0,High,2.0,Yes,3
459360,Female,No,32,Yes,Healthcare,,Low,3.0,No,0
466993,Female,Yes,42,Yes,Engineer,10.0,Average,3.0,Yes,4
466589,Male,No,20,No,Healthcare,,Low,4.0,No,2
461238,Female,Yes,52,Yes,Artist,3.0,Low,1.0,No,4
463453,Male,No,27,Yes,Healthcare,,Low,4.0,No,2
462774,Female,Yes,88,Yes,Lawyer,0.0,Low,1.0,No,3
459337,Female,Yes,25,Yes,Engineer,6.0,Average,2.0,Yes,4
464041,Female,No,26,Yes,Engineer,1.0,Low,3.0,No,0
459077,Female,Yes,82,No,Lawyer,0.0,High,2.0,Yes,3
464354,Female,No,43,Yes,Engineer,3.0,Low,2.0,No,0
465744,Male,Yes,51,Yes,Artist,0.0,Average,2.0,No,1
465431,Male,Yes,35,No,Artist,0.0,Low,2.0,No,1
465089,Male,Yes,75,No,Executive,0.0,High,4.0,Yes,3
467187,Female,Yes,47,No,Engineer,1.0,Average,4.0,Yes,4
466581,Female,Yes,47,Yes,Artist,10.0,High,4.0,Yes,4
459118,Male,No,21,No,Healthcare,,Low,8.0,No,2
464626,Female,Yes,38,Yes,Artist,1.0,Average,2.0,No,4
463128,Female,Yes,76,No,Lawyer,0.0,High,3.0,Yes,3
459270,Male,Yes,65,Yes,Homemaker,0.0,High,2.0,Yes,3
461434,Female,Yes,27,Yes,Executive,3.0,High,3.0,Yes,4
465473,Female,No,55,Yes,Artist,3.0,Low,1.0,No,0
466491,Male,Yes,82,No,Executive,1.0,High,2.0,Yes,3
464392,Male,Yes,58,,Artist,1.0,Average,2.0,No,1
462682,Male,No,25,No,Entertainment,2.0,Low,7.0,No,2
459474,Male,No,25,Yes,Doctor,6.0,Low,1.0,No,0
466096,Male,Yes,76,Yes,Lawyer,0.0,Low,2.0,No,3
463558,Female,Yes,88,Yes,Lawyer,1.0,Average,2.0,Yes,3
459446,Male,Yes,36,No,Entertainment,,Average,3.0,No,1
467715,Male,Yes,52,Yes,Executive,4.0,High,4.0,Yes,1
463047,Male,Yes,27,Yes,Homemaker,9.0,Low,,No,1
466554,Male,No,26,No,Healthcare,0.0,Low,3.0,No,2
465433,Female,No,40,Yes,Artist,,Low,1.0,No,0
463378,Male,No,30,Yes,Doctor,1.0,Low,1.0,No,0
459784,Female,Yes,49,Yes,Engineer,0.0,High,4.0,Yes,4
463427,Female,Yes,29,Yes,Engineer,1.0,Low,2.0,No,4
466367,Female,No,37,Yes,Doctor,5.0,Low,1.0,No,0
466941,Female,Yes,80,Yes,Lawyer,,High,3.0,Yes,3
464548,Female,Yes,47,No,,1.0,Low,1.0,No,4
463022,Male,Yes,60,Yes,Executive,4.0,High,3.0,Yes,1
465829,Female,Yes,38,Yes,Doctor,7.0,Average,4.0,Yes,4
464391,Female,Yes,65,No,Engineer,0.0,Average,2.0,Yes,4
463708,Female,Yes,26,No,Engineer,3.0,Average,1.0,Yes,4
461050,Male,No,51,Yes,,1.0,High,2.0,Yes,1
460647,Female,Yes,26,No,Doctor,1.0,Average,2.0,Yes,4
465035,Female,Yes,74,Yes,Lawyer,12.0,High,2.0,Yes,3
460975,Male,Yes,86,,Lawyer,1.0,High,2.0,Yes,3
466656,Male,Yes,80,Yes,Marketing,2.0,High,2.0,Yes,3
462138,Female,Yes,56,Yes,Artist,1.0,Low,2.0,No,4
464987,Male,Yes,50,Yes,Executive,1.0,High,5.0,Yes,1
459967,Male,No,27,Yes,Entertainment,9.0,Low,3.0,No,0
464403,Male,Yes,62,Yes,Lawyer,2.0,High,3.0,Yes,3
459305,Male,Yes,29,No,Healthcare,13.0,High,2.0,Yes,1
461197,Male,No,28,No,Marketing,0.0,Low,1.0,No,2
464467,Female,No,43,Yes,Healthcare,1.0,Low,2.0,No,0
466191,Male,Yes,49,Yes,Executive,0.0,High,3.0,Yes,1
465596,Male,,33,Yes,Healthcare,9.0,High,2.0,Yes,1
462174,Female,Yes,42,Yes,Engineer,7.0,Average,4.0,Yes,4
459891,Male,Yes,51,Yes,Doctor,,Average,3.0,Yes,1
465440,Male,Yes,62,No,Engineer,1.0,Low,5.0,No,1
460909,Female,No,31,No,Healthcare,,Low,2.0,No,2
467826,Male,No,18,No,Healthcare,0.0,Low,6.0,No,2
462726,Female,Yes,80,Yes,Homemaker,1.0,High,,Yes,3
463215,Female,No,40,Yes,Engineer,0.0,High,3.0,Yes,4
463544,Male,Yes,47,Yes,Executive,1.0,Average,4.0,No,1
462354,Male,Yes,62,No,Artist,1.0,Average,2.0,No,1
464905,Male,,80,No,Executive,,High,2.0,Yes,3
461619,Male,Yes,53,Yes,Executive,,High,3.0,Yes,1
463064,Male,Yes,36,No,Executive,9.0,High,2.0,Yes,1
461654,Female,No,67,Yes,Artist,0.0,Low,1.0,No,0
459438,Female,Yes,66,No,Artist,0.0,High,1.0,Yes,4
460334,Male,No,41,Yes,Artist,4.0,Low,1.0,No,0
466692,Female,,27,No,Engineer,1.0,Low,1.0,No,4
467273,Female,No,80,Yes,Lawyer,9.0,High,1.0,Yes,3
465008,Female,Yes,69,Yes,Artist,0.0,High,3.0,Yes,4
465215,Male,Yes,39,Yes,Executive,9.0,High,6.0,Yes,1
466122,Female,,28,Yes,Healthcare,4.0,Low,8.0,No,4
466225,Male,No,19,No,Healthcare,0.0,Low,3.0,No,2
461396,Male,No,23,No,Doctor,0.0,Low,5.0,No,2
466268,Female,Yes,72,Yes,Artist,0.0,Average,3.0,No,4
461060,Male,Yes,62,Yes,Executive,2.0,High,5.0,Yes,1
462119,Male,Yes,71,Yes,Entertainment,0.0,Low,2.0,No,1
466766,Male,Yes,70,Yes,Lawyer,0.0,High,5.0,Yes,3
467300,Female,Yes,50,Yes,Artist,0.0,Low,1.0,No,4
459535,Male,Yes,50,Yes,Artist,8.0,Average,2.0,No,1
465412,Male,No,32,Yes,Doctor,7.0,Low,4.0,No,0
467007,Female,Yes,40,No,Engineer,2.0,High,1.0,Yes,4
464984,Male,No,32,Yes,Artist,1.0,Low,1.0,No,0
464791,Male,Yes,42,No,Marketing,2.0,High,6.0,Yes,1
460590,Male,Yes,37,Yes,Artist,0.0,Average,3.0,No,1
466479,Male,Yes,52,Yes,Artist,,Average,3.0,No,1
462132,Male,Yes,47,,Artist,4.0,Low,1.0,No,1
467854,Male,No,28,Yes,Artist,9.0,Low,2.0,No,0
467894,Male,Yes,58,Yes,Artist,0.0,Average,2.0,No,1
460146,Female,Yes,51,Yes,Engineer,0.0,Average,3.0,Yes,4
466159,Female,Yes,52,Yes,Engineer,3.0,Average,2.0,Yes,4
461629,Male,Yes,53,Yes,Artist,0.0,Low,3.0,No,1
459750,Female,Yes,39,Yes,Engineer,2.0,Average,2.0,Yes,4
465394,Male,No,32,Yes,Engineer,0.0,Low,3.0,No,0
461126,Female,No,28,Yes,Homemaker,,Low,2.0,No,0
460027,Female,No,37,Yes,Entertainment,6.0,Low,,No,0
466923,Female,No,21,No,Homemaker,9.0,Low,1.0,No,0
459000,Male,Yes,58,No,Executive,12.0,High,2.0,Yes,1
460512,Female,Yes,48,Yes,Engineer,2.0,High,5.0,Yes,4
459017,Male,Yes,48,Yes,Executive,,High,5.0,Yes,1
463382,Female,Yes,48,Yes,Engineer,2.0,High,4.0,Yes,4
459018,Male,Yes,85,No,Executive,1.0,High,2.0,Yes,3
465768,Female,No,37,Yes,Artist,7.0,Low,4.0,No,0
460081,Male,Yes,39,Yes,Artist,8.0,High,2.0,Yes,1
463859,Male,Yes,39,Yes,Artist,6.0,Average,2.0,No,1
459343,Female,Yes,40,Yes,Entertainment,12.0,Low,6.0,No,4
466666,Female,Yes,32,Yes,Healthcare,0.0,Low,2.0,No,4
466784,Male,No,26,No,Doctor,4.0,Low,,No,2
462882,Male,Yes,41,Yes,Homemaker,2.0,Average,3.0,No,1
461779,Female,Yes,79,Yes,Lawyer,3.0,High,2.0,Yes,3
466657,Female,Yes,86,Yes,Lawyer,0.0,High,2.0,Yes,3
463434,Male,Yes,24,No,Engineer,,Average,3.0,Yes,1
466957,Male,Yes,35,No,Entertainment,8.0,Average,4.0,No,1
462150,Male,Yes,35,Yes,Artist,7.0,Low,2.0,No,1
466947,Male,Yes,57,No,Executive,0.0,High,4.0,Yes,1
467669,Male,Yes,80,No,Lawyer,0.0,High,1.0,Yes,3
462530,Female,Yes,37,Yes,Artist,,High,2.0,Yes,4
466556,Male,No,21,No,Healthcare,1.0,Low,3.0,No,2
462240,Male,Yes,80,No,Lawyer,1.0,High,2.0,Yes,3
459995,Female,No,38,No,Artist,4.0,Low,2.0,No,0
467118,Male,Yes,55,Yes,Entertainment,1.0,Average,3.0,No,1
462232,Male,Yes,56,No,Executive,1.0,High,8.0,Yes,1
459648,Female,Yes,45,Yes,Artist,4.0,High,3.0,Yes,4
463235,Female,No,21,No,,1.0,Low,4.0,No,2
466332,Male,No,23,No,Healthcare,0.0,Low,3.0,No,2
466198,Male,Yes,68,No,Lawyer,0.0,High,1.0,Yes,3
462088,Male,Yes,26,Yes,Artist,0.0,Average,2.0,No,1
461000,Male,Yes,59,Yes,Marketing,3.0,High,2.0,Yes,3
459124,Female,Yes,76,Yes,Artist,2.0,High,4.0,Yes,4
460356,Male,No,22,No,Healthcare,1.0,Low,4.0,No,2
465555,Female,Yes,69,No,Lawyer,,High,1.0,Yes,3
466135,Male,Yes,47,Yes,Artist,1.0,Low,2.0,No,1
467560,Female,Yes,73,Yes,Lawyer,1.0,Low,2.0,No,3
465900,Female,No,36,Yes,Entertainment,7.0,Low,1.0,No,0
466048,Male,No,25,No,Entertainment,3.0,Low,1.0,No,2
459328,Male,Yes,48,Yes,Executive,1.0,High,3.0,Yes,1
466277,Male,No,18,No,Healthcare,0.0,Low,5.0,No,2
463398,Male,No,29,No,Marketing,9.0,Low,4.0,No,2
460790,Female,Yes,37,Yes,Artist,0.0,High,1.0,Yes,4
464162,Male,Yes,81,Yes,Lawyer,,High,2.0,Yes,3
465456,Female,Yes,59,Yes,Artist,3.0,High,5.0,Yes,4
465385,Female,No,46,Yes,Artist,5.0,Low,1.0,No,0
463654,Female,No,39,No,Engineer,4.0,Low,3.0,No,2
462667,Female,Yes,40,No,Homemaker,2.0,Average,2.0,No,4
465346,Female,No,37,Yes,Marketing,1.0,Low,3.0,No,2
459270,Male,Yes,68,Yes,Homemaker,0.0,High,1.0,Yes,3
460422,Male,Yes,49,Yes,Entertainment,0.0,High,,Yes,1
460864,Female,No,20,No,Artist,0.0,Low,3.0,No,2
465395,Female,No,39,No,Engineer,0.0,Average,5.0,Yes,2
463007,Male,Yes,34,No,Executive,,High,3.0,Yes,1
461543,Male,No,31,No,Artist,3.0,Low,2.0,No,0
467157,Male,Yes,42,Yes,Executive,9.0,High,6.0,Yes,1
464749,Male,Yes,46,No,Engineer,7.0,Average,3.0,Yes,1
459489,Male,Yes,46,Yes,Doctor,3.0,Average,5.0,Yes,1
463903,Male,No,26,No,Entertainment,0.0,Low,2.0,No,2
461984,Male,Yes,42,Yes,Artist,2.0,Average,2.0,No,1
466368,Male,No,37,Yes,Doctor,,Low,1.0,No,0
464647,Female,Yes,51,No,Doctor,1.0,High,1.0,Yes,4
460727,Male,Yes,68,No,Executive,2.0,High,3.0,Yes,3
465367,Male,Yes,69,No,Executive,1.0,High,3.0,Yes,3
462441,Female,No,22,No,Healthcare,0.0,Low,4.0,No,2
467012,Male,Yes,49,Yes,Executive,2.0,High,4.0,Yes,1
460853,Female,Yes,59,No,Artist,1.0,High,2.0,Yes,4
462454,Male,No,19,No,Healthcare,1.0,Low,3.0,No,2
467335,Female,No,42,No,Engineer,3.0,Average,1.0,Yes,0
462034,Female,Yes,41,Yes,Artist,9.0,High,2.0,Yes,4
461029,Male,Yes,42,No,Entertainment,8.0,Low,2.0,No,1
466435,Male,Yes,27,No,Executive,2.0,High,4.0,Yes,1
461892,Female,No,35,Yes,Healthcare,0.0,Low,1.0,No,0
460520,Female,No,28,Yes,Doctor,1.0,Low,3.0,No,0
464675,Female,Yes,36,No,Doctor,0.0,Average,10.0,Yes,4
460168,Male,Yes,80,Yes,Executive,2.0,High,3.0,Yes,3
465229,Male,Yes,38,Yes,Executive,0.0,High,3.0,Yes,1
462879,Male,Yes,74,Yes,Lawyer,1.0,High,2.0,Yes,3
459793,Male,Yes,37,Yes,Artist,0.0,High,,Yes,1
463536,Male,Yes,89,Yes,Executive,,High,2.0,Yes,3
460387,Female,No,35,No,Entertainment,4.0,Low,2.0,No,0
460102,Male,Yes,43,Yes,Artist,9.0,High,2.0,Yes,1
462593,Female,Yes,56,No,Engineer,1.0,Average,5.0,Yes,4
461710,Female,Yes,52,Yes,Doctor,2.0,Average,5.0,Yes,4
461279,Male,No,18,No,Doctor,4.0,Low,2.0,No,2
464216,Male,Yes,50,Yes,Artist,,High,2.0,Yes,1
459778,Male,Yes,48,Yes,Entertainment,0.0,Average,4.0,No,1
462557,Female,Yes,55,No,Engineer,,Average,3.0,Yes,4
465295,Female,,37,Yes,Doctor,8.0,Average,1.0,Yes,4
465536,Female,Yes,30,Yes,Doctor,,Average,2.0,Yes,4
459335,Male,No,26,Yes,Healthcare,,Low,3.0,No,2
467232,Male,No,33,No,Entertainment,0.0,Low,2.0,No,2
464489,Male,Yes,45,Yes,Artist,0.0,Average,3.0,No,1
460523,Female,No,48,Yes,Entertainment,1.0,Low,,No,0
464199,Male,Yes,25,Yes,Artist,8.0,Low,2.0,No,1
465700,Male,Yes,25,Yes,Entertainment,1.0,High,2.0,Yes,1
464294,Male,Yes,63,No,Executive,3.0,High,3.0,Yes,3
465080,Male,Yes,70,Yes,Lawyer,8.0,Average,2.0,Yes,3
459937,Female,No,39,Yes,Artist,7.0,Low,1.0,No,0
459899,Female,Yes,48,Yes,Artist,0.0,Low,4.0,No,4
463109,Male,No,66,Yes,Executive,7.0,High,3.0,Yes,1
467213,Female,Yes,88,Yes,Lawyer,1.0,High,2.0,Yes,3
467683,Male,Yes,24,Yes,Healthcare,10.0,High,4.0,Yes,1
464950,Male,No,21,No,Healthcare,1.0,Low,4.0,No,2
461673,Male,No,33,No,Healthcare,0.0,Low,5.0,No,2
459634,Female,No,39,Yes,Engineer,,Low,3.0,No,0
467515,Male,Yes,26,Yes,Engineer,2.0,Average,3.0,Yes,1
464741,Female,Yes,70,No,Executive,1.0,High,,Yes,3
466719,Male,Yes,68,No,Executive,1.0,High,2.0,Yes,3
459004,Female,Yes,55,Yes,Artist,0.0,High,6.0,Yes,4
464409,Male,Yes,76,Yes,Lawyer,0.0,Average,3.0,Yes,3
460723,Female,Yes,49,Yes,Engineer,1.0,High,3.0,Yes,4
462757,Male,No,20,No,Healthcare,1.0,Low,3.0,No,2
461728,Female,No,55,Yes,Entertainment,1.0,Low,1.0,No,0
462036,Female,Yes,62,Yes,Lawyer,1.0,High,3.0,Yes,3
462577,Female,Yes,70,No,Marketing,0.0,High,2.0,Yes,3
461831,Male,No,30,Yes,Doctor,0.0,Low,3.0,No,0
459319,Female,Yes,46,No,Artist,0.0,High,2.0,Yes,4
467034,Male,No,80,No,Executive,0.0,High,3.0,Yes,3
464219,Male,No,27,Yes,Marketing,1.0,Low,2.0,No,2
465696,Female,No,56,Yes,Artist,0.0,Low,2.0,No,0
466492,Female,Yes,85,Yes,Lawyer,0.0,High,2.0,Yes,3
460948,Male,Yes,53,Yes,Engineer,4.0,Low,3.0,No,1
464198,Male,Yes,49,Yes,Entertainment,1.0,Low,2.0,No,1
467586,Male,Yes,35,Yes,Artist,3.0,Average,3.0,No,1
464815,Female,Yes,20,No,Doctor,0.0,High,9.0,Yes,4
459590,Male,Yes,22,No,Executive,1.0,High,3.0,Yes,1
463967,Female,No,33,Yes,Engineer,0.0,Low,2.0,No,0
459721,Male,Yes,76,Yes,Lawyer,0.0,Low,2.0,No,3
459842,Male,No,25,Yes,Healthcare,,Low,3.0,No,2
459082,Male,,45,Yes,Artist,1.0,Low,,No,1
465921,Female,No,25,Yes,Artist,8.0,Low,1.0,No,0
465708,Female,No,57,Yes,Artist,0.0,High,3.0,Yes,4
466353,Female,Yes,39,Yes,Engineer,0.0,Average,3.0,Yes,4
466539,Female,Yes,80,No,Lawyer,2.0,High,2.0,Yes,3
464224,Male,Yes,62,No,Engineer,0.0,High,2.0,Yes,1
466139,Female,Yes,51,No,Doctor,0.0,Average,3.0,Yes,4
462990,Female,No,25,Yes,Healthcare,3.0,Low,5.0,No,2
466322,Male,No,28,No,Doctor,0.0,Low,3.0,No,2
462070,Male,Yes,41,Yes,Entertainment,9.0,Average,2.0,No,1
465553,Female,Yes,47,Yes,Artist,8.0,Average,4.0,No,4
467717,Female,Yes,62,No,Engineer,0.0,High,6.0,Yes,4
462641,Female,Yes,42,No,,,Average,,No,4
461144,Female,No,23,No,Lawyer,0.0,Low,6.0,No,2
462584,Female,Yes,40,No,Entertainment,0.0,Low,4.0,No,4
462109,Male,Yes,75,No,Lawyer,0.0,Low,1.0,No,3
459047,Female,No,21,No,Healthcare,1.0,Low,5.0,No,2
466447,Female,Yes,49,Yes,Artist,0.0,Average,4.0,No,4
460396,Female,Yes,41,Yes,Entertainment,9.0,Low,1.0,No,4
464110,Male,Yes,54,Yes,Doctor,1.0,High,1.0,Yes,1
459614,Female,No,43,Yes,Artist,1.0,Low,2.0,No,0
462195,Female,No,21,No,Healthcare,0.0,Low,4.0,No,2
460447,Male,,79,No,Lawyer,0.0,Low,1.0,No,3
459860,Male,Yes,73,No,Executive,2.0,High,2.0,Yes,3
463250,Female,No,36,Yes,Doctor,0.0,Low,2.0,No,0
465089,Male,Yes,71,No,Executive,0.0,High,3.0,Yes,3
460290,Female,,55,Yes,Artist,,High,1.0,Yes,4
461005,Male,No,23,No,Healthcare,0.0,Low,5.0,No,2
463843,Male,Yes,48,Yes,Executive,2.0,High,4.0,Yes,1
465357,Female,Yes,49,Yes,Artist,1.0,Average,3.0,No,4
460646,Male,Yes,57,Yes,Entertainment,,Low,,No,1
463896,Female,No,25,No,Homemaker,0.0,Low,3.0,No,2
466292,Male,Yes,80,No,Lawyer,0.0,High,3.0,Yes,3
467558,Female,Yes,52,Yes,Doctor,0.0,Average,8.0,Yes,4
465846,Female,No,40,Yes,Artist,5.0,Low,1.0,No,0
459368,Male,Yes,28,No,Executive,,Low,7.0,No,2
464421,Female,Yes,27,Yes,Marketing,,High,5.0,Yes,4
464101,Male,Yes,62,Yes,Entertainment,9.0,Average,2.0,No,1
463338,Male,Yes,32,No,Entertainment,1.0,Low,2.0,No,1
464242,Male,No,37,Yes,Engineer,1.0,Low,3.0,No,0
464646,Male,Yes,58,No,Engineer,6.0,Average,4.0,Yes,1
465578,Male,No,33,Yes,Healthcare,4.0,Low,1.0,No,0
461024,Male,Yes,82,Yes,Lawyer,1.0,Low,1.0,No,3
465439,Female,Yes,43,Yes,Artist,3.0,High,4.0,Yes,4
462705,Male,Yes,68,No,Lawyer,0.0,Average,3.0,Yes,3
463455,Male,Yes,46,No,Artist,0.0,Low,2.0,No,1
467030,Male,No,26,Yes,Artist,1.0,Low,2.0,No,0
462796,Female,No,37,Yes,Entertainment,1.0,Low,2.0,No,0
459603,Female,Yes,80,No,Lawyer,2.0,High,1.0,Yes,3
464896,Male,Yes,77,No,Executive,2.0,High,2.0,Yes,3
464505,Female,No,30,No,Doctor,9.0,Low,5.0,No,2
462803,Male,No,26,No,Doctor,0.0,Low,6.0,No,2
462575,Male,Yes,51,No,Executive,0.0,High,5.0,Yes,1
463036,Male,Yes,48,Yes,Artist,,Low,6.0,No,1
462172,Female,No,40,Yes,Doctor,1.0,Average,2.0,Yes,0
459512,Male,Yes,65,Yes,Lawyer,0.0,High,2.0,Yes,3
462039,Male,No,21,No,Healthcare,1.0,Low,2.0,No,2
464328,Male,Yes,84,No,Lawyer,1.0,High,2.0,Yes,3
467430,Male,Yes,48,Yes,Artist,4.0,Average,2.0,No,1
464257,Male,Yes,37,,Entertainment,0.0,High,2.0,Yes,1
463739,Female,Yes,42,No,Marketing,0.0,Low,3.0,No,2
462268,Female,Yes,80,No,Lawyer,8.0,High,1.0,Yes,3
462580,Female,No,39,Yes,Artist,0.0,Low,1.0,No,0
466746,Male,Yes,70,Yes,Lawyer,0.0,High,2.0,Yes,3
462698,Female,Yes,56,Yes,Entertainment,1.0,Average,2.0,No,4
462553,Male,No,27,No,Artist,1.0,Low,1.0,No,0
466571,Male,No,23,No,Healthcare,1.0,Low,4.0,No,2
464265,Male,Yes,56,Yes,Entertainment,1.0,Low,2.0,No,1
466523,Male,Yes,35,Yes,Executive,0.0,High,2.0,Yes,1
461455,Female,Yes,35,Yes,Artist,0.0,Average,2.0,No,4
462582,Male,No,20,No,Healthcare,0.0,Low,4.0,No,2
465954,Female,No,33,Yes,Entertainment,11.0,Low,3.0,No,0
466816,Male,Yes,80,Yes,Lawyer,0.0,High,1.0,Yes,3
460054,Male,Yes,38,Yes,Artist,,Low,2.0,No,1
460068,Female,No,40,Yes,Artist,8.0,Low,1.0,No,0
461447,Male,Yes,74,Yes,Lawyer,0.0,High,2.0,Yes,3
465068,Male,Yes,42,Yes,Artist,3.0,Average,4.0,No,1
464233,Female,Yes,48,Yes,Artist,1.0,Average,2.0,No,4
463140,Male,Yes,29,No,Engineer,7.0,Average,4.0,Yes,1
467129,Female,,49,No,Marketing,1.0,Average,3.0,No,3
459238,Female,Yes,80,Yes,Lawyer,,High,2.0,Yes,3
460266,Male,No,22,No,Healthcare,0.0,Low,8.0,No,2
467119,Male,Yes,35,No,Marketing,0.0,High,3.0,Yes,3
465931,Male,Yes,38,Yes,Artist,6.0,Low,1.0,No,1
463291,Female,Yes,40,Yes,Engineer,7.0,Average,3.0,Yes,4
462397,Male,Yes,49,Yes,Artist,1.0,Average,4.0,No,1
462417,Male,No,30,No,Healthcare,4.0,Low,4.0,No,2
463745,Male,Yes,62,Yes,Artist,1.0,Average,3.0,No,1
461407,Female,No,32,Yes,Marketing,8.0,Low,6.0,No,2
467748,Male,Yes,35,Yes,Executive,,High,3.0,Yes,1
465102,Male,Yes,57,Yes,Lawyer,1.0,High,2.0,Yes,3
464034,Male,Yes,37,Yes,Entertainment,3.0,Low,1.0,No,1
462188,Female,Yes,48,No,Engineer,2.0,Average,4.0,Yes,4
461743,Male,Yes,64,Yes,Doctor,0.0,High,2.0,Yes,1
461494,Male,Yes,33,No,Engineer,0.0,Average,2.0,Yes,1
467088,Male,Yes,57,Yes,Artist,0.0,Low,1.0,No,1
466814,Male,No,18,No,Healthcare,0.0,Low,3.0,No,2
459125,Female,No,32,Yes,Artist,,Low,7.0,No,2
459989,Male,Yes,52,Yes,Artist,6.0,Average,2.0,No,1
467188,Male,Yes,55,Yes,Artist,2.0,Low,2.0,No,1
467312,Female,Yes,62,Yes,Artist,1.0,Low,2.0,No,4
461772,Female,Yes,36,Yes,Engineer,0.0,Average,3.0,Yes,4
464972,Male,Yes,65,No,Lawyer,0.0,High,10.0,Yes,3
459695,Male,Yes,32,Yes,Artist,,High,3.0,Yes,1
460995,Female,No,31,Yes,Marketing,0.0,Low,1.0,No,0
459117,Male,Yes,66,Yes,Artist,1.0,High,2.0,Yes,1
463064,Male,Yes,33,No,Executive,9.0,High,2.0,Yes,1
463181,Male,Yes,50,Yes,Doctor,4.0,Average,3.0,Yes,1
467615,Female,Yes,37,Yes,Doctor,0.0,Low,2.0,No,4
460992,Male,No,60,No,Executive,0.0,High,5.0,Yes,2
462731,Female,Yes,41,Yes,Artist,6.0,High,3.0,Yes,4
465270,Female,Yes,43,Yes,Artist,0.0,Average,4.0,No,4
464064,Female,Yes,39,No,Doctor,0.0,Low,2.0,No,4
459003,Male,Yes,53,Yes,Doctor,0.0,High,6.0,Yes,1
459580,Female,No,51,Yes,Lawyer,6.0,Low,1.0,No,0
463998,Female,No,27,No,Engineer,0.0,Low,3.0,No,2
464163,Male,Yes,63,No,Executive,1.0,High,3.0,Yes,3
462492,Male,Yes,36,No,Artist,1.0,Average,4.0,No,1
460690,Female,,51,No,Homemaker,8.0,Low,,No,4
467441,Male,No,42,Yes,Artist,,Low,1.0,No,0
464118,Male,No,38,Yes,Entertainment,0.0,Low,2.0,No,0
463977,Male,Yes,29,Yes,Healthcare,11.0,High,3.0,Yes,1
466474,Male,No,29,Yes,Entertainment,6.0,Low,3.0,No,0
464887,Male,Yes,49,Yes,Artist,1.0,Average,8.0,No,1
466014,Female,No,42,No,Engineer,0.0,High,2.0,Yes,4
464131,Male,Yes,80,Yes,Engineer,2.0,High,3.0,Yes,1
463513,Male,Yes,79,Yes,Artist,,High,2.0,Yes,1
465133,Female,Yes,62,Yes,Engineer,1.0,Average,5.0,Yes,4
466193,Male,Yes,84,No,Lawyer,0.0,Low,1.0,No,3
466264,Male,Yes,33,Yes,,0.0,Low,2.0,No,1
462315,Male,Yes,65,Yes,Artist,1.0,Average,3.0,No,1
463757,Male,No,39,Yes,Artist,0.0,Low,3.0,No,0
459413,Female,Yes,80,Yes,Artist,,High,1.0,Yes,4
462738,Female,No,28,Yes,Healthcare,,Low,3.0,No,0
459528,Female,Yes,48,Yes,Doctor,2.0,Average,3.0,Yes,4
467636,Male,Yes,41,Yes,Doctor,3.0,Average,2.0,Yes,1
467673,Male,Yes,46,No,Executive,2.0,High,5.0,Yes,1
459344,Female,Yes,76,Yes,Artist,3.0,High,1.0,Yes,4
460412,Female,No,31,No,Healthcare,0.0,Low,5.0,No,2
465133,Female,No,66,Yes,Engineer,0.0,Average,4.0,Yes,4
466150,Male,Yes,51,Yes,Artist,1.0,Low,2.0,No,1
467654,Female,Yes,54,Yes,Artist,,High,3.0,Yes,4
464905,Male,Yes,80,Yes,Executive,,High,3.0,Yes,3
465348,Male,,29,No,Executive,,High,,Yes,1
461737,Female,Yes,46,Yes,Doctor,3.0,Average,5.0,Yes,4
459737,Female,Yes,76,Yes,Lawyer,10.0,High,2.0,Yes,3
465721,Male,Yes,30,Yes,Entertainment,0.0,High,3.0,Yes,1
460384,Female,Yes,32,Yes,Marketing,8.0,Low,2.0,No,0
466148,Male,Yes,39,No,Entertainment,0.0,Average,4.0,No,1
465395,Female,Yes,43,No,Engineer,0.0,Average,5.0,Yes,4
463804,Male,Yes,63,Yes,Artist,9.0,Low,1.0,No,1
467397,Male,No,29,No,Doctor,8.0,Low,4.0,No,2
464117,Male,Yes,84,Yes,Lawyer,0.0,High,2.0,Yes,3
462601,Female,Yes,67,No,Lawyer,1.0,High,4.0,Yes,3
462505,Male,Yes,40,No,Executive,0.0,Low,4.0,No,1
467882,Female,No,40,Yes,Artist,0.0,Low,1.0,No,0
463213,Female,No,18,No,Healthcare,3.0,Low,4.0,No,2
462952,Male,Yes,46,Yes,Entertainment,,Low,,No,1
461012,Male,No,35,No,Doctor,1.0,Low,3.0,No,2
463089,Male,Yes,46,Yes,Executive,9.0,High,4.0,Yes,1
462140,Female,Yes,62,No,Engineer,,Average,4.0,Yes,4
461082,Male,No,23,No,Healthcare,8.0,Low,4.0,No,2
460421,Male,Yes,30,Yes,Artist,,Low,1.0,No,1
462380,Female,Yes,50,No,Artist,2.0,High,3.0,Yes,4
464445,Male,Yes,79,Yes,Executive,3.0,High,4.0,Yes,3
464397,Female,Yes,37,Yes,Engineer,0.0,Average,2.0,Yes,4
459173,Male,Yes,55,Yes,Artist,1.0,Average,2.0,No,1
462303,Female,Yes,32,No,Artist,0.0,Average,4.0,No,4
466384,Female,Yes,72,Yes,Engineer,0.0,High,3.0,Yes,4
466157,Male,Yes,72,Yes,Homemaker,9.0,Low,,No,1
461774,Female,Yes,81,Yes,Lawyer,1.0,High,3.0,Yes,3
462894,Male,Yes,43,Yes,Artist,2.0,Average,4.0,No,1
466215,Male,Yes,53,Yes,Artist,3.0,Average,4.0,No,1
459502,Female,Yes,47,Yes,Artist,1.0,Average,3.0,No,4
467577,Female,Yes,48,Yes,Artist,1.0,Average,7.0,No,4
467649,Male,Yes,35,Yes,Doctor,1.0,Average,5.0,Yes,1
464455,Male,Yes,76,Yes,Lawyer,2.0,High,3.0,Yes,3
460830,Male,Yes,40,No,Entertainment,2.0,Average,5.0,No,1
467779,Male,Yes,54,Yes,Doctor,2.0,Average,2.0,Yes,1
461846,Female,No,72,Yes,Artist,1.0,Low,2.0,No,0
465555,Female,Yes,71,Yes,Lawyer,,High,3.0,Yes,3
462240,Male,Yes,84,No,Lawyer,1.0,High,2.0,Yes,3
464766,Female,Yes,51,No,Engineer,9.0,Average,5.0,Yes,4
461354,Female,No,63,No,Entertainment,0.0,Low,1.0,No,0
463044,Male,Yes,80,Yes,Lawyer,,High,1.0,Yes,3
467128,Female,No,32,No,Homemaker,1.0,Low,1.0,No,2
462165,Male,Yes,73,Yes,Lawyer,4.0,High,3.0,Yes,3
462548,Male,No,18,,Executive,,Low,5.0,No,2
460933,Female,Yes,78,Yes,Lawyer,0.0,High,2.0,Yes,3
466014,Female,Yes,47,No,Engineer,0.0,High,2.0,Yes,4
464231,Male,Yes,45,Yes,Artist,0.0,Average,4.0,No,1
461231,Male,Yes,48,Yes,Artist,3.0,High,1.0,Yes,1
459569,Male,No,32,Yes,Healthcare,,Low,1.0,No,0
460763,Male,No,47,Yes,Artist,1.0,Low,2.0,No,0
461646,Female,Yes,60,Yes,Artist,,High,4.0,Yes,4
465263,Male,Yes,65,Yes,Artist,1.0,High,2.0,Yes,1
461904,Female,Yes,50,Yes,Artist,4.0,Average,2.0,No,4
462213,Male,No,19,No,Doctor,1.0,Low,2.0,No,2
463403,Male,No,18,No,Healthcare,2.0,Low,4.0,No,2
465926,Male,Yes,26,Yes,Healthcare,6.0,Low,2.0,No,1
464590,Female,No,27,Yes,Artist,14.0,Low,3.0,No,0
459093,Female,Yes,39,Yes,Doctor,8.0,Average,2.0,Yes,4
463274,Male,Yes,58,Yes,Artist,7.0,Low,1.0,No,1
467935,Male,No,23,No,Healthcare,7.0,Low,3.0,No,2
461842,Male,Yes,63,Yes,Artist,1.0,Average,3.0,No,1
461508,Male,No,33,Yes,Artist,8.0,Low,1.0,No,0
464340,Male,Yes,67,Yes,Artist,1.0,High,2.0,Yes,1
460786,Male,Yes,66,No,Lawyer,3.0,High,2.0,Yes,3
467386,Male,No,31,No,Doctor,0.0,Low,1.0,No,0
464269,Male,No,37,Yes,Entertainment,0.0,Low,,No,0
461981,Male,No,18,No,Healthcare,4.0,Low,3.0,No,2
464028,Female,No,21,No,Healthcare,0.0,Low,5.0,No,2
462848,Female,Yes,22,No,Healthcare,5.0,High,2.0,Yes,4
459742,Female,Yes,80,No,Lawyer,1.0,High,1.0,Yes,3
463869,Female,Yes,49,Yes,Doctor,0.0,Average,5.0,Yes,4
459811,Female,Yes,48,Yes,Artist,1.0,High,3.0,Yes,4
464709,Male,Yes,36,No,Executive,10.0,High,5.0,Yes,1
460481,Male,No,25,Yes,Entertainment,1.0,Low,2.0,No,0
462687,Male,No,29,No,Homemaker,11.0,Low,3.0,No,2
467169,Male,No,53,Yes,Artist,0.0,Low,1.0,No,0
464342,Female,Yes,47,Yes,Engineer,0.0,Average,2.0,Yes,4
465653,Female,Yes,53,Yes,Artist,1.0,Low,2.0,No,4
467706,Female,Yes,42,Yes,Artist,,Average,4.0,No,4
466134,Male,Yes,40,Yes,Doctor,2.0,High,2.0,Yes,1
462684,Female,No,32,No,Healthcare,7.0,Low,4.0,No,2
461622,Male,Yes,37,Yes,Executive,6.0,High,5.0,Yes,1
465564,Male,Yes,46,No,Artist,0.0,Average,4.0,No,1
460876,Female,Yes,43,Yes,Artist,1.0,High,4.0,Yes,4
460847,Male,No,27,Yes,Artist,1.0,Low,3.0,No,0
461208,Female,No,32,Yes,Homemaker,5.0,Low,1.0,No,0
467183,Male,Yes,39,Yes,Entertainment,4.0,Average,4.0,No,1
463368,Female,Yes,45,Yes,Artist,5.0,High,4.0,Yes,4
463319,Female,Yes,71,No,Lawyer,0.0,High,2.0,Yes,3
462892,Male,Yes,33,No,Healthcare,8.0,Average,3.0,No,1
465279,Male,Yes,53,Yes,Healthcare,0.0,High,4.0,Yes,1
466022,Female,Yes,68,No,Engineer,,High,4.0,Yes,4
467823,Male,Yes,42,Yes,Doctor,5.0,Average,2.0,Yes,1
459031,Male,Yes,43,No,Executive,1.0,High,5.0,Yes,1
461342,Male,Yes,38,No,Executive,1.0,High,4.0,Yes,1
459951,Male,Yes,53,Yes,Artist,0.0,Low,1.0,No,1
467494,Female,Yes,80,Yes,Lawyer,1.0,High,,Yes,3
460012,Female,Yes,52,No,Artist,3.0,High,2.0,Yes,4
464765,Female,Yes,53,No,Engineer,7.0,Average,6.0,Yes,4
465006,Male,No,39,Yes,Entertainment,5.0,Low,1.0,No,0
460996,Female,No,60,Yes,Engineer,1.0,Low,1.0,No,0
464446,Female,Yes,50,Yes,Engineer,0.0,Low,,No,4
463879,Male,Yes,44,No,Executive,0.0,High,2.0,Yes,1
461777,Female,Yes,74,Yes,Lawyer,1.0,High,2.0,Yes,3
460668,Female,No,27,Yes,Doctor,,Low,2.0,No,0
462286,Male,Yes,59,Yes,Doctor,2.0,Average,1.0,Yes,1
461250,Female,Yes,47,Yes,Lawyer,2.0,High,4.0,Yes,3
464833,Male,Yes,51,No,Executive,,Low,9.0,No,2
465826,Male,Yes,45,No,Executive,3.0,Low,9.0,No,2
466066,Female,No,73,Yes,Artist,0.0,Low,1.0,No,0
460848,Male,Yes,53,No,Entertainment,10.0,Average,3.0,No,1
460930,Male,No,26,Yes,Artist,10.0,Low,5.0,No,0
459736,Female,Yes,28,Yes,Artist,0.0,Low,2.0,No,4
462033,Male,No,32,Yes,Entertainment,1.0,Low,1.0,No,0
464611,Male,No,31,Yes,Artist,1.0,Low,4.0,No,0
465942,Female,Yes,33,Yes,Marketing,8.0,High,2.0,Yes,4
465783,Male,No,23,No,Healthcare,1.0,Low,5.0,No,2
467961,Male,Yes,45,Yes,Executive,1.0,High,5.0,Yes,1
466350,Female,Yes,56,Yes,Artist,0.0,Low,1.0,No,4
463826,Female,No,28,Yes,Healthcare,5.0,Low,,No,0
464863,Female,Yes,26,No,Engineer,5.0,Average,9.0,Yes,4
462772,Male,No,38,Yes,Healthcare,3.0,High,3.0,Yes,1
464648,Male,Yes,32,No,Executive,0.0,High,5.0,Yes,1
460761,Male,Yes,52,Yes,Entertainment,0.0,Average,6.0,No,1
463762,Female,No,29,No,Executive,1.0,High,3.0,Yes,2
463120,Female,No,37,Yes,Entertainment,1.0,Low,1.0,No,0
465129,Female,No,61,Yes,Entertainment,3.0,Low,1.0,No,0
459124,Female,Yes,75,Yes,Artist,1.0,High,3.0,Yes,4
467661,Female,Yes,45,Yes,Artist,,High,,Yes,4
461119,Female,No,23,No,Healthcare,6.0,Low,3.0,No,2
459287,Male,No,35,Yes,Lawyer,1.0,Low,1.0,No,0
462621,Female,No,44,Yes,Engineer,5.0,Average,5.0,Yes,0
459250,Male,Yes,51,No,Doctor,0.0,Average,4.0,Yes,1
462631,Female,Yes,34,No,Engineer,2.0,High,4.0,Yes,4
460231,Male,Yes,57,Yes,Executive,9.0,High,4.0,Yes,1
459028,Male,Yes,52,Yes,Executive,0.0,High,4.0,Yes,1
459896,Female,Yes,40,Yes,Artist,9.0,Low,2.0,No,4
464651,Male,Yes,22,No,Doctor,1.0,Average,3.0,Yes,1
461971,Male,Yes,50,Yes,Entertainment,1.0,Average,4.0,No,1
467450,Male,Yes,81,No,Executive,9.0,High,2.0,Yes,3
462099,Female,Yes,47,Yes,Doctor,,Average,5.0,Yes,4
466661,Male,No,27,,Doctor,0.0,Low,,No,0
459352,Male,Yes,37,Yes,Doctor,6.0,Average,5.0,Yes,1
463262,Female,Yes,70,No,Lawyer,3.0,High,2.0,Yes,3
459897,Female,Yes,55,Yes,Artist,1.0,Low,2.0,No,4
463639,Male,No,31,No,Healthcare,0.0,Low,6.0,No,2
462175,Female,No,36,Yes,Homemaker,9.0,Low,1.0,No,0
467643,Male,No,42,Yes,Artist,12.0,Low,1.0,No,0
461808,Male,Yes,38,Yes,Artist,0.0,Low,2.0,No,1
466619,Male,Yes,37,Yes,Entertainment,5.0,Average,2.0,No,1
464352,Male,Yes,63,Yes,Doctor,0.0,Average,1.0,Yes,1
467812,Male,No,50,Yes,Artist,1.0,Low,1.0,No,0
461618,Female,Yes,39,Yes,Artist,,High,4.0,Yes,4
465799,Male,Yes,52,Yes,Artist,1.0,Low,4.0,No,1
465301,Female,Yes,40,Yes,Artist,0.0,Low,3.0,No,4
461074,Male,Yes,25,No,Entertainment,,Average,,No,1
467699,Female,Yes,29,Yes,Doctor,0.0,Average,1.0,Yes,4
465022,Female,Yes,75,Yes,Lawyer,1.0,High,3.0,Yes,3
466421,Male,Yes,26,No,Doctor,4.0,Average,3.0,Yes,1
459130,Female,Yes,72,No,Lawyer,0.0,High,3.0,Yes,3
465472,Female,Yes,80,No,Entertainment,,High,4.0,Yes,3
464999,Male,Yes,61,Yes,Lawyer,0.0,High,3.0,Yes,3
466791,Male,Yes,88,No,Lawyer,1.0,Low,1.0,No,3
465257,Male,No,20,,Healthcare,4.0,Low,5.0,No,2
463868,Male,Yes,51,No,Engineer,1.0,Average,7.0,Yes,1
461224,Female,Yes,33,Yes,Doctor,8.0,High,2.0,Yes,4
466492,Female,Yes,80,Yes,Lawyer,1.0,High,3.0,Yes,3
466054,Female,Yes,33,No,Homemaker,8.0,Average,4.0,No,4
461430,Male,Yes,57,Yes,Artist,1.0,Average,2.0,No,1
461291,Male,No,18,No,Healthcare,0.0,Low,2.0,No,2
463225,Female,Yes,43,Yes,Artist,,Average,2.0,No,4
465414,Female,No,30,No,Engineer,0.0,Low,1.0,No,0
461262,Female,No,27,No,Engineer,1.0,Low,7.0,No,2
459917,Male,No,43,Yes,Artist,11.0,Low,1.0,No,0
461618,Female,Yes,42,Yes,Artist,,High,3.0,Yes,4
465763,Female,Yes,37,No,Artist,0.0,Average,2.0,No,4
467174,Male,Yes,41,No,Executive,2.0,High,2.0,Yes,1
459530,Female,No,40,Yes,Lawyer,0.0,High,1.0,Yes,3
464244,Male,Yes,73,Yes,Executive,0.0,High,4.0,Yes,3
461453,Male,Yes,41,Yes,Artist,8.0,Low,,No,1
460532,Female,No,18,No,,0.0,Low,6.0,No,2
461583,Female,Yes,60,Yes,Doctor,6.0,Average,2.0,Yes,4
458982,Male,Yes,56,Yes,Executive,0.0,High,3.0,Yes,1
465174,Female,Yes,68,Yes,Entertainment,1.0,High,1.0,Yes,3
459716,Male,Yes,65,Yes,Engineer,8.0,Average,1.0,Yes,1
464587,Female,Yes,49,Yes,Artist,1.0,Low,2.0,No,4
463413,Male,Yes,41,No,Doctor,1.0,Average,2.0,Yes,1
464690,Male,Yes,36,No,Engineer,1.0,Average,,Yes,1
467823,Male,Yes,45,Yes,Doctor,6.0,Average,2.0,Yes,1
460288,Male,Yes,61,Yes,Healthcare,1.0,Average,7.0,No,1
461554,Male,No,25,Yes,Healthcare,0.0,Low,3.0,No,2
465739,Female,No,87,No,Lawyer,1.0,Low,2.0,No,3
465035,Female,Yes,75,Yes,Lawyer,14.0,High,3.0,Yes,3
465078,Male,Yes,43,Yes,Executive,0.0,High,4.0,Yes,1
462780,Male,Yes,18,Yes,Healthcare,3.0,High,7.0,Yes,1
462768,Male,Yes,46,Yes,Artist,0.0,Average,3.0,No,1
462598,Female,Yes,38,No,Doctor,9.0,Average,5.0,Yes,4
467219,Female,Yes,66,No,Lawyer,,High,2.0,Yes,3
464688,Male,Yes,28,Yes,Doctor,0.0,Low,9.0,No,1
463201,Female,No,21,No,Healthcare,0.0,Low,2.0,No,2
466464,Female,Yes,48,Yes,Homemaker,3.0,Average,2.0,No,4
460217,Male,Yes,45,Yes,Artist,1.0,Average,2.0,No,1
465572,Male,No,32,No,Doctor,5.0,Low,1.0,No,0
463701,Male,Yes,48,Yes,Marketing,1.0,High,5.0,Yes,3
459719,Male,Yes,84,Yes,Lawyer,,Low,,No,3
462984,Female,Yes,64,No,Artist,3.0,High,2.0,Yes,4
460343,Female,No,67,Yes,Artist,0.0,Low,2.0,No,0
463828,Male,Yes,43,No,Engineer,2.0,Average,1.0,Yes,1
463559,Female,Yes,48,Yes,Engineer,1.0,High,3.0,Yes,4
461604,Male,Yes,38,No,Entertainment,1.0,Average,2.0,No,1
464244,Male,Yes,68,Yes,Executive,2.0,High,4.0,Yes,1
467772,Female,No,25,No,Marketing,1.0,Low,2.0,No,2
463394,Male,No,43,Yes,Marketing,,High,3.0,Yes,3
463895,Male,Yes,67,No,Doctor,1.0,Average,2.0,Yes,1
466233,Female,Yes,56,Yes,Homemaker,5.0,Low,1.0,No,4
459069,Female,No,22,Yes,Doctor,0.0,Average,2.0,Yes,0
462824,Male,Yes,39,No,Engineer,1.0,Average,3.0,Yes,1
467325,Female,Yes,76,Yes,Lawyer,3.0,High,2.0,Yes,3
463631,Male,No,25,No,Healthcare,0.0,Low,5.0,No,2
459134,Female,Yes,69,Yes,Lawyer,2.0,High,2.0,Yes,3
466648,Male,Yes,32,Yes,Executive,5.0,High,1.0,Yes,1
460154,Male,No,29,Yes,Entertainment,8.0,Low,4.0,No,0
464083,Male,Yes,62,No,Lawyer,0.0,High,1.0,Yes,3
461699,Male,No,28,Yes,Doctor,0.0,Low,1.0,No,0
461820,Female,Yes,38,Yes,Doctor,0.0,Average,2.0,Yes,4
467311,Male,Yes,68,Yes,Lawyer,0.0,High,4.0,Yes,3
461438,Female,Yes,37,Yes,Engineer,8.0,Average,1.0,Yes,4
463870,Female,No,28,No,Healthcare,1.0,Low,2.0,No,2
461766,Female,Yes,35,Yes,Artist,1.0,Low,2.0,No,4
467836,Male,Yes,67,No,Executive,1.0,High,4.0,Yes,3
464012,Female,No,70,Yes,Lawyer,2.0,High,1.0,Yes,3
466069,Female,Yes,48,Yes,Artist,1.0,High,3.0,Yes,4
462739,Male,Yes,46,Yes,Artist,0.0,Low,2.0,No,1
463048,Female,Yes,47,Yes,Homemaker,,High,5.0,Yes,4
463869,Female,Yes,55,Yes,Doctor,0.0,Average,5.0,Yes,4
466745,Female,Yes,36,Yes,Homemaker,0.0,Average,2.0,No,4
459408,Male,No,28,No,Doctor,,Low,1.0,No,0
462778,Male,Yes,60,Yes,Entertainment,0.0,Low,,No,1
463741,Male,Yes,33,Yes,Artist,1.0,High,4.0,Yes,1
461402,Female,No,32,Yes,Entertainment,1.0,Low,5.0,No,2
465416,Male,Yes,56,No,Engineer,0.0,High,3.0,Yes,1
459700,Male,Yes,37,Yes,Executive,0.0,Average,5.0,No,1
461055,Female,Yes,52,Yes,Engineer,,Average,3.0,Yes,4
463414,Male,Yes,22,No,Executive,2.0,High,4.0,Yes,1
460368,Male,No,28,Yes,Healthcare,0.0,Low,7.0,No,2
466578,Male,No,45,No,Artist,2.0,Low,1.0,No,0
464110,Male,Yes,60,Yes,Doctor,0.0,High,1.0,Yes,1
460921,Male,Yes,45,No,Executive,1.0,High,3.0,Yes,1
464393,Female,Yes,79,Yes,Lawyer,0.0,High,1.0,Yes,3
460883,Male,Yes,68,Yes,Artist,0.0,High,2.0,Yes,1
465885,Female,No,41,Yes,Marketing,1.0,Low,2.0,No,0
463827,Female,Yes,51,Yes,Engineer,1.0,Average,4.0,Yes,4
466448,Female,No,37,Yes,Artist,0.0,Low,2.0,No,0
463497,Male,No,32,Yes,Artist,0.0,Low,5.0,No,2
464737,Female,Yes,58,No,Engineer,0.0,Average,6.0,Yes,4
461084,Female,Yes,38,Yes,Artist,8.0,Average,2.0,No,4
462721,Female,Yes,70,No,Lawyer,1.0,High,3.0,Yes,3
465944,Female,Yes,39,No,Engineer,5.0,High,2.0,Yes,4
467180,Male,Yes,39,Yes,Healthcare,1.0,Low,3.0,No,1
462103,Female,Yes,51,No,Entertainment,7.0,High,1.0,Yes,4
463982,Female,No,25,Yes,Healthcare,,Low,2.0,No,0
463750,Male,Yes,41,Yes,Artist,3.0,Average,3.0,No,1
462524,Female,Yes,40,Yes,Doctor,,Low,2.0,No,4
459518,Male,Yes,60,,,,Average,4.0,No,1
465731,Female,Yes,31,Yes,Artist,0.0,Average,2.0,No,4
459391,Female,No,40,Yes,Engineer,1.0,Low,4.0,No,0
459940,Female,No,46,Yes,Engineer,1.0,Low,2.0,No,0
464518,Male,No,29,No,Executive,0.0,High,5.0,Yes,2
467807,Male,Yes,50,Yes,Executive,1.0,Average,3.0,No,1
467287,Male,No,28,Yes,Entertainment,,Low,3.0,No,0
467268,Male,Yes,88,Yes,Lawyer,,Low,1.0,No,3
466436,Male,Yes,39,No,Doctor,0.0,Average,4.0,Yes,1
464224,Male,Yes,65,No,Engineer,1.0,High,2.0,Yes,1
460538,Female,,22,No,Healthcare,0.0,High,3.0,Yes,4
464934,Male,Yes,77,No,Lawyer,1.0,Low,2.0,No,3
467954,Male,No,31,No,Healthcare,8.0,Low,4.0,No,2
463217,Female,Yes,33,Yes,Healthcare,2.0,High,1.0,Yes,4
464812,Female,Yes,45,Yes,Engineer,0.0,High,5.0,Yes,4
459726,Male,Yes,78,No,Lawyer,0.0,High,3.0,Yes,3
465219,Male,Yes,42,Yes,Healthcare,5.0,Low,2.0,No,1
466296,Male,Yes,74,No,Executive,1.0,High,4.0,Yes,3
466074,Female,No,29,No,Engineer,9.0,Low,2.0,No,0
462984,Female,Yes,69,Yes,Artist,1.0,High,2.0,Yes,4
461395,Male,No,21,No,Doctor,4.0,Low,3.0,No,2
464944,Female,Yes,37,Yes,Entertainment,0.0,Low,2.0,No,4
467482,Female,No,39,Yes,Executive,0.0,High,4.0,Yes,4
466787,Female,Yes,33,Yes,Doctor,0.0,Low,2.0,No,4
460841,Female,No,61,Yes,Marketing,1.0,Low,1.0,No,0
465774,Female,No,26,Yes,Doctor,9.0,Low,4.0,No,0
462543,Female,Yes,38,Yes,Artist,4.0,Low,1.0,No,4
467334,Male,Yes,69,No,Executive,0.0,High,3.0,Yes,3
465494,Male,No,46,Yes,Doctor,11.0,Average,2.0,Yes,0
467462,Female,Yes,43,Yes,Artist,1.0,Average,5.0,No,4
466160,Female,Yes,48,Yes,Engineer,0.0,Average,1.0,Yes,4
465515,Female,Yes,47,Yes,Artist,1.0,High,6.0,Yes,4
461050,Male,Yes,44,No,,3.0,High,3.0,Yes,1
463322,Female,Yes,72,Yes,Lawyer,1.0,High,4.0,Yes,3
467646,Male,No,31,No,Healthcare,,Low,7.0,No,2
462172,Male,Yes,37,Yes,Doctor,1.0,Average,3.0,Yes,1
467876,Female,Yes,43,Yes,Artist,7.0,High,1.0,Yes,4
460377,Female,Yes,68,Yes,Lawyer,0.0,Low,1.0,No,3
461773,Male,Yes,74,Yes,Entertainment,0.0,High,4.0,Yes,1
466085,Male,No,19,No,,9.0,Low,4.0,No,2
462652,Male,Yes,37,No,Artist,,Average,3.0,No,1
460876,Female,Yes,46,Yes,Artist,2.0,High,3.0,Yes,4
459018,Male,Yes,80,No,Executive,0.0,High,3.0,Yes,3
463354,Male,Yes,53,Yes,Executive,4.0,High,5.0,Yes,1
467195,Male,Yes,28,Yes,Executive,,High,2.0,Yes,1
459893,Male,Yes,70,No,Lawyer,,Average,3.0,Yes,3
463136,Female,No,40,Yes,Artist,3.0,High,3.0,Yes,4
461552,Female,Yes,38,Yes,Artist,,Average,2.0,No,4
464763,Female,Yes,54,No,Engineer,,Average,5.0,Yes,4
461292,Female,Yes,80,No,Lawyer,,High,3.0,Yes,3
465140,Male,Yes,42,Yes,Executive,7.0,High,4.0,Yes,1
465930,Female,No,36,Yes,Artist,9.0,Low,2.0,No,0
464169,Male,,89,No,Lawyer,1.0,High,2.0,Yes,3
459485,Female,Yes,80,Yes,Lawyer,,High,3.0,Yes,3
461735,Male,Yes,63,Yes,Lawyer,0.0,High,2.0,Yes,3
467259,Male,Yes,66,Yes,Lawyer,3.0,High,3.0,Yes,3
461079,Female,No,26,No,Engineer,4.0,Low,1.0,No,0
466404,Female,No,40,Yes,Engineer,0.0,Low,1.0,No,0
459168,Female,No,36,Yes,Artist,5.0,Low,2.0,No,0
460998,Male,No,27,Yes,,0.0,Low,3.0,No,0
463404,Male,Yes,24,No,Doctor,,High,3.0,Yes,1
460425,Female,No,27,No,Doctor,,Low,3.0,No,2
461499,Female,Yes,30,No,Engineer,0.0,Average,1.0,Yes,4
465343,Female,Yes,39,Yes,Engineer,3.0,Average,5.0,Yes,4
464871,Female,No,28,Yes,Entertainment,6.0,Low,3.0,No,0
464687,Male,Yes,36,Yes,Artist,9.0,Average,5.0,No,1
459991,Male,Yes,40,Yes,Artist,6.0,Low,1.0,No,1
462178,Female,Yes,73,Yes,Lawyer,7.0,Low,2.0,No,3
465138,Male,No,35,Yes,Entertainment,1.0,Low,3.0,No,0
464252,Male,Yes,35,Yes,Artist,1.0,Average,4.0,No,1
462848,Female,Yes,23,No,Healthcare,7.0,High,2.0,Yes,4
465012,Male,Yes,63,No,Executive,0.0,High,4.0,Yes,3
459571,Female,Yes,57,Yes,Executive,2.0,High,5.0,Yes,4
463051,Female,No,42,Yes,Homemaker,10.0,Low,1.0,No,0
463617,Male,No,29,No,Marketing,1.0,Low,2.0,No,2
464949,Male,Yes,19,No,Executive,0.0,High,3.0,Yes,1
459382,Female,No,41,Yes,Engineer,,Low,1.0,No,0
467176,Male,No,27,No,Healthcare,1.0,Low,3.0,No,2
467078,Female,Yes,22,No,Healthcare,,High,1.0,Yes,4
460597,Female,No,20,No,Marketing,1.0,Low,2.0,No,2
464164,Female,Yes,76,No,Lawyer,2.0,High,2.0,Yes,3
464386,Male,No,35,Yes,Doctor,0.0,Average,2.0,Yes,0
461050,Female,Yes,49,No,,2.0,High,4.0,Yes,4
459793,Male,Yes,40,Yes,Artist,0.0,High,,Yes,1
466200,Male,No,52,Yes,Doctor,10.0,Average,2.0,Yes,0
466931,Male,No,37,Yes,Entertainment,1.0,Low,2.0,No,0
460047,Male,No,41,Yes,Entertainment,8.0,Low,2.0,No,0
462589,Female,No,28,No,Engineer,8.0,Low,8.0,No,2
465267,Male,Yes,34,No,Engineer,13.0,Average,5.0,Yes,1
466073,Female,Yes,62,No,Engineer,9.0,High,2.0,Yes,4
467823,Male,Yes,45,Yes,Doctor,4.0,Average,2.0,Yes,1
465047,Male,Yes,60,Yes,Executive,7.0,High,3.0,Yes,1
459256,Female,Yes,44,Yes,Artist,0.0,High,3.0,Yes,4
464163,Male,Yes,63,Yes,Executive,0.0,High,5.0,Yes,1
462342,Female,Yes,70,Yes,Lawyer,10.0,High,3.0,Yes,3
463534,Female,No,31,Yes,Engineer,1.0,Low,4.0,No,0
459795,Male,No,52,Yes,Artist,0.0,Low,1.0,No,0
461687,Female,Yes,79,Yes,Artist,0.0,High,1.0,Yes,4
466378,Male,Yes,62,Yes,Executive,3.0,High,4.0,Yes,1
460437,Female,No,26,Yes,Artist,9.0,Low,1.0,No,0
461014,Male,No,21,No,Healthcare,9.0,Low,4.0,No,2
465296,Female,No,76,Yes,Lawyer,4.0,High,4.0,Yes,3
463128,Male,Yes,78,Yes,Lawyer,0.0,High,3.0,Yes,3
464949,Male,Yes,18,No,Executive,1.0,High,2.0,Yes,1
462635,Male,Yes,42,No,Engineer,7.0,Average,4.0,Yes,1
466976,Male,Yes,47,Yes,Artist,0.0,Low,1.0,No,1
462607,Female,,42,Yes,Engineer,1.0,Average,3.0,Yes,4
464805,Male,Yes,35,No,Doctor,0.0,Low,1.0,No,1
459636,Male,No,30,Yes,Entertainment,14.0,Low,1.0,No,0
461033,Male,Yes,57,Yes,Doctor,5.0,Average,2.0,Yes,1
463223,Female,No,22,No,Entertainment,,Low,3.0,No,2
462720,Male,Yes,35,Yes,Marketing,,Low,5.0,No,1
460476,Male,Yes,48,No,Doctor,,Average,3.0,Yes,1
463843,Male,Yes,46,Yes,Executive,0.0,High,5.0,Yes,1
461020,Female,,25,No,,,High,,Yes,4
465380,Male,No,25,No,Entertainment,5.0,Low,2.0,No,2
459473,Male,Yes,73,No,Lawyer,,High,3.0,Yes,3
459540,Female,Yes,70,Yes,Lawyer,0.0,Low,1.0,No,3
463168,Female,Yes,32,Yes,Doctor,6.0,Average,1.0,Yes,4
459783,Female,Yes,19,No,Artist,,High,,Yes,4
460561,Female,No,39,No,Engineer,6.0,Low,1.0,No,0
462258,Male,No,25,No,Doctor,1.0,Low,4.0,No,2
465302,Female,Yes,57,Yes,Artist,0.0,High,4.0,Yes,4
465756,Male,No,23,No,Healthcare,1.0,Low,3.0,No,2
467334,Male,Yes,74,Yes,Executive,1.0,High,2.0,Yes,3
463619,Male,No,71,No,Executive,2.0,High,3.0,Yes,3
462177,Male,No,43,,Artist,6.0,Low,5.0,No,0
461011,Male,Yes,55,No,Executive,1.0,High,3.0,Yes,1
464397,Female,Yes,43,Yes,Engineer,0.0,Average,3.0,Yes,4
467470,Male,Yes,56,No,Engineer,2.0,Average,2.0,Yes,1
464280,Male,Yes,47,Yes,Entertainment,1.0,Low,4.0,No,1
460936,Male,Yes,70,Yes,Executive,1.0,High,5.0,Yes,1
459530,Female,Yes,37,Yes,Lawyer,1.0,High,2.0,Yes,3
465668,Male,No,23,No,Healthcare,0.0,Low,5.0,No,2
466485,Male,Yes,35,Yes,Executive,11.0,High,1.0,Yes,1
465362,Female,Yes,54,Yes,Engineer,0.0,Average,3.0,Yes,4
459750,Female,Yes,38,Yes,Engineer,0.0,Average,1.0,Yes,4
461558,Male,Yes,50,No,Engineer,3.0,Average,2.0,Yes,1
459232,Female,Yes,60,Yes,Artist,0.0,High,1.0,Yes,4
462400,Male,No,47,Yes,Artist,0.0,Low,1.0,No,0
460090,Male,Yes,86,No,Lawyer,2.0,Average,2.0,Yes,3
465540,Female,Yes,24,No,Engineer,,High,1.0,Yes,4
460867,Male,Yes,40,Yes,Doctor,0.0,Average,5.0,Yes,1
458998,Male,Yes,37,No,Doctor,9.0,Low,2.0,No,1
462645,Female,Yes,36,No,Engineer,,Average,6.0,Yes,4
460603,Female,No,22,,Entertainment,0.0,Low,3.0,No,0
465861,Female,No,40,Yes,Entertainment,14.0,Low,1.0,No,0
465023,Male,Yes,43,Yes,Artist,9.0,Average,2.0,No,1
463308,Male,Yes,53,Yes,Engineer,1.0,Low,2.0,No,1
460964,Male,Yes,80,No,Lawyer,2.0,High,1.0,Yes,3
464583,Female,No,37,Yes,Engineer,7.0,Low,,No,0
459488,Male,Yes,47,No,Artist,,Average,4.0,No,1
467225,Female,No,22,No,Healthcare,1.0,Low,3.0,No,2
465521,Female,Yes,47,Yes,Artist,1.0,Average,2.0,No,4
461268,Female,Yes,60,Yes,Artist,0.0,Average,2.0,No,4
463721,Female,No,31,Yes,Healthcare,1.0,Low,4.0,No,2
467278,Female,Yes,80,Yes,Artist,1.0,High,1.0,Yes,4
461202,Male,No,33,Yes,Healthcare,,Low,4.0,No,2
465816,Male,Yes,51,No,Executive,9.0,Average,3.0,No,1
459329,Female,Yes,74,No,Engineer,0.0,High,3.0,Yes,3
459059,Male,Yes,87,No,Executive,,High,2.0,Yes,3
460594,Female,No,26,Yes,Homemaker,9.0,Low,,No,0
462987,Female,Yes,80,Yes,Lawyer,,High,1.0,Yes,3
465244,Male,No,23,No,Healthcare,1.0,Low,4.0,No,2
462639,Female,Yes,39,No,Engineer,,Average,2.0,Yes,4
464372,Male,Yes,45,Yes,Artist,1.0,Average,6.0,No,1
462380,Female,Yes,53,No,Artist,0.0,High,5.0,Yes,4
467067,Female,No,32,No,Healthcare,0.0,Low,4.0,No,2
460235,Female,No,23,No,Healthcare,1.0,Low,3.0,No,2
467683,Male,Yes,26,Yes,Healthcare,9.0,High,3.0,Yes,1
464675,Female,Yes,41,No,Doctor,0.0,Average,9.0,Yes,4
464535,Male,Yes,52,Yes,Lawyer,1.0,High,2.0,Yes,3
467809,Male,Yes,46,Yes,Doctor,2.0,Average,2.0,Yes,1
462749,Male,Yes,49,Yes,Artist,1.0,Low,2.0,No,1
461762,Female,Yes,67,Yes,Artist,0.0,High,3.0,Yes,4
465734,Male,Yes,40,Yes,Artist,0.0,Low,3.0,No,1
465911,Female,No,28,Yes,Artist,9.0,Low,1.0,No,0
460146,Female,Yes,57,Yes,Engineer,0.0,Average,4.0,Yes,4
460174,Female,No,43,Yes,Artist,8.0,Low,4.0,No,0
465297,Male,No,80,No,,,High,3.0,Yes,1
460952,Male,Yes,38,No,Doctor,0.0,Average,5.0,Yes,1
466754,Female,Yes,41,Yes,Artist,1.0,Average,3.0,No,4
464135,Female,Yes,72,Yes,Lawyer,0.0,High,2.0,Yes,3
465862,Female,,50,Yes,Artist,8.0,Average,1.0,No,4
464764,Female,Yes,65,No,Engineer,1.0,High,8.0,Yes,4
460319,Female,Yes,41,No,Doctor,3.0,Average,1.0,Yes,4
467797,Male,Yes,62,Yes,Artist,0.0,High,2.0,Yes,1
462276,Female,No,36,Yes,Engineer,4.0,Low,1.0,No,0
467584,Male,Yes,47,No,Doctor,2.0,Average,3.0,Yes,1
465769,Male,No,25,Yes,Healthcare,9.0,Low,4.0,No,0
466526,Male,No,33,No,Healthcare,1.0,Low,5.0,No,2
466174,Female,No,20,No,Healthcare,8.0,Low,4.0,No,2
464345,Female,Yes,57,Yes,Artist,2.0,High,3.0,Yes,4
460305,Female,,46,Yes,Entertainment,0.0,High,2.0,Yes,4
467198,Male,No,28,Yes,Healthcare,1.0,Low,5.0,No,2
459143,Male,Yes,47,No,Artist,0.0,High,4.0,Yes,1
464294,Male,Yes,68,No,Executive,1.0,High,2.0,Yes,3
462170,Male,Yes,73,No,Executive,1.0,High,2.0,Yes,3
462373,Male,Yes,35,Yes,Entertainment,10.0,High,4.0,Yes,1
463182,Male,Yes,59,Yes,Entertainment,1.0,Low,3.0,No,1
459775,Male,No,36,Yes,Artist,,Low,2.0,No,0
464140,Female,Yes,78,Yes,Lawyer,3.0,High,3.0,Yes,3
466626,Female,Yes,51,Yes,Artist,1.0,Average,2.0,No,4
464427,Female,Yes,67,Yes,Doctor,1.0,Average,5.0,Yes,4
459920,Female,No,53,Yes,Artist,5.0,High,2.0,Yes,0
465472,Female,Yes,80,No,Entertainment,,High,4.0,Yes,3
465432,Female,No,59,Yes,Engineer,0.0,Average,3.0,Yes,0
461908,Female,No,26,No,Healthcare,10.0,Low,1.0,No,0
459128,Female,No,79,Yes,Lawyer,0.0,High,3.0,Yes,3
459596,Male,Yes,58,Yes,Doctor,0.0,Average,3.0,Yes,1
461199,Female,No,85,Yes,Homemaker,4.0,Low,1.0,No,0
467283,Male,Yes,48,Yes,Artist,1.0,Average,3.0,No,1
466265,Male,No,30,No,Doctor,1.0,Low,1.0,No,0
466228,Male,Yes,80,No,Lawyer,0.0,Low,1.0,No,3
461851,Female,Yes,35,Yes,Artist,3.0,Average,2.0,No,4
463568,Female,No,26,No,Healthcare,1.0,Low,,No,2
466633,Male,Yes,39,Yes,Entertainment,6.0,Average,2.0,No,1
463410,Male,Yes,39,No,Doctor,,Average,1.0,Yes,1
459080,Male,Yes,77,No,Lawyer,0.0,Low,2.0,No,3
462798,Female,Yes,67,Yes,Artist,9.0,High,2.0,Yes,4
463708,Female,No,29,No,Engineer,0.0,Average,3.0,Yes,2
465974,Male,Yes,57,Yes,Executive,9.0,High,3.0,Yes,1
460745,Male,No,80,No,Lawyer,0.0,High,2.0,Yes,3
463152,Female,Yes,58,Yes,Doctor,1.0,Average,3.0,Yes,4
462577,Female,Yes,68,No,Marketing,0.0,High,3.0,Yes,3
461400,Male,No,36,No,Marketing,0.0,Low,1.0,No,2
460633,Male,Yes,32,Yes,,,High,1.0,Yes,1
461027,Male,,41,Yes,Engineer,7.0,Average,4.0,Yes,1
465779,Female,No,19,No,Healthcare,0.0,Low,5.0,No,2
465323,Female,Yes,43,Yes,Artist,0.0,Low,1.0,No,4
460747,Male,Yes,52,Yes,Artist,1.0,Average,4.0,No,1
462432,Male,Yes,37,Yes,Executive,1.0,Average,2.0,No,1
467298,Male,Yes,61,Yes,Healthcare,1.0,Low,2.0,No,1
463579,Male,Yes,45,Yes,Artist,,Average,2.0,No,1
464665,Female,Yes,50,No,Engineer,1.0,Average,6.0,Yes,4
467690,Female,Yes,68,Yes,Lawyer,,High,2.0,Yes,3
465367,Male,Yes,73,No,Executive,3.0,High,3.0,Yes,3
460933,Female,Yes,78,Yes,Lawyer,0.0,High,2.0,Yes,3
460008,Male,No,25,No,Doctor,9.0,Low,4.0,No,2
466380,Male,Yes,36,Yes,Entertainment,5.0,Low,2.0,No,1
466568,Female,Yes,35,Yes,Artist,,Average,2.0,No,4
466272,Female,Yes,68,Yes,Lawyer,0.0,Average,3.0,Yes,3
467078,Female,Yes,31,No,Healthcare,,High,1.0,Yes,4
460579,Female,Yes,34,No,Engineer,1.0,Average,5.0,Yes,4
465634,Male,No,25,Yes,Healthcare,1.0,Low,4.0,No,2
467199,Male,No,37,Yes,Artist,7.0,Low,2.0,No,0
466940,Male,Yes,79,No,Lawyer,0.0,Low,1.0,No,3
463038,Male,Yes,58,Yes,Executive,2.0,High,4.0,Yes,1
460422,Male,Yes,53,Yes,Entertainment,1.0,High,,Yes,1
459232,Female,Yes,62,Yes,Artist,0.0,High,2.0,Yes,4
462051,Male,No,20,No,Healthcare,,Low,5.0,No,2
467518,Male,No,21,No,Doctor,0.0,Low,,No,2
464141,Male,Yes,32,Yes,Entertainment,9.0,High,2.0,Yes,1
464244,Male,Yes,72,Yes,Executive,1.0,High,4.0,Yes,3
466656,Male,Yes,80,Yes,Marketing,0.0,High,2.0,Yes,3
459492,Female,Yes,72,Yes,Lawyer,1.0,High,2.0,Yes,3
463114,Male,No,41,Yes,Artist,,Low,3.0,No,0
464167,Male,Yes,53,Yes,Executive,4.0,High,3.0,Yes,1
464452,Female,No,72,Yes,Lawyer,0.0,Low,1.0,No,0
463661,Female,Yes,55,Yes,Doctor,1.0,Average,4.0,Yes,4
467309,Female,No,35,Yes,Engineer,2.0,Low,1.0,No,0
463511,Female,No,27,Yes,Artist,1.0,Low,1.0,No,0
464066,Female,No,29,Yes,Healthcare,9.0,Low,3.0,No,0
463357,Male,Yes,27,Yes,Doctor,0.0,Average,3.0,Yes,1
467572,Male,Yes,63,Yes,Artist,1.0,Average,4.0,No,1
467140,Male,Yes,61,Yes,Entertainment,9.0,Average,2.0,No,1
463265,Male,Yes,70,Yes,Artist,1.0,Average,3.0,No,1
460890,Male,Yes,47,Yes,Artist,0.0,Average,4.0,No,1
467726,Male,No,80,Yes,Lawyer,1.0,High,3.0,Yes,3
464051,Male,Yes,53,Yes,Doctor,0.0,Average,2.0,Yes,1
461635,Male,Yes,45,Yes,Executive,8.0,High,2.0,Yes,1
461914,Female,Yes,55,Yes,Artist,6.0,Low,,No,4
463413,Female,Yes,36,No,Doctor,0.0,Average,1.0,Yes,4
467187,Male,No,42,No,Engineer,0.0,Average,4.0,Yes,2
464272,Male,No,30,Yes,Artist,9.0,Low,2.0,No,0
462772,Male,Yes,37,Yes,Healthcare,1.0,High,4.0,Yes,1
459898,Male,Yes,45,Yes,Artist,0.0,Average,2.0,No,1
461258,Female,Yes,57,Yes,Artist,1.0,Average,3.0,No,4
467651,Male,No,23,No,Healthcare,0.0,Low,4.0,No,2
466080,Male,,33,No,Marketing,1.0,High,1.0,Yes,3
459105,Male,Yes,37,Yes,Executive,7.0,High,2.0,Yes,1
462970,Male,Yes,28,No,Doctor,0.0,Average,2.0,Yes,1
463547,Female,No,28,No,Healthcare,0.0,Low,4.0,No,2
467753,Female,Yes,69,No,Artist,0.0,High,2.0,Yes,4
465293,Female,Yes,43,Yes,Artist,0.0,High,6.0,Yes,4
465469,Female,No,43,Yes,Artist,6.0,Low,1.0,No,0
464847,Female,Yes,52,No,Artist,,Average,4.0,No,4
459437,Male,Yes,68,Yes,Lawyer,,High,2.0,Yes,3
461275,Male,Yes,64,Yes,Marketing,3.0,High,3.0,Yes,3
465508,Male,No,22,No,Healthcare,1.0,Low,4.0,No,2
458985,Male,No,23,No,Healthcare,1.0,Low,4.0,No,2
466272,Female,Yes,71,Yes,Lawyer,0.0,Average,3.0,Yes,3
462731,Female,Yes,45,Yes,Artist,3.0,High,4.0,Yes,4
465228,Male,Yes,57,Yes,Artist,1.0,High,2.0,Yes,1
467023,Male,Yes,21,No,Doctor,11.0,Average,2.0,Yes,1
464094,Male,Yes,51,Yes,Executive,2.0,High,5.0,Yes,1
467537,Female,Yes,65,No,Lawyer,,High,2.0,Yes,3
461611,Female,Yes,38,Yes,Artist,5.0,Average,2.0,No,4
464726,Male,Yes,29,Yes,Executive,9.0,High,10.0,Yes,1
464923,Male,Yes,48,No,Executive,5.0,High,2.0,Yes,1
459920,Female,Yes,56,Yes,Artist,6.0,High,1.0,Yes,4
462151,Female,No,35,Yes,Artist,8.0,Low,1.0,No,0
466087,Male,,18,No,Healthcare,6.0,High,5.0,Yes,1
464092,Female,Yes,59,Yes,Artist,0.0,Average,5.0,No,4
465747,Female,No,40,Yes,Artist,6.0,Low,1.0,No,0
463431,Male,Yes,43,Yes,Artist,,Average,4.0,No,1
459834,Female,Yes,40,No,Doctor,3.0,Average,2.0,Yes,4
461393,Female,Yes,80,Yes,Artist,6.0,Average,2.0,No,4
461101,Female,Yes,49,Yes,Engineer,2.0,Average,3.0,Yes,4
463363,Male,No,20,No,Healthcare,1.0,Low,4.0,No,2
459358,Female,No,56,Yes,Lawyer,,Low,2.0,No,0
463669,Female,Yes,31,Yes,Marketing,7.0,High,4.0,Yes,4
466407,Male,Yes,55,No,Entertainment,1.0,Low,3.0,No,1
463516,Male,Yes,45,No,Executive,0.0,High,6.0,Yes,1
460664,Female,No,33,No,Homemaker,8.0,Low,1.0,No,0
464344,Female,Yes,58,Yes,Artist,1.0,Low,1.0,No,4
464726,Male,Yes,33,Yes,Executive,9.0,High,10.0,Yes,1
461902,Female,Yes,52,Yes,Artist,0.0,Low,3.0,No,4
465650,Female,No,32,No,Marketing,0.0,Low,4.0,No,2
461301,Male,Yes,66,Yes,Lawyer,2.0,Average,2.0,Yes,3
460947,Male,Yes,42,No,Executive,8.0,High,5.0,Yes,1
466033,Female,Yes,40,Yes,Artist,0.0,Average,4.0,No,4
464964,Female,No,67,No,Artist,,High,1.0,Yes,4
467579,Male,No,38,Yes,Doctor,7.0,Low,1.0,No,0
459632,Female,Yes,52,No,Marketing,1.0,High,3.0,Yes,3
465345,Female,No,40,Yes,Artist,0.0,Low,,No,0
460719,Female,Yes,75,Yes,Lawyer,1.0,Low,,No,3
467513,Female,Yes,36,No,Engineer,,Average,4.0,Yes,4
459658,Male,Yes,60,Yes,Artist,1.0,Average,3.0,No,1
464741,Male,Yes,71,No,Executive,1.0,High,,Yes,3
460222,Female,Yes,72,Yes,Lawyer,6.0,High,,Yes,3
462643,Female,Yes,37,Yes,Engineer,,Average,4.0,Yes,4
460060,Male,Yes,32,No,Engineer,5.0,Average,3.0,Yes,1
465583,Male,No,35,Yes,Artist,2.0,Low,2.0,No,0
464253,Female,Yes,49,Yes,Artist,,Average,4.0,No,4
459215,Female,Yes,58,Yes,Artist,0.0,Low,3.0,No,4
460357,Male,No,23,No,Healthcare,1.0,Low,5.0,No,2
467879,Female,Yes,51,Yes,Artist,,High,4.0,Yes,4
460048,Male,No,47,Yes,Doctor,1.0,Low,1.0,No,0
461812,Male,Yes,30,No,Artist,9.0,High,6.0,Yes,1
467145,Female,No,55,Yes,Doctor,0.0,Average,2.0,Yes,0
467690,Female,Yes,68,No,Lawyer,,High,2.0,Yes,3
465708,Female,Yes,57,No,Artist,0.0,High,1.0,Yes,4
465413,Female,Yes,41,Yes,Engineer,0.0,High,3.0,Yes,4
459036,Female,Yes,21,Yes,Lawyer,0.0,Average,3.0,Yes,4
463774,Male,Yes,29,Yes,Healthcare,1.0,Average,2.0,No,1
465984,Male,Yes,20,No,Healthcare,7.0,High,5.0,Yes,1
462870,Female,No,41,Yes,Artist,3.0,Low,3.0,No,0
464709,Male,Yes,40,No,Executive,8.0,High,5.0,Yes,1
460771,Male,Yes,86,Yes,Artist,0.0,Low,,No,1
460559,Female,No,49,Yes,Healthcare,8.0,Low,1.0,No,0
466378,Male,Yes,61,No,Executive,4.0,High,3.0,Yes,1
465547,Female,Yes,68,,Lawyer,0.0,Low,1.0,No,3
459197,Female,Yes,39,Yes,,0.0,Average,2.0,No,4
459887,Male,Yes,46,No,Artist,3.0,Average,2.0,No,1
465062,Male,Yes,58,No,Executive,2.0,High,5.0,Yes,1
467546,Female,No,28,No,Healthcare,1.0,Low,4.0,No,2
461168,Female,Yes,29,No,Engineer,5.0,Average,2.0,Yes,4
466163,Male,Yes,79,,Lawyer,1.0,Low,1.0,No,3
460980,Male,No,26,No,Entertainment,1.0,Low,3.0,No,2
459870,Male,Yes,51,No,Executive,9.0,High,3.0,Yes,1
459866,Female,No,51,Yes,Artist,,Low,1.0,No,0
463131,Male,Yes,70,No,Entertainment,0.0,High,1.0,Yes,3
462837,Female,No,25,No,Healthcare,14.0,Low,3.0,No,2
459002,Female,Yes,45,No,Engineer,2.0,Low,2.0,No,4
462663,Male,Yes,48,No,Entertainment,6.0,Average,5.0,No,1
467717,Female,Yes,66,No,Engineer,1.0,High,6.0,Yes,4
466577,Male,No,30,Yes,Healthcare,1.0,Low,1.0,No,0
460711,Female,No,25,Yes,Engineer,8.0,Low,3.0,No,0
465452,Male,Yes,45,No,Entertainment,0.0,High,4.0,Yes,1
461924,Female,Yes,89,No,Lawyer,1.0,High,3.0,Yes,3
461691,Male,No,31,Yes,Healthcare,3.0,Low,4.0,No,2
459187,Female,Yes,52,No,Doctor,0.0,Average,3.0,Yes,4
459783,Female,Yes,18,No,Artist,,High,,Yes,4
467797,Male,Yes,58,Yes,Artist,1.0,High,2.0,Yes,1
461584,Female,Yes,56,Yes,Artist,1.0,High,4.0,Yes,4
467240,Female,,23,No,Doctor,4.0,High,4.0,Yes,4
459551,Female,Yes,42,No,Engineer,4.0,Low,1.0,No,4
461448,Male,Yes,65,Yes,Doctor,0.0,High,3.0,Yes,1
463824,Female,Yes,37,No,Artist,1.0,Low,3.0,No,4
462573,Male,Yes,59,Yes,Artist,0.0,Average,6.0,No,1
467516,Female,Yes,30,Yes,Artist,2.0,High,4.0,Yes,4
462746,Male,No,29,No,Entertainment,1.0,Low,3.0,No,2
463913,Male,No,36,Yes,Doctor,1.0,Low,1.0,No,0
460757,Female,Yes,28,No,Homemaker,9.0,High,3.0,Yes,4
461786,Male,Yes,71,Yes,Lawyer,0.0,High,2.0,Yes,3
462313,Male,Yes,55,Yes,Artist,1.0,Average,2.0,No,1
465539,Female,Yes,51,Yes,Artist,2.0,High,4.0,Yes,4
462113,Female,No,55,Yes,Artist,9.0,High,6.0,Yes,4
464105,Male,Yes,65,Yes,Entertainment,1.0,Average,2.0,No,1
466593,Male,Yes,73,Yes,Lawyer,0.0,High,4.0,Yes,3
459471,Female,No,32,No,Artist,,Low,8.0,No,2
463257,Female,No,23,No,Healthcare,3.0,Low,5.0,No,2
466542,Female,No,75,Yes,Lawyer,2.0,High,3.0,Yes,3
464212,Female,Yes,56,Yes,Marketing,0.0,Average,2.0,No,3
463240,Male,Yes,52,No,Engineer,0.0,Average,3.0,Yes,1
465880,Female,No,46,Yes,Entertainment,1.0,Low,2.0,No,0
461321,Male,Yes,50,Yes,Artist,13.0,Low,1.0,No,1
464748,Female,Yes,51,No,Engineer,7.0,Average,5.0,Yes,4
459018,Male,Yes,80,No,Executive,2.0,High,1.0,Yes,3
462601,Female,Yes,68,No,Lawyer,0.0,High,3.0,Yes,3
460326,Female,Yes,47,Yes,Artist,6.0,Low,2.0,No,4
466820,Female,Yes,74,No,Lawyer,1.0,High,2.0,Yes,3
462478,Male,Yes,30,No,Doctor,,Average,2.0,Yes,1
464980,Female,,61,No,Engineer,0.0,High,1.0,Yes,4
461101,Male,Yes,53,Yes,Engineer,6.0,Average,3.0,Yes,1
461409,Male,Yes,38,No,Artist,1.0,High,3.0,Yes,1
467687,Male,No,38,Yes,Entertainment,,Low,4.0,No,0
467568,Male,No,42,Yes,Artist,8.0,Low,,No,0
464555,Male,Yes,35,Yes,Marketing,14.0,High,3.0,Yes,1
462165,Male,Yes,70,Yes,Lawyer,3.0,High,2.0,Yes,3
467230,Male,No,21,No,Healthcare,0.0,Low,4.0,No,2
467809,Male,Yes,46,Yes,Doctor,1.0,Average,2.0,Yes,1
465175,Female,No,22,No,Homemaker,0.0,Low,4.0,No,2
461775,Male,Yes,80,No,Lawyer,0.0,High,1.0,Yes,3
464397,Female,Yes,40,Yes,Engineer,0.0,Average,2.0,Yes,4
461837,Male,Yes,37,Yes,Artist,0.0,Low,2.0,No,1
467343,Male,No,72,Yes,Artist,1.0,Low,1.0,No,0
459782,Male,Yes,58,Yes,Artist,6.0,Average,4.0,No,1
464067,Female,No,28,Yes,Entertainment,0.0,Low,4.0,No,0
462180,Female,No,56,Yes,Engineer,2.0,Average,4.0,Yes,0
465989,Female,No,28,No,Healthcare,9.0,Low,2.0,No,2
466820,Female,Yes,76,No,Lawyer,2.0,High,2.0,Yes,3
464635,Male,Yes,39,No,Healthcare,1.0,High,4.0,Yes,1
464012,Female,Yes,74,Yes,Lawyer,1.0,High,1.0,Yes,3
460962,Male,Yes,60,No,Executive,11.0,High,5.0,Yes,1
460528,Male,Yes,48,Yes,Homemaker,9.0,Low,1.0,No,1
464535,Male,No,55,Yes,Lawyer,0.0,High,1.0,Yes,3
464537,Male,Yes,41,Yes,Artist,8.0,Average,3.0,No,1
463928,Male,Yes,55,Yes,Artist,1.0,Low,2.0,No,1
466846,Male,No,18,No,Healthcare,2.0,Low,4.0,No,2
466909,Male,Yes,61,Yes,Artist,0.0,Low,2.0,No,1
465539,Female,Yes,49,Yes,Artist,0.0,High,4.0,Yes,4
467652,Male,No,32,Yes,Doctor,0.0,Low,3.0,No,0
461987,Male,Yes,38,No,Engineer,3.0,Average,3.0,Yes,1
459194,Female,Yes,80,No,Lawyer,2.0,High,2.0,Yes,3
465702,Male,No,32,Yes,Entertainment,1.0,Low,1.0,No,0
467400,Male,Yes,61,No,Artist,,Low,2.0,No,1
466280,Male,No,33,No,Doctor,1.0,Low,2.0,No,2
467259,Male,Yes,70,Yes,Lawyer,1.0,High,2.0,Yes,3
459698,Male,Yes,60,Yes,Artist,1.0,Low,2.0,No,1
465090,Male,Yes,57,Yes,Artist,0.0,Average,2.0,No,1
462780,Male,Yes,19,No,Healthcare,1.0,High,8.0,Yes,1
459310,Male,No,38,Yes,Entertainment,1.0,Low,2.0,No,0
464475,Male,No,25,Yes,Healthcare,0.0,Low,4.0,No,2
464737,Male,Yes,53,Yes,Engineer,2.0,Average,5.0,Yes,1
465240,Male,Yes,54,Yes,Artist,4.0,High,3.0,Yes,1
465684,Female,No,47,Yes,Entertainment,0.0,Low,1.0,No,0
464393,Female,Yes,80,Yes,Lawyer,3.0,High,1.0,Yes,3
461232,Male,Yes,37,Yes,Executive,,High,,Yes,1
467007,Female,Yes,31,No,Engineer,0.0,High,1.0,Yes,4
461127,Male,No,23,No,Healthcare,1.0,Low,5.0,No,2
462337,Female,Yes,79,Yes,Lawyer,1.0,High,2.0,Yes,3
459021,Male,Yes,45,Yes,Artist,7.0,Low,2.0,No,1
461122,Male,Yes,26,No,Entertainment,8.0,Low,2.0,No,1
463148,Male,Yes,57,Yes,Marketing,0.0,High,4.0,Yes,3
467967,Male,No,30,Yes,Entertainment,8.0,Low,4.0,No,0
461055,Female,Yes,51,Yes,Engineer,,Average,4.0,Yes,4
466775,Female,Yes,83,Yes,Lawyer,0.0,Low,2.0,No,3
465725,Male,No,29,Yes,Doctor,0.0,Low,2.0,No,0
464857,Male,No,18,No,Healthcare,6.0,Low,4.0,No,2
466715,Male,Yes,75,Yes,Executive,2.0,High,5.0,Yes,1
464570,Female,Yes,32,Yes,Doctor,2.0,Average,3.0,Yes,4
466537,Female,Yes,83,No,Lawyer,,Low,2.0,No,3
465004,Male,No,35,Yes,Entertainment,0.0,Low,3.0,No,0
466469,Female,No,23,No,Healthcare,1.0,Low,4.0,No,2
463717,Female,Yes,70,Yes,Artist,1.0,Average,4.0,No,4
467352,Male,Yes,49,Yes,Executive,0.0,High,4.0,Yes,1
466055,Male,Yes,52,Yes,Entertainment,1.0,Average,3.0,No,1
466993,Female,Yes,46,Yes,Engineer,7.0,Average,1.0,Yes,4
460281,Female,No,29,Yes,Doctor,10.0,Low,5.0,No,0
462748,Male,Yes,51,Yes,Artist,1.0,Low,3.0,No,1
460112,Male,Yes,32,Yes,Engineer,10.0,Average,3.0,Yes,1
462296,Female,Yes,43,Yes,Artist,0.0,High,4.0,Yes,4
459204,Female,Yes,38,Yes,Engineer,2.0,Average,1.0,Yes,4
461051,Female,Yes,71,Yes,Entertainment,1.0,Average,2.0,No,4
460688,Male,Yes,28,No,Doctor,5.0,Low,2.0,No,1
467760,Female,Yes,53,Yes,Artist,4.0,Average,5.0,No,4
467678,Male,No,56,No,Marketing,1.0,Low,2.0,No,2
459135,Male,Yes,53,Yes,Executive,0.0,High,4.0,Yes,1
463987,Female,No,36,Yes,Artist,0.0,Low,1.0,No,0
463014,Female,Yes,58,Yes,Executive,0.0,High,4.0,Yes,4
461411,Male,No,29,No,Healthcare,1.0,Low,,No,2
459910,Male,Yes,69,Yes,Artist,1.0,Low,2.0,No,1
462883,Female,Yes,28,Yes,Artist,8.0,Low,4.0,No,4
462705,Female,Yes,67,No,Lawyer,0.0,Average,1.0,Yes,3
462631,Female,Yes,34,No,Engineer,4.0,High,3.0,Yes,4
464905,Male,,81,No,Executive,,High,2.0,Yes,3
462575,Male,Yes,50,No,Executive,1.0,High,4.0,Yes,1
462184,Male,No,19,No,Doctor,0.0,Low,4.0,No,2
463424,Female,Yes,62,Yes,Artist,5.0,Average,5.0,No,4
460227,Male,No,33,No,Healthcare,1.0,Low,3.0,No,2
461008,Male,No,26,No,Healthcare,1.0,Low,4.0,No,2
464216,Male,Yes,50,Yes,Artist,,High,4.0,Yes,1
465988,Female,Yes,58,Yes,Homemaker,0.0,High,2.0,Yes,3
463415,Female,No,28,Yes,Healthcare,,Low,5.0,No,2
462218,Male,Yes,53,No,Executive,0.0,Average,5.0,No,1
463171,Female,Yes,34,No,Entertainment,0.0,High,4.0,Yes,4
465028,Female,Yes,67,No,Lawyer,3.0,High,5.0,Yes,3
462725,Male,Yes,80,Yes,Lawyer,0.0,High,3.0,Yes,3
462530,Male,Yes,36,Yes,Artist,,High,2.0,Yes,1
464129,Male,Yes,47,Yes,Executive,2.0,High,3.0,Yes,1
467384,Male,No,42,Yes,,,Low,1.0,No,0
462961,Female,No,54,No,Engineer,3.0,Average,5.0,Yes,2
463433,Female,Yes,50,Yes,Doctor,0.0,Low,3.0,No,4
465024,Male,Yes,52,Yes,Executive,0.0,High,4.0,Yes,1
459699,Female,,59,Yes,Engineer,8.0,Average,2.0,Yes,4
465876,Male,No,25,No,Executive,0.0,Low,3.0,No,2
461165,Male,Yes,28,No,Artist,1.0,Average,2.0,No,1
467450,Male,Yes,79,No,Executive,8.0,High,3.0,Yes,3
460222,Male,,67,Yes,Lawyer,3.0,High,,Yes,3
461334,Female,Yes,60,Yes,Artist,0.0,High,2.0,Yes,4
463248,Female,Yes,26,No,Homemaker,8.0,Average,4.0,No,4
464368,Male,Yes,36,Yes,Entertainment,4.0,Average,2.0,No,1
461172,Female,Yes,71,Yes,Lawyer,1.0,Low,1.0,No,3
461511,Male,Yes,35,No,Doctor,9.0,Low,2.0,No,1
461881,Male,No,40,Yes,Artist,1.0,Low,1.0,No,0
460224,Female,No,25,No,Healthcare,1.0,Low,3.0,No,2
459319,Male,Yes,45,No,Artist,0.0,High,3.0,Yes,1
465252,Female,No,20,No,Healthcare,8.0,Low,3.0,No,2
467352,Male,Yes,53,Yes,Executive,0.0,High,3.0,Yes,1
464388,Female,No,30,No,Engineer,11.0,Low,1.0,No,0
463119,Female,Yes,80,Yes,Lawyer,,High,2.0,Yes,3
461472,Female,Yes,41,Yes,Artist,0.0,Average,2.0,No,4
466389,Female,Yes,52,Yes,Engineer,0.0,Average,1.0,Yes,4
463624,Male,No,61,Yes,Executive,1.0,High,5.0,Yes,1
463357,Male,Yes,23,Yes,Doctor,2.0,Average,3.0,Yes,1
461176,Female,Yes,66,No,Engineer,6.0,Average,4.0,Yes,4
463709,Male,Yes,35,Yes,Artist,1.0,High,2.0,Yes,1
463306,Female,Yes,62,Yes,Engineer,3.0,High,5.0,Yes,4
462939,Male,Yes,38,Yes,Doctor,0.0,High,4.0,Yes,1
465972,Female,No,47,Yes,Marketing,9.0,Low,1.0,No,0
464577,Female,Yes,33,Yes,Healthcare,10.0,High,3.0,Yes,4
467594,Male,Yes,45,No,Executive,0.0,Average,3.0,No,1
466127,Male,Yes,51,Yes,Doctor,1.0,Average,4.0,Yes,1
464975,Male,Yes,65,Yes,Doctor,5.0,Low,,No,1
463672,Male,No,32,Yes,Engineer,,Low,3.0,No,0
461958,Male,No,38,No,Artist,2.0,Low,2.0,No,0
463800,Female,No,33,Yes,Engineer,1.0,Low,3.0,No,0
463429,Female,No,28,Yes,Artist,7.0,Low,3.0,No,0
467952,Female,Yes,80,Yes,Lawyer,1.0,High,1.0,Yes,3
467296,Female,Yes,69,Yes,Artist,,Average,2.0,No,4
461210,Female,No,38,Yes,Healthcare,0.0,Low,4.0,No,2
467963,Male,No,21,No,Healthcare,1.0,Low,4.0,No,2
464532,Female,Yes,64,No,Lawyer,2.0,High,3.0,Yes,3
462275,Male,Yes,42,Yes,Artist,1.0,Average,2.0,No,1
467806,Male,Yes,66,Yes,Artist,3.0,High,3.0,Yes,1
459372,Female,No,27,Yes,Healthcare,,Low,4.0,No,2
465745,Male,Yes,38,Yes,Artist,2.0,Low,2.0,No,1
466859,Male,No,22,No,Healthcare,0.0,Low,5.0,No,2
466211,Male,Yes,47,Yes,Artist,0.0,Low,,No,1
459187,Male,No,54,No,Doctor,0.0,Average,2.0,Yes,0
459559,Male,Yes,36,No,Engineer,,Average,4.0,Yes,1
467304,Male,No,33,No,Doctor,1.0,Low,2.0,No,2
466786,Male,No,32,No,Executive,0.0,Low,2.0,No,2
463279,Male,No,27,No,Entertainment,0.0,Low,3.0,No,2
462669,Female,Yes,35,Yes,Entertainment,,High,6.0,Yes,4
464083,Male,Yes,69,No,Lawyer,0.0,High,3.0,Yes,3
462899,Male,No,32,No,Healthcare,,Low,3.0,No,2
462551,Male,Yes,53,Yes,Doctor,14.0,Average,2.0,Yes,1
462727,Female,Yes,80,No,Lawyer,0.0,High,3.0,Yes,3
459902,Male,Yes,51,Yes,Lawyer,6.0,High,1.0,Yes,3
459499,Female,Yes,78,No,Lawyer,,High,1.0,Yes,3
465714,Female,Yes,63,Yes,Artist,1.0,Low,1.0,No,4
459194,Female,Yes,77,Yes,Lawyer,2.0,High,2.0,Yes,3
462578,Male,Yes,38,Yes,Artist,8.0,Average,2.0,No,1
466207,Female,Yes,37,Yes,Doctor,9.0,Average,4.0,Yes,4
466082,Female,Yes,83,Yes,Lawyer,1.0,Low,1.0,No,3
460966,Male,Yes,63,Yes,Engineer,1.0,Average,3.0,Yes,1
467969,Female,Yes,43,Yes,Artist,0.0,Average,2.0,No,4
460145,Female,No,36,Yes,Artist,0.0,Low,1.0,No,0
459642,Male,Yes,36,Yes,Executive,,High,4.0,Yes,1
461000,Male,Yes,61,No,Marketing,1.0,High,2.0,Yes,3
465108,Male,Yes,57,Yes,Doctor,3.0,Average,2.0,Yes,1
465084,Male,Yes,61,Yes,Executive,5.0,High,2.0,Yes,1
465486,Female,Yes,55,No,Artist,3.0,High,2.0,Yes,4
459371,Male,Yes,35,Yes,,,Low,2.0,No,1
467510,Male,Yes,51,Yes,Entertainment,3.0,Low,3.0,No,1
459702,Female,Yes,62,Yes,Lawyer,1.0,Low,3.0,No,3
467514,Male,No,43,Yes,Artist,,Low,4.0,No,0
461874,Male,Yes,44,Yes,Doctor,0.0,Average,3.0,Yes,1
467726,Male,Yes,80,Yes,Lawyer,1.0,High,3.0,Yes,3
466072,Female,No,23,No,Healthcare,1.0,Low,3.0,No,2
460920,Male,No,76,Yes,Lawyer,0.0,High,1.0,Yes,3
463048,Female,Yes,43,Yes,Homemaker,,High,4.0,Yes,4
461638,Male,Yes,67,Yes,Entertainment,1.0,High,2.0,Yes,1
463560,Female,No,18,No,Healthcare,9.0,Low,5.0,No,2
462880,Male,No,21,No,Executive,0.0,High,3.0,Yes,2
460147,Male,Yes,67,Yes,Entertainment,1.0,Average,3.0,No,1
459421,Male,Yes,29,No,Healthcare,0.0,Average,4.0,No,1
465815,Male,Yes,36,No,Doctor,1.0,Average,2.0,Yes,1
465721,Female,Yes,26,Yes,Entertainment,0.0,High,3.0,Yes,4
464926,Female,Yes,44,No,Engineer,0.0,High,3.0,Yes,4
467636,Male,Yes,45,No,Doctor,2.0,Average,1.0,Yes,1
459539,Female,No,35,Yes,Healthcare,9.0,Low,1.0,No,0
459008,Female,Yes,52,Yes,Artist,1.0,Average,3.0,No,4
460630,Male,Yes,18,No,Executive,,Average,,No,1
462498,Female,Yes,55,Yes,Doctor,0.0,Average,3.0,Yes,4
459516,Female,,63,Yes,Artist,,Average,2.0,No,4
460810,Female,Yes,80,No,Lawyer,3.0,High,1.0,Yes,3
460028,Male,Yes,39,Yes,Healthcare,11.0,Average,2.0,No,1
461219,Female,No,28,Yes,Healthcare,8.0,Low,3.0,No,0
460386,Male,Yes,29,Yes,Healthcare,0.0,Low,2.0,No,1
463156,Female,Yes,74,Yes,Lawyer,,High,2.0,Yes,3
465856,Male,Yes,41,Yes,Artist,13.0,High,1.0,Yes,1
465087,Male,No,29,Yes,Doctor,1.0,Low,4.0,No,0
466512,Female,No,22,No,Healthcare,1.0,Low,2.0,No,2
464646,Male,No,64,No,Engineer,9.0,Average,6.0,Yes,2
459230,Male,Yes,43,No,Artist,7.0,High,4.0,Yes,1
462097,Male,Yes,42,Yes,Doctor,8.0,Average,2.0,Yes,1
460752,Male,Yes,35,Yes,Artist,9.0,Low,1.0,No,1
460240,Male,Yes,45,Yes,Artist,3.0,Low,1.0,No,1
467552,Male,Yes,53,No,Executive,0.0,Average,4.0,No,1
464071,Male,Yes,80,Yes,Lawyer,0.0,High,3.0,Yes,3
467787,Male,No,20,No,Healthcare,8.0,Low,5.0,No,2
466868,Male,No,26,Yes,Doctor,4.0,Low,3.0,No,0
465723,Male,No,42,Yes,Healthcare,9.0,Low,1.0,No,0
462433,Female,Yes,35,Yes,Doctor,2.0,Average,3.0,Yes,4
467107,Male,Yes,36,Yes,Engineer,1.0,Average,3.0,Yes,1
464495,Female,No,33,No,Marketing,1.0,Low,9.0,No,2
467379,Male,Yes,59,Yes,Entertainment,0.0,Average,2.0,No,1
459399,Female,No,20,No,Doctor,1.0,Low,2.0,No,2
459069,Male,Yes,25,Yes,Doctor,0.0,Average,2.0,Yes,1
467726,Male,Yes,79,Yes,Lawyer,2.0,High,1.0,Yes,3
459571,Female,Yes,53,Yes,Executive,0.0,High,4.0,Yes,4
459557,Male,,34,No,Entertainment,2.0,High,,Yes,1
467562,Male,Yes,71,Yes,Executive,0.0,High,3.0,Yes,3
465296,Female,Yes,72,Yes,Lawyer,6.0,High,3.0,Yes,3
465436,Female,No,25,Yes,Healthcare,0.0,Low,3.0,No,0
466106,Female,Yes,63,No,Artist,0.0,Average,5.0,No,4
464140,Female,Yes,83,Yes,Lawyer,1.0,High,2.0,Yes,3
460021,Female,Yes,48,Yes,Artist,0.0,Average,4.0,No,4
462690,Male,No,36,No,Engineer,,Average,3.0,Yes,2
465312,Male,No,23,No,Healthcare,0.0,Low,4.0,No,2
462493,Male,Yes,52,Yes,Artist,1.0,Average,6.0,No,1
465604,Female,Yes,41,No,Engineer,8.0,Average,1.0,Yes,4
466505,Male,Yes,41,No,Artist,10.0,High,6.0,Yes,1
462187,Female,No,50,Yes,Artist,4.0,Low,1.0,No,0
464007,Male,Yes,49,Yes,Artist,0.0,Low,3.0,No,1
464671,Male,No,30,No,Entertainment,1.0,Low,2.0,No,2
462076,Male,Yes,75,Yes,Lawyer,1.0,Low,2.0,No,3
464980,Female,,64,No,Engineer,2.0,High,1.0,Yes,4
465095,Male,Yes,53,Yes,Executive,1.0,High,3.0,Yes,1
463783,Female,No,30,No,Healthcare,,Low,,No,2
464815,Male,Yes,22,No,Doctor,3.0,High,8.0,Yes,1
463701,Male,Yes,52,Yes,Marketing,0.0,High,4.0,Yes,3
465993,Female,No,27,No,Engineer,0.0,Low,2.0,No,2
463620,Male,No,19,No,Healthcare,1.0,Low,4.0,No,2
465391,Female,Yes,74,Yes,Lawyer,0.0,High,1.0,Yes,3
459861,Female,No,80,No,Lawyer,3.0,High,3.0,Yes,3
464830,Male,,47,,Executive,1.0,Average,5.0,No,1
461153,Female,Yes,31,Yes,Artist,,High,4.0,Yes,4
464836,Female,,34,No,Engineer,7.0,High,4.0,Yes,4
464065,Female,Yes,35,Yes,Healthcare,10.0,Low,2.0,No,4
459508,Female,No,23,No,Healthcare,,Low,3.0,No,2
465928,Female,No,32,Yes,Healthcare,6.0,Low,3.0,No,0
467794,Female,No,23,No,Healthcare,0.0,Low,4.0,No,2
459509,Male,No,30,Yes,Healthcare,1.0,Low,1.0,No,0
464122,Male,Yes,63,Yes,Artist,0.0,Average,4.0,No,1
461967,Female,No,20,No,Marketing,3.0,Low,4.0,No,2
466739,Male,No,31,No,Healthcare,0.0,Low,,No,2
460498,Male,Yes,44,No,Executive,1.0,High,3.0,Yes,1
467339,Male,,55,Yes,Artist,1.0,Average,3.0,No,1
465842,Female,No,36,Yes,Entertainment,10.0,Low,2.0,No,0
467191,Female,Yes,31,No,Homemaker,12.0,Average,2.0,No,4
464559,Female,No,35,Yes,Healthcare,9.0,Low,1.0,No,0
462967,Male,Yes,47,No,Entertainment,4.0,Average,3.0,No,1
461282,Male,No,21,No,Healthcare,0.0,Low,4.0,No,2
467061,Female,No,29,Yes,Homemaker,13.0,Low,1.0,No,0
459479,Male,Yes,70,No,Marketing,1.0,Low,2.0,No,3
464761,Female,Yes,50,No,Engineer,,Average,4.0,Yes,4
464094,Female,Yes,58,Yes,Executive,3.0,High,5.0,Yes,4
459156,Female,Yes,80,Yes,Lawyer,3.0,High,2.0,Yes,3
462261,Male,Yes,58,No,Engineer,0.0,Average,2.0,Yes,1
464493,Female,No,67,Yes,Lawyer,8.0,Average,3.0,Yes,0
461502,Female,No,37,Yes,Artist,9.0,Low,1.0,No,0
464350,Female,Yes,80,Yes,Lawyer,0.0,High,1.0,Yes,3
459925,Male,Yes,72,No,Executive,0.0,High,2.0,Yes,3
461000,Male,Yes,64,Yes,Marketing,0.0,High,2.0,Yes,3
463820,Male,Yes,45,Yes,Executive,7.0,High,5.0,Yes,1
463741,Male,Yes,36,Yes,Artist,0.0,High,3.0,Yes,1
465014,Male,Yes,83,No,Lawyer,1.0,Low,1.0,No,3
462887,Female,Yes,42,No,Engineer,1.0,Low,3.0,No,4
464410,Male,Yes,40,Yes,Artist,0.0,Average,2.0,No,1
463280,Male,Yes,37,Yes,Artist,6.0,Average,2.0,No,1
459756,Female,Yes,52,No,Lawyer,1.0,High,4.0,Yes,3
465320,Female,Yes,65,Yes,Lawyer,1.0,Average,2.0,Yes,3
464008,Female,Yes,50,Yes,Artist,1.0,Average,4.0,No,4
465708,Female,Yes,60,Yes,Artist,0.0,High,2.0,Yes,4
459849,Female,Yes,50,Yes,Artist,1.0,High,5.0,Yes,4
466954,Female,Yes,72,No,Doctor,9.0,Average,2.0,Yes,4
466789,Female,Yes,53,Yes,Artist,0.0,Average,2.0,No,4
461716,Female,Yes,56,Yes,Lawyer,5.0,High,9.0,Yes,4
460618,Male,Yes,55,Yes,Lawyer,,Low,4.0,No,1
464493,Female,Yes,65,Yes,Lawyer,7.0,Average,5.0,Yes,4
462640,Male,Yes,27,No,Executive,,Low,2.0,No,1
460659,Female,Yes,47,Yes,Marketing,,Average,3.0,No,3
459178,Male,Yes,47,Yes,Executive,2.0,High,4.0,Yes,1
460464,Male,No,27,Yes,Artist,9.0,Low,2.0,No,0
461672,Female,No,26,No,Engineer,1.0,Low,2.0,No,2
465400,Female,Yes,36,No,Doctor,9.0,High,3.0,Yes,4
463950,Male,No,31,No,Healthcare,1.0,Low,4.0,No,2
462242,Female,No,30,Yes,Entertainment,0.0,Low,5.0,No,2
464924,Male,Yes,24,No,Entertainment,,High,6.0,Yes,1
464083,Male,Yes,66,No,Lawyer,0.0,High,3.0,Yes,3
462048,Female,No,19,No,Healthcare,0.0,Low,4.0,No,2
463879,Male,Yes,45,Yes,Executive,0.0,High,2.0,Yes,1
461385,Male,Yes,85,No,Lawyer,,Low,1.0,No,3
466902,Male,Yes,47,Yes,Doctor,0.0,Average,3.0,Yes,1
464078,Male,Yes,88,No,Lawyer,0.0,Low,,No,3
464074,Female,Yes,34,Yes,Doctor,2.0,Average,2.0,Yes,4
461581,Female,Yes,60,Yes,Lawyer,1.0,High,3.0,Yes,3
464394,Male,No,71,Yes,Lawyer,1.0,High,2.0,Yes,3
461638,Male,Yes,70,Yes,Entertainment,0.0,High,2.0,Yes,3
467347,Female,No,32,No,Entertainment,,Low,4.0,No,2
463042,Male,Yes,53,No,Executive,,High,5.0,Yes,1
466128,Male,No,35,Yes,Artist,4.0,Low,2.0,No,0
463486,Male,Yes,45,No,Executive,,High,7.0,Yes,1
459417,Male,No,19,No,Healthcare,,Low,,No,2
462727,Female,Yes,77,No,Lawyer,1.0,High,2.0,Yes,3
463203,Female,No,20,No,Healthcare,1.0,Low,3.0,No,2
459457,Male,Yes,51,Yes,Artist,2.0,Low,2.0,No,1
464204,Female,Yes,44,Yes,Artist,3.0,High,2.0,Yes,4
461381,Male,Yes,31,Yes,Entertainment,0.0,Average,2.0,No,1
460544,Male,No,77,Yes,Lawyer,0.0,Low,1.0,No,3
463134,Male,No,29,Yes,Entertainment,,Low,1.0,No,0
463441,Male,Yes,41,Yes,Artist,9.0,High,3.0,Yes,1
466949,Male,Yes,44,No,Executive,13.0,High,8.0,Yes,1
461203,Female,Yes,26,No,Lawyer,0.0,Low,9.0,No,2
462701,Male,Yes,59,No,Entertainment,0.0,Average,4.0,No,1
467475,Female,Yes,66,Yes,Artist,0.0,Average,3.0,No,4
464957,Female,Yes,87,No,Lawyer,0.0,Low,1.0,No,3
462989,Male,,32,Yes,Healthcare,1.0,Low,1.0,No,1
466312,Female,No,21,No,Healthcare,0.0,Low,3.0,No,2
462277,Male,Yes,36,Yes,Entertainment,4.0,Average,2.0,No,1
458986,Male,No,18,No,Healthcare,7.0,Low,4.0,No,2
463179,Male,Yes,57,Yes,Entertainment,0.0,Low,2.0,No,1
464681,Female,Yes,26,No,Engineer,6.0,Average,6.0,Yes,4
465135,Female,No,25,No,Engineer,1.0,Low,1.0,No,0
461797,Male,No,30,Yes,Healthcare,1.0,Low,3.0,No,0
462014,Female,No,45,Yes,Artist,1.0,Low,1.0,No,0
464935,Female,No,40,,Marketing,6.0,Low,1.0,No,0
459888,Male,Yes,79,No,Lawyer,,High,2.0,Yes,3
465512,Male,Yes,38,Yes,Entertainment,,Average,4.0,No,1
463842,Female,Yes,48,Yes,Engineer,0.0,High,4.0,Yes,4
460171,Female,Yes,62,Yes,Artist,0.0,High,2.0,Yes,4
459925,Female,No,72,No,Executive,1.0,High,2.0,Yes,3
463447,Male,Yes,58,No,Engineer,2.0,Average,1.0,Yes,1
460710,Female,Yes,38,Yes,Artist,0.0,Average,3.0,No,4
466767,Male,Yes,68,Yes,Lawyer,0.0,Low,2.0,No,3
459331,Female,No,70,Yes,Lawyer,0.0,Low,1.0,No,0
466493,Male,Yes,74,No,Lawyer,0.0,High,1.0,Yes,3
462084,Male,Yes,70,Yes,Artist,1.0,Low,1.0,No,1
460203,Female,Yes,36,Yes,Entertainment,8.0,Low,1.0,No,0
466915,Female,Yes,70,No,Entertainment,2.0,High,2.0,Yes,3
458982,Male,Yes,61,Yes,Executive,1.0,High,3.0,Yes,1
463449,Male,Yes,25,No,Healthcare,1.0,Average,2.0,No,1
464891,Male,Yes,42,No,Entertainment,1.0,Low,3.0,No,1
466002,Male,Yes,53,Yes,Doctor,3.0,High,2.0,Yes,1
466735,Male,No,18,No,Healthcare,0.0,Low,,No,2
467648,Male,Yes,41,No,Entertainment,2.0,Average,5.0,No,1
465193,Male,Yes,39,Yes,Engineer,,Average,,Yes,1
461035,Male,No,21,No,,7.0,Low,,No,2
467948,Female,No,20,No,Healthcare,0.0,Low,3.0,No,2
459152,Female,No,40,Yes,Artist,8.0,Low,2.0,No,0
461602,Female,No,26,Yes,Artist,0.0,Low,,No,0
467449,Female,Yes,86,Yes,Lawyer,1.0,Low,2.0,No,3
461399,Male,No,20,No,Healthcare,0.0,Low,4.0,No,2
467549,Male,Yes,61,Yes,Entertainment,11.0,Average,3.0,No,1
460914,Female,No,36,Yes,Artist,9.0,Low,2.0,No,0
466084,Male,Yes,49,Yes,Homemaker,12.0,Low,1.0,No,1
459017,Male,Yes,47,Yes,Executive,,High,7.0,Yes,1
467427,Female,Yes,35,Yes,Artist,9.0,High,1.0,Yes,4
464039,Male,No,42,Yes,Artist,1.0,Low,2.0,No,0
467600,Male,Yes,45,Yes,Engineer,,Average,4.0,Yes,1
463558,Female,Yes,80,Yes,Lawyer,2.0,Average,2.0,Yes,3
467677,Male,Yes,58,No,Entertainment,1.0,High,4.0,Yes,1
464753,Female,No,33,No,Marketing,,Low,5.0,No,2
467485,Male,Yes,55,Yes,Lawyer,1.0,High,1.0,Yes,3
462240,Male,Yes,80,No,Lawyer,0.0,High,2.0,Yes,3
462566,Female,Yes,27,No,Doctor,0.0,Low,,No,4
465290,Male,Yes,47,Yes,Executive,2.0,High,5.0,Yes,1
461928,Male,Yes,69,Yes,Lawyer,,Low,1.0,No,3
460339,Female,Yes,50,Yes,Entertainment,4.0,Low,2.0,No,4
464716,Female,Yes,44,Yes,Marketing,0.0,High,5.0,Yes,3
466659,Male,Yes,60,No,Doctor,2.0,High,1.0,Yes,1
461995,Female,No,30,No,Artist,7.0,Low,1.0,No,0
463368,Female,Yes,37,Yes,Artist,4.0,High,4.0,Yes,4
465700,Male,Yes,25,Yes,Entertainment,0.0,High,1.0,Yes,1
461438,Female,Yes,44,Yes,Engineer,6.0,Average,2.0,Yes,4
462468,Female,No,30,Yes,Healthcare,2.0,Low,5.0,No,2
463252,Male,Yes,50,Yes,Artist,0.0,Average,2.0,No,1
462766,Female,No,32,No,Homemaker,8.0,Low,1.0,No,0
465269,Female,Yes,45,Yes,Artist,1.0,Average,3.0,No,4
463105,Female,No,72,Yes,Lawyer,1.0,Low,2.0,No,0
465726,Male,No,70,No,,,Low,4.0,No,2
466818,Male,Yes,80,No,Executive,1.0,High,1.0,Yes,3
459635,Female,No,22,No,Healthcare,8.0,Low,4.0,No,2
460609,Female,No,33,No,Healthcare,,Low,1.0,No,2
462792,Male,Yes,52,No,Homemaker,,Average,4.0,No,1
463493,Male,Yes,39,No,Executive,,High,5.0,Yes,1
463379,Male,No,29,No,Marketing,1.0,Low,7.0,No,2
462777,Male,,62,No,Executive,,High,3.0,Yes,3
466303,Male,Yes,67,Yes,Lawyer,1.0,High,1.0,Yes,3
465681,Male,Yes,45,Yes,Entertainment,0.0,Average,2.0,No,1
462062,Male,No,22,No,Healthcare,0.0,Low,3.0,No,2
459409,Female,Yes,88,Yes,Lawyer,1.0,High,2.0,Yes,3
462433,Female,Yes,38,Yes,Doctor,0.0,Average,1.0,Yes,4
465349,Female,Yes,52,Yes,Artist,2.0,High,3.0,Yes,4
460595,Male,Yes,21,No,Doctor,1.0,Low,3.0,No,1
461687,Female,Yes,78,Yes,Artist,0.0,High,3.0,Yes,4
460037,Female,No,42,Yes,Entertainment,5.0,Low,7.0,No,2
463769,Male,Yes,63,No,Executive,1.0,High,5.0,Yes,1
462244,Male,Yes,80,No,Executive,2.0,High,2.0,Yes,3
464751,Male,Yes,36,No,Doctor,,Low,1.0,No,1
460482,Female,Yes,30,No,Homemaker,9.0,Low,3.0,No,2
462342,Female,Yes,74,Yes,Lawyer,8.0,High,3.0,Yes,3
459064,Male,Yes,26,No,Executive,5.0,High,4.0,Yes,1
459319,Female,Yes,50,No,Artist,2.0,High,2.0,Yes,4
461111,Female,Yes,42,Yes,Doctor,8.0,Low,1.0,No,4
466478,Female,Yes,51,Yes,Artist,0.0,Average,4.0,No,4
462325,Male,No,37,Yes,Healthcare,1.0,Low,4.0,No,2
463365,Male,Yes,62,No,Executive,3.0,High,2.0,Yes,3
461390,Female,Yes,72,Yes,Artist,0.0,High,3.0,Yes,4
461278,Male,No,23,No,Healthcare,1.0,Low,4.0,No,2
463536,Male,Yes,80,Yes,Executive,,High,3.0,Yes,3
464379,Female,Yes,40,Yes,Engineer,12.0,Average,3.0,Yes,4
460910,Male,No,27,Yes,Healthcare,0.0,Low,2.0,No,0
466736,Female,No,20,No,Healthcare,1.0,Low,,No,2
467038,Male,Yes,62,Yes,Lawyer,0.0,High,1.0,Yes,3
466403,Female,Yes,50,No,Engineer,3.0,Average,3.0,Yes,4
460557,Female,No,36,Yes,Marketing,9.0,Low,1.0,No,0
465134,Female,Yes,55,Yes,Entertainment,1.0,Average,5.0,No,4
465118,Female,Yes,51,Yes,Artist,1.0,Average,6.0,No,4
464513,Male,Yes,43,Yes,Executive,8.0,High,2.0,Yes,1
461922,Male,Yes,70,No,Lawyer,0.0,High,3.0,Yes,3
467748,Male,Yes,43,Yes,Executive,,High,4.0,Yes,1
461744,Male,Yes,47,Yes,Artist,0.0,Average,4.0,No,1
461233,Male,Yes,37,Yes,Entertainment,,Low,,No,1
463345,Female,No,20,No,Healthcare,4.0,Low,4.0,No,2
462256,Female,Yes,59,Yes,Homemaker,0.0,Average,4.0,No,3
466417,Female,Yes,79,No,Lawyer,1.0,High,3.0,Yes,3
459369,Male,Yes,30,Yes,Engineer,,Average,8.0,Yes,1
467605,Female,Yes,40,Yes,Engineer,1.0,Average,7.0,Yes,4
460883,Female,Yes,64,Yes,Artist,0.0,High,2.0,Yes,4
461069,Female,No,19,No,Healthcare,,Low,,No,2
463292,Male,Yes,36,No,Executive,1.0,High,3.0,Yes,1
463057,Female,No,25,No,Homemaker,1.0,Low,1.0,No,2
466708,Male,Yes,65,No,Entertainment,1.0,Low,1.0,No,1
459426,Male,No,23,No,,1.0,Low,4.0,No,2
466741,Female,,53,No,Artist,9.0,Low,2.0,No,4
465596,Male,,36,Yes,Healthcare,8.0,High,2.0,Yes,1
466057,Female,Yes,38,No,Doctor,1.0,Average,2.0,Yes,4
467727,Male,Yes,45,Yes,Artist,7.0,High,4.0,Yes,1
465423,Male,Yes,51,Yes,Entertainment,0.0,Average,4.0,No,1
466781,Male,Yes,35,Yes,Artist,1.0,Average,4.0,No,1
460450,Male,Yes,48,Yes,Executive,2.0,High,4.0,Yes,1
464030,Male,No,18,No,Entertainment,1.0,Low,4.0,No,2
464566,Male,Yes,37,Yes,Executive,0.0,High,4.0,Yes,1
466434,Male,Yes,53,Yes,Artist,0.0,Average,4.0,No,1
463327,Male,Yes,40,No,Executive,1.0,Low,5.0,No,2
466841,Male,No,21,No,Healthcare,1.0,Low,6.0,No,2
462558,Female,No,33,Yes,Engineer,0.0,Low,6.0,No,2
464163,Female,Yes,63,Yes,Executive,0.0,High,5.0,Yes,4
466229,Male,Yes,51,Yes,Executive,0.0,High,2.0,Yes,1
467901,Female,No,33,Yes,Entertainment,1.0,Low,4.0,No,0
467557,Female,Yes,58,Yes,Artist,,Average,2.0,No,4
460755,Male,No,33,Yes,Artist,0.0,Low,1.0,No,0
464378,Female,Yes,40,Yes,Artist,9.0,Average,2.0,No,4
459687,Male,Yes,55,No,Executive,,High,5.0,Yes,1
467732,Female,No,43,Yes,Healthcare,8.0,Low,1.0,No,0
466595,Male,Yes,80,Yes,Executive,2.0,High,3.0,Yes,3
463177,Male,No,41,Yes,Entertainment,7.0,Low,2.0,No,0
465080,Male,Yes,73,Yes,Lawyer,10.0,Average,3.0,Yes,3
467780,Male,Yes,47,Yes,Artist,,Low,3.0,No,1
460829,Male,No,18,Yes,Healthcare,1.0,Low,2.0,No,0
460138,Male,No,33,Yes,Entertainment,9.0,Low,6.0,No,2
460385,Male,No,31,Yes,Healthcare,0.0,Low,4.0,No,2
466384,Female,Yes,70,Yes,Engineer,0.0,High,3.0,Yes,4
460284,Female,No,29,Yes,Entertainment,8.0,Low,2.0,No,0
464860,Female,Yes,53,No,Engineer,,Average,2.0,Yes,4
463000,Female,No,36,No,Engineer,0.0,Low,1.0,No,0
459124,Female,Yes,78,Yes,Artist,3.0,High,2.0,Yes,4
463490,Male,No,20,No,Healthcare,1.0,Low,4.0,No,2
462920,Male,Yes,50,No,Executive,0.0,High,5.0,Yes,1
459338,Male,Yes,88,No,Executive,,Low,,No,3
463657,Male,Yes,47,Yes,Executive,2.0,High,1.0,Yes,1
463078,Male,Yes,80,No,Executive,0.0,High,3.0,Yes,3
459181,Female,Yes,62,No,Artist,0.0,High,2.0,Yes,4
465405,Female,,31,Yes,Homemaker,0.0,High,5.0,Yes,4
466155,Male,Yes,40,Yes,Entertainment,1.0,Average,2.0,No,1
463094,Male,Yes,40,Yes,Engineer,12.0,Average,3.0,Yes,1
467781,Male,Yes,29,Yes,Healthcare,2.0,High,3.0,Yes,1
464195,Male,No,29,Yes,Artist,0.0,Low,1.0,No,0
466087,Male,,22,No,Healthcare,8.0,High,6.0,Yes,1
462503,Male,Yes,48,Yes,Executive,0.0,High,3.0,Yes,1
464659,Female,No,25,No,Engineer,1.0,Low,1.0,No,0
463683,Female,Yes,39,Yes,Artist,14.0,Average,2.0,No,4
461665,Male,Yes,61,Yes,Entertainment,4.0,Average,2.0,No,1
463930,Male,Yes,49,Yes,Artist,1.0,Average,2.0,No,1
466630,Male,No,29,No,Healthcare,0.0,Low,4.0,No,2
467210,Male,Yes,28,Yes,Homemaker,13.0,Average,2.0,No,1
465830,Female,Yes,52,No,,7.0,Average,7.0,No,4
459683,Female,Yes,56,Yes,Engineer,1.0,Average,3.0,Yes,4
463262,Female,Yes,70,No,Lawyer,1.0,High,2.0,Yes,3
463945,Female,No,37,No,Homemaker,,Low,2.0,No,2
465146,Male,Yes,58,Yes,Artist,9.0,Low,1.0,No,1
464974,Male,Yes,60,No,Artist,0.0,Average,2.0,No,1
462101,Male,Yes,53,Yes,Artist,,Average,3.0,No,1
466306,Male,No,18,No,Healthcare,1.0,Low,4.0,No,2
464796,Male,Yes,43,No,Marketing,3.0,High,4.0,Yes,3
466188,Male,Yes,59,Yes,Artist,4.0,Low,1.0,No,1
460946,Male,No,84,No,Artist,0.0,Low,1.0,No,0
465712,Male,No,47,Yes,,0.0,Low,1.0,No,0
459833,Male,Yes,70,Yes,Executive,3.0,High,1.0,Yes,3
459892,Female,Yes,50,Yes,Artist,1.0,Low,1.0,No,4
463909,Female,No,25,Yes,Healthcare,1.0,Low,3.0,No,0
461872,Male,Yes,75,No,Lawyer,1.0,High,2.0,Yes,3
465551,Female,Yes,48,Yes,Artist,,Average,2.0,No,4
466049,Female,No,25,Yes,Doctor,0.0,Low,1.0,No,0
461273,Male,Yes,73,Yes,Entertainment,1.0,High,4.0,Yes,1
463939,Male,No,26,No,Marketing,0.0,Low,5.0,No,2
461885,Female,Yes,44,Yes,Artist,4.0,High,5.0,Yes,4
466286,Female,Yes,49,Yes,Artist,0.0,Average,5.0,No,4
459664,Male,No,37,Yes,Artist,2.0,Low,1.0,No,0
464886,Male,No,39,Yes,Engineer,2.0,Average,3.0,Yes,0
464879,Female,Yes,24,Yes,Doctor,1.0,Average,2.0,Yes,4
459291,Female,No,38,Yes,Entertainment,0.0,Low,1.0,No,0
464812,Female,Yes,48,Yes,Engineer,0.0,High,5.0,Yes,4
466548,Female,Yes,45,Yes,Artist,1.0,Average,2.0,No,4
461636,Male,No,46,Yes,Artist,3.0,Low,1.0,No,0
461466,Male,Yes,49,No,Artist,0.0,Low,2.0,No,1
459400,Female,Yes,84,No,Lawyer,0.0,High,2.0,Yes,3
460804,Female,No,30,Yes,Artist,0.0,Low,5.0,No,0
459726,Male,Yes,79,No,Lawyer,0.0,High,2.0,Yes,3
461790,Male,Yes,65,Yes,Artist,0.0,High,2.0,Yes,1
462725,Male,Yes,77,Yes,Lawyer,0.0,High,2.0,Yes,3
459485,Male,Yes,80,Yes,Lawyer,,High,2.0,Yes,3
466536,Male,No,20,No,Healthcare,4.0,Low,4.0,No,2
466943,Male,No,53,Yes,Artist,0.0,Low,1.0,No,0
462231,Male,No,28,Yes,Artist,4.0,Low,6.0,No,2
462010,Female,No,31,Yes,Artist,14.0,Low,3.0,No,0
461230,Female,No,19,No,Executive,0.0,Low,,No,2
464581,Female,No,25,No,Doctor,,Low,4.0,No,2
459490,Male,Yes,37,No,Engineer,,Average,2.0,Yes,1
462601,Female,Yes,72,Yes,Lawyer,0.0,High,4.0,Yes,3
459835,Male,Yes,85,No,Lawyer,,Low,1.0,No,3
466234,Female,Yes,49,Yes,Engineer,,Low,1.0,No,4
459259,Male,Yes,77,Yes,Lawyer,,High,1.0,Yes,3
467817,Female,No,23,No,Homemaker,0.0,Low,5.0,No,2
464995,Male,Yes,45,No,Executive,3.0,High,4.0,Yes,1
459135,Male,Yes,49,Yes,Executive,0.0,High,5.0,Yes,1
466817,Male,Yes,80,No,Lawyer,0.0,High,2.0,Yes,3
464445,Male,Yes,80,Yes,Executive,3.0,High,4.0,Yes,3
467908,Female,Yes,41,No,Engineer,0.0,High,5.0,Yes,4
461277,Male,Yes,82,Yes,Lawyer,7.0,Low,1.0,No,3
467672,Female,Yes,36,Yes,Artist,7.0,Average,2.0,No,4
466441,Male,No,22,No,Healthcare,0.0,Low,9.0,No,2
463963,Female,Yes,28,No,Engineer,5.0,High,4.0,Yes,4
467335,Male,Yes,44,Yes,Engineer,6.0,Average,1.0,Yes,1
462247,Female,Yes,43,No,Artist,0.0,High,5.0,Yes,4
463224,Male,Yes,50,Yes,Executive,0.0,High,4.0,Yes,1
463698,Female,No,51,No,Engineer,0.0,Average,1.0,Yes,0
465700,Male,Yes,22,Yes,Entertainment,0.0,High,1.0,Yes,1
460460,Male,Yes,27,No,Entertainment,4.0,Low,4.0,No,1
462851,Male,No,19,No,Healthcare,0.0,Low,3.0,No,2
463677,Male,Yes,46,No,Executive,3.0,High,6.0,Yes,1
462908,Male,Yes,27,No,Executive,10.0,High,3.0,Yes,1
463331,Female,Yes,45,Yes,Artist,0.0,Low,3.0,No,4
465773,Male,No,29,No,Entertainment,8.0,Low,4.0,No,2
466960,Male,Yes,40,Yes,Artist,1.0,Low,2.0,No,1
462153,Male,Yes,59,No,Artist,0.0,Low,1.0,No,1
463364,Female,Yes,71,Yes,Lawyer,3.0,High,2.0,Yes,3
465235,Male,Yes,46,Yes,Healthcare,3.0,High,2.0,Yes,1
465834,Male,No,48,Yes,Entertainment,0.0,Low,3.0,No,0
467952,Female,Yes,89,Yes,Lawyer,0.0,High,2.0,Yes,3
461768,Male,Yes,74,Yes,Artist,0.0,High,1.0,Yes,1
459036,Female,Yes,18,Yes,Lawyer,0.0,Average,3.0,Yes,4
460712,Male,Yes,80,Yes,Lawyer,0.0,Low,1.0,No,3
461349,Male,No,26,Yes,Doctor,0.0,Low,5.0,No,2
460551,Male,No,53,Yes,Engineer,0.0,Average,1.0,Yes,0
467156,Male,Yes,37,Yes,Artist,6.0,Low,1.0,No,1
465480,Male,Yes,39,No,Doctor,1.0,High,2.0,Yes,1
467165,Female,No,25,No,Homemaker,,Low,1.0,No,2
465302,Female,Yes,57,Yes,Artist,1.0,High,3.0,Yes,4
460483,Female,,37,Yes,Executive,0.0,High,1.0,Yes,4
459027,Male,Yes,69,Yes,Doctor,0.0,Average,4.0,Yes,1
466356,Male,Yes,46,Yes,Artist,0.0,Low,2.0,No,1
459742,Female,Yes,80,No,Lawyer,3.0,High,1.0,Yes,3
464112,Male,No,28,Yes,Doctor,1.0,Low,2.0,No,0
464397,Female,No,37,Yes,Engineer,0.0,Average,1.0,Yes,0
460009,Male,No,46,Yes,Artist,0.0,Low,1.0,No,0
466691,Male,No,18,No,Healthcare,5.0,Low,4.0,No,2
461929,Male,Yes,63,Yes,Entertainment,0.0,Low,1.0,No,1
463751,Female,,39,Yes,Doctor,5.0,Low,,No,4
467107,Male,Yes,32,No,Engineer,3.0,Average,3.0,Yes,1
463881,Female,Yes,34,No,Engineer,0.0,Average,5.0,Yes,4
460321,Male,Yes,25,Yes,Artist,3.0,Average,2.0,No,1
459831,Female,Yes,42,No,Engineer,7.0,Average,3.0,Yes,4
465195,Male,Yes,53,Yes,Executive,3.0,High,4.0,Yes,1
465946,Female,Yes,50,Yes,,1.0,Low,2.0,No,4
460380,Male,No,29,Yes,Entertainment,8.0,Low,3.0,No,0
460422,Male,Yes,56,Yes,Entertainment,3.0,High,,Yes,1
464585,Male,Yes,62,Yes,Lawyer,2.0,High,1.0,Yes,3
462844,Female,Yes,31,No,Engineer,2.0,Average,2.0,Yes,4
463528,Male,Yes,67,No,Executive,,High,2.0,Yes,3
466782,Male,No,19,No,,9.0,Low,3.0,No,2
464356,Female,Yes,79,Yes,Lawyer,0.0,High,1.0,Yes,3
463230,Female,Yes,36,No,Engineer,6.0,High,2.0,Yes,4
467663,Male,No,28,No,Doctor,,Average,1.0,Yes,0
460898,Male,Yes,48,No,Artist,3.0,Average,4.0,No,1
467688,Female,Yes,48,No,Engineer,2.0,Average,1.0,Yes,4
461702,Female,Yes,55,Yes,Engineer,7.0,High,4.0,Yes,4
466138,Male,Yes,68,No,Lawyer,5.0,High,1.0,Yes,3
461006,Male,,24,No,Healthcare,3.0,High,,Yes,1
465416,Male,Yes,55,No,Engineer,1.0,High,4.0,Yes,1
463890,Female,No,28,No,Artist,1.0,Low,5.0,No,2
464879,Female,Yes,32,Yes,Doctor,1.0,Average,3.0,Yes,4
467133,Female,Yes,69,Yes,Lawyer,1.0,High,,Yes,3
461961,Female,Yes,32,Yes,Artist,8.0,Low,3.0,No,4
465581,Male,Yes,38,Yes,Artist,0.0,Low,4.0,No,1
464496,Female,Yes,36,No,Marketing,0.0,High,4.0,Yes,3
459687,Male,Yes,53,No,Executive,,High,5.0,Yes,1
462721,Female,Yes,67,No,Lawyer,2.0,High,4.0,Yes,3
464352,Male,Yes,58,Yes,Doctor,0.0,Average,2.0,Yes,1
467072,Male,Yes,64,No,Executive,2.0,High,4.0,Yes,1
461301,Male,Yes,70,Yes,Lawyer,0.0,Average,3.0,Yes,3
467600,Male,Yes,44,Yes,Engineer,,Average,5.0,Yes,1
460032,Male,No,36,Yes,Engineer,8.0,Low,1.0,No,0
464057,Male,No,32,Yes,Marketing,0.0,Low,5.0,No,2
466389,Female,Yes,50,Yes,Engineer,0.0,Average,1.0,Yes,4
459490,Female,Yes,37,No,Engineer,,Average,2.0,Yes,4
462793,Male,Yes,38,No,Executive,5.0,High,4.0,Yes,1
463977,Male,Yes,33,Yes,Healthcare,9.0,High,3.0,Yes,1
466627,Male,No,25,No,Healthcare,0.0,Low,5.0,No,2
461590,Male,Yes,43,No,Executive,2.0,High,4.0,Yes,1
460229,Female,Yes,67,Yes,Lawyer,3.0,High,3.0,Yes,3
460933,Female,Yes,76,Yes,Lawyer,0.0,High,2.0,Yes,3
459493,Male,No,26,No,Healthcare,0.0,Low,7.0,No,2
464481,Male,Yes,46,Yes,Executive,0.0,High,3.0,Yes,1
463820,Male,Yes,46,Yes,Executive,8.0,High,3.0,Yes,1
464421,Female,Yes,30,No,Marketing,,High,4.0,Yes,3
463242,Female,No,26,No,Engineer,5.0,Low,2.0,No,0
461239,Female,No,40,Yes,Entertainment,,Low,1.0,No,0
461990,Female,Yes,68,Yes,Lawyer,0.0,Low,2.0,No,3
467349,Female,No,53,No,Entertainment,0.0,Low,,No,2
461498,Female,No,26,No,Doctor,1.0,Low,4.0,No,2
461039,Female,Yes,22,No,Engineer,3.0,Average,8.0,Yes,4
466729,Male,No,33,Yes,Healthcare,1.0,Low,,No,0
463868,Male,Yes,46,No,Engineer,3.0,Average,7.0,Yes,1
463364,Female,Yes,71,No,Lawyer,1.0,High,2.0,Yes,3
462835,Male,Yes,64,No,Engineer,,Average,4.0,Yes,1
460097,Male,,43,Yes,Artist,0.0,Low,2.0,No,1
460327,Female,No,42,Yes,Artist,12.0,Low,1.0,No,0
460143,Male,Yes,38,Yes,Entertainment,0.0,Low,2.0,No,1
465160,Male,Yes,60,Yes,Executive,0.0,High,4.0,Yes,1
461921,Female,No,41,Yes,Artist,0.0,Low,1.0,No,0
463698,Female,Yes,51,No,Engineer,0.0,Average,3.0,Yes,4
461032,Female,Yes,70,No,Lawyer,0.0,High,2.0,Yes,3
462311,Female,No,56,No,Executive,,High,8.0,Yes,2
463306,Female,Yes,60,Yes,Engineer,1.0,High,4.0,Yes,4
460951,Female,Yes,58,No,Engineer,2.0,Average,7.0,Yes,4
466296,Male,Yes,69,No,Executive,1.0,High,4.0,Yes,3
463465,Male,Yes,43,Yes,Artist,6.0,Average,3.0,No,1
461686,Male,Yes,59,Yes,Artist,1.0,Low,2.0,No,1
462814,Female,Yes,21,No,Engineer,8.0,Average,1.0,Yes,4
464642,Female,Yes,21,Yes,Engineer,6.0,High,7.0,Yes,4
466596,Female,Yes,83,Yes,Artist,0.0,High,2.0,Yes,4
461446,Female,Yes,64,Yes,Lawyer,1.0,High,1.0,Yes,3
460390,Male,No,36,Yes,Artist,9.0,Low,3.0,No,0
464250,Male,Yes,53,Yes,Executive,6.0,High,3.0,Yes,1
465042,Male,Yes,36,Yes,Artist,1.0,Average,4.0,No,1
462669,Female,Yes,35,Yes,Entertainment,,High,7.0,Yes,4
465341,Male,No,29,Yes,Healthcare,,Low,6.0,No,2
461196,Female,Yes,42,Yes,Engineer,8.0,Low,2.0,No,4
467728,Female,Yes,38,No,Engineer,1.0,High,5.0,Yes,4
466291,Male,No,22,No,Healthcare,,Low,,No,2
460983,Male,Yes,34,No,Doctor,2.0,High,3.0,Yes,1
463624,Male,Yes,62,Yes,Executive,2.0,High,3.0,Yes,1
463037,Male,Yes,57,Yes,Entertainment,1.0,Average,4.0,No,1
459350,Female,Yes,53,Yes,Engineer,0.0,High,2.0,Yes,4
466168,Female,Yes,50,No,Executive,0.0,High,2.0,Yes,4
459056,Male,Yes,56,No,Executive,,High,3.0,Yes,1
465848,Female,No,28,Yes,Healthcare,0.0,Low,1.0,No,0
461701,Male,Yes,40,No,Artist,1.0,Average,2.0,No,1
464771,Female,Yes,48,No,Engineer,7.0,Average,5.0,Yes,4
465352,Male,Yes,61,Yes,Entertainment,1.0,Average,4.0,No,1
459503,Female,Yes,31,Yes,Healthcare,4.0,High,3.0,Yes,4
465378,Female,Yes,57,Yes,Artist,4.0,Average,,No,4
467541,Male,Yes,43,Yes,Artist,2.0,High,2.0,Yes,1
464164,Male,Yes,79,Yes,Lawyer,0.0,High,2.0,Yes,3
466562,Female,No,18,No,Healthcare,5.0,Low,4.0,No,2
466730,Female,Yes,38,Yes,Engineer,3.0,Low,2.0,No,4
465271,Male,Yes,49,No,Executive,0.0,High,6.0,Yes,1
466948,Male,Yes,58,Yes,Artist,1.0,Low,2.0,No,1
464147,Male,Yes,41,Yes,Artist,0.0,High,3.0,Yes,1
461889,Male,Yes,42,Yes,Artist,2.0,Average,2.0,No,1
461768,Male,Yes,65,Yes,Artist,1.0,High,2.0,Yes,1
466391,Female,Yes,58,Yes,Engineer,0.0,Average,,Yes,4
466810,Male,No,19,No,Healthcare,1.0,Low,3.0,No,2
459101,Male,Yes,81,No,Lawyer,8.0,Low,2.0,No,3
465792,Female,Yes,57,Yes,Engineer,1.0,Low,4.0,No,4
460502,Female,Yes,54,Yes,Engineer,2.0,Average,3.0,Yes,4
462197,Female,Yes,65,No,Engineer,1.0,Average,3.0,Yes,4
464249,Male,Yes,80,No,Lawyer,,High,2.0,Yes,3
467734,Male,Yes,76,Yes,Lawyer,4.0,High,3.0,Yes,3
459074,Female,No,30,Yes,Healthcare,0.0,Low,4.0,No,2
466087,Male,Yes,18,No,Healthcare,7.0,High,6.0,Yes,1
459468,Male,Yes,35,No,Artist,9.0,Average,3.0,No,1
465817,Male,Yes,56,No,Executive,0.0,Low,2.0,No,1
465392,Male,Yes,44,Yes,Artist,8.0,High,4.0,Yes,1
465261,Female,No,21,Yes,Healthcare,0.0,Low,4.0,No,2
463349,Male,No,20,No,Healthcare,5.0,Low,5.0,No,2
461845,Female,Yes,47,Yes,Doctor,3.0,Average,5.0,Yes,4
465408,Male,No,30,No,Executive,,Low,4.0,No,2
466370,Female,,48,Yes,Artist,0.0,Low,4.0,No,4
462320,Female,Yes,51,Yes,Artist,0.0,Average,2.0,No,4
465381,Female,No,25,No,Marketing,0.0,Low,4.0,No,2
463827,Female,Yes,52,Yes,Engineer,1.0,Average,4.0,Yes,4
465907,Female,No,25,Yes,Marketing,8.0,Low,,No,0
461989,Female,,59,Yes,Engineer,0.0,Average,4.0,Yes,4
462983,Female,Yes,66,Yes,Lawyer,1.0,High,2.0,Yes,3
459156,Female,Yes,80,Yes,Lawyer,3.0,High,1.0,Yes,3
462353,Female,Yes,58,Yes,Doctor,1.0,Average,2.0,Yes,4
466615,Female,No,20,No,Healthcare,3.0,Low,3.0,No,2
459405,Female,Yes,80,No,Doctor,2.0,High,1.0,Yes,3
459355,Female,Yes,78,No,Homemaker,,Low,1.0,No,3
461446,Female,Yes,65,No,Lawyer,0.0,High,1.0,Yes,3
464131,Female,Yes,80,No,Engineer,2.0,High,1.0,Yes,3
466704,Male,Yes,53,Yes,Doctor,4.0,Average,2.0,Yes,1
465542,Female,Yes,58,No,Doctor,,Average,6.0,Yes,4
466895,Male,Yes,46,Yes,Marketing,,Low,1.0,No,3
462455,Male,No,20,No,Healthcare,1.0,Low,5.0,No,2
465406,Female,No,33,Yes,Healthcare,1.0,Low,1.0,No,0
458984,Male,Yes,39,Yes,Artist,0.0,Average,3.0,No,1
467261,Female,Yes,77,Yes,Lawyer,0.0,High,2.0,Yes,3
465022,Female,Yes,73,Yes,Lawyer,0.0,High,2.0,Yes,3
467020,Male,Yes,80,Yes,Lawyer,0.0,High,3.0,Yes,3
466703,Female,Yes,46,Yes,Homemaker,0.0,Average,,No,4
462611,Male,Yes,39,No,Executive,2.0,High,8.0,Yes,1
459148,Female,No,20,No,Healthcare,2.0,Low,3.0,No,2
459916,Male,No,36,Yes,Artist,0.0,Low,1.0,No,0
467747,Female,Yes,48,Yes,Artist,,High,3.0,Yes,4
459400,Female,No,80,No,Lawyer,0.0,High,2.0,Yes,3
462902,Male,Yes,46,No,Executive,,Average,3.0,No,1
464555,Male,Yes,29,Yes,Marketing,14.0,High,4.0,Yes,1
465089,Male,No,69,No,Executive,1.0,High,5.0,Yes,3
463638,Female,Yes,29,No,Doctor,0.0,Average,2.0,Yes,4
459057,Male,Yes,71,Yes,Lawyer,,High,,Yes,3
461630,Male,Yes,51,Yes,Artist,1.0,Average,3.0,No,1
459406,Male,Yes,72,No,Executive,0.0,High,2.0,Yes,3
466872,Male,Yes,43,Yes,Artist,1.0,Low,2.0,No,1
459135,Male,Yes,56,No,Executive,0.0,High,4.0,Yes,1
459030,Male,Yes,43,No,Executive,4.0,High,5.0,Yes,1
463426,Male,Yes,34,No,Executive,0.0,High,6.0,Yes,1
459743,Female,Yes,50,Yes,Artist,9.0,Average,4.0,No,4
465063,Female,Yes,68,Yes,Lawyer,1.0,High,2.0,Yes,3
464497,Female,No,39,No,Engineer,0.0,Low,3.0,No,2
459328,Male,Yes,51,Yes,Executive,0.0,High,3.0,Yes,1
466683,Female,Yes,49,No,Artist,1.0,Average,4.0,No,4
463311,Female,No,18,No,Healthcare,0.0,Low,5.0,No,2
464965,Male,Yes,76,No,Executive,,Low,7.0,No,1
460208,Male,No,27,No,Artist,9.0,Low,8.0,No,2
466421,Male,Yes,22,No,Doctor,4.0,Average,2.0,Yes,1
462155,Male,Yes,53,Yes,Artist,,High,2.0,Yes,1
466421,Male,Yes,21,No,Doctor,2.0,Average,4.0,Yes,1
462267,Male,No,32,,Doctor,8.0,Low,2.0,No,0
465772,Female,Yes,53,Yes,Engineer,0.0,Low,4.0,No,4
463173,Male,No,47,Yes,Artist,0.0,Low,1.0,No,0
461285,Male,No,20,No,Healthcare,,Low,3.0,No,2
459194,Female,Yes,80,Yes,Lawyer,0.0,High,3.0,Yes,3
467222,Male,Yes,74,Yes,Entertainment,1.0,Average,2.0,No,1
463140,Male,Yes,32,Yes,Engineer,6.0,Average,3.0,Yes,1
465024,Male,Yes,49,Yes,Executive,0.0,High,4.0,Yes,1
467333,Female,Yes,58,Yes,Artist,,Average,6.0,No,4
459987,Male,Yes,53,Yes,Healthcare,,High,2.0,Yes,3
461980,Male,Yes,52,Yes,Artist,2.0,Low,3.0,No,1
466793,Female,,62,Yes,Artist,4.0,Average,3.0,No,4
460277,Female,No,20,No,Entertainment,1.0,Low,5.0,No,2
466980,Male,Yes,72,Yes,Lawyer,1.0,High,2.0,Yes,3
463979,Male,Yes,53,Yes,Homemaker,3.0,High,2.0,Yes,3
460781,Female,Yes,26,No,Entertainment,0.0,High,4.0,Yes,4
466043,Female,Yes,46,Yes,Artist,1.0,Average,4.0,No,4
467637,Male,No,36,Yes,Engineer,,Low,2.0,No,0
464422,Male,No,59,No,Entertainment,,Low,1.0,No,0
467612,Male,Yes,67,Yes,Executive,1.0,Low,,No,1
465187,Female,Yes,37,No,Doctor,1.0,Average,5.0,Yes,4
459233,Female,Yes,53,Yes,Marketing,6.0,Low,1.0,No,3
460802,Male,Yes,73,Yes,Lawyer,2.0,High,2.0,Yes,3
462731,Female,Yes,45,Yes,Artist,7.0,High,3.0,Yes,4
467950,Female,No,38,Yes,Entertainment,0.0,Low,2.0,No,0
465661,Male,No,59,Yes,Entertainment,1.0,Low,1.0,No,0
466185,Male,Yes,56,Yes,Doctor,2.0,Average,5.0,Yes,1
461747,Male,Yes,71,Yes,Artist,1.0,High,3.0,Yes,1
462962,Female,Yes,37,Yes,Artist,4.0,Low,1.0,No,4
465148,Male,No,31,No,Artist,1.0,Low,,No,2
467792,Male,No,21,No,Healthcare,0.0,Low,4.0,No,2
464766,Female,Yes,54,No,Engineer,8.0,Average,4.0,Yes,4
467965,Female,No,37,Yes,Healthcare,1.0,Low,2.0,No,0
463920,Female,No,28,Yes,Homemaker,8.0,Low,1.0,No,0
466889,Male,Yes,47,Yes,Executive,1.0,High,4.0,Yes,1
466760,Male,Yes,47,Yes,Doctor,2.0,Average,3.0,Yes,1
465703,Male,Yes,25,No,Entertainment,2.0,Low,2.0,No,1
465197,Female,Yes,57,Yes,Artist,0.0,High,4.0,Yes,4
460662,Female,No,46,No,Homemaker,9.0,Low,1.0,No,0
460349,Male,,35,Yes,Artist,3.0,Average,2.0,No,1
466606,Female,Yes,35,Yes,Engineer,0.0,Low,3.0,No,4
461621,Female,Yes,87,Yes,Lawyer,0.0,High,2.0,Yes,3
463164,Male,Yes,35,Yes,Artist,8.0,Average,2.0,No,1
462143,Male,Yes,80,No,Artist,1.0,Low,2.0,No,1
463127,Male,No,80,No,Executive,,High,3.0,Yes,3
467703,Male,No,26,Yes,Healthcare,1.0,Low,5.0,No,2
461458,Female,No,40,Yes,Artist,6.0,Low,1.0,No,0
459768,Male,No,19,No,Healthcare,0.0,Low,4.0,No,2
465917,Male,No,36,Yes,Artist,13.0,Low,1.0,No,0
464335,Male,Yes,50,Yes,Executive,4.0,High,3.0,Yes,1
460962,Male,Yes,57,Yes,Executive,10.0,High,5.0,Yes,1
466287,Female,No,52,Yes,Doctor,0.0,Average,1.0,Yes,0
462771,Female,Yes,41,Yes,Marketing,,High,3.0,Yes,3
463577,Female,Yes,38,Yes,Doctor,0.0,Average,3.0,Yes,4
459258,Female,Yes,76,Yes,Lawyer,2.0,High,,Yes,3
467229,Female,No,29,Yes,Healthcare,0.0,Low,4.0,No,2
461992,Female,No,37,Yes,Doctor,1.0,Low,1.0,No,0
463066,Female,No,28,Yes,Healthcare,9.0,Low,3.0,No,0
462322,Female,No,49,Yes,Artist,1.0,Low,2.0,No,0
463022,Male,Yes,57,Yes,Executive,6.0,High,2.0,Yes,1
465106,Male,Yes,53,Yes,Executive,1.0,High,2.0,Yes,1
462340,Male,Yes,62,No,Entertainment,1.0,Average,6.0,No,1
467335,Female,Yes,41,No,Engineer,5.0,Average,3.0,Yes,4
466817,Male,Yes,80,No,Lawyer,0.0,High,2.0,Yes,3
463533,Female,Yes,87,Yes,Artist,1.0,High,2.0,Yes,4
463629,Male,No,41,Yes,Artist,1.0,Low,1.0,No,0
465884,Male,No,40,Yes,Executive,4.0,High,3.0,Yes,1
459997,Male,No,43,Yes,Entertainment,1.0,Low,2.0,No,0
460484,Female,No,23,No,Healthcare,4.0,Low,7.0,No,2
467500,Female,Yes,27,Yes,Artist,6.0,High,3.0,Yes,4
462067,Male,No,32,No,Doctor,9.0,Low,4.0,No,2
462612,Male,Yes,33,No,Doctor,,High,7.0,Yes,1
459913,Female,Yes,51,No,Healthcare,0.0,High,3.0,Yes,3
460456,Male,Yes,36,No,Executive,0.0,High,4.0,Yes,1
464340,Male,Yes,62,Yes,Artist,0.0,High,2.0,Yes,1
463334,Female,No,33,Yes,Doctor,0.0,Low,6.0,No,2
463045,Female,Yes,32,Yes,Homemaker,13.0,High,7.0,Yes,4
459149,Male,Yes,43,No,Executive,0.0,High,4.0,Yes,1
466460,Male,Yes,85,No,Lawyer,1.0,Low,1.0,No,3
467303,Male,Yes,39,Yes,Doctor,3.0,Average,1.0,Yes,1
462308,Male,Yes,29,Yes,Healthcare,3.0,High,2.0,Yes,1
464518,Male,Yes,34,Yes,Executive,1.0,High,3.0,Yes,1
464215,Male,No,72,No,Marketing,1.0,Low,2.0,No,3
459071,Male,No,28,Yes,Healthcare,5.0,Low,4.0,No,2
459362,Male,Yes,55,No,Executive,0.0,Low,2.0,No,1
461344,Male,Yes,43,No,Healthcare,6.0,High,2.0,Yes,1
465669,Female,Yes,37,No,Entertainment,2.0,Average,4.0,No,4
459759,Female,Yes,38,Yes,Artist,0.0,Average,3.0,No,4
462502,Male,No,39,No,Entertainment,0.0,Low,4.0,No,2
462420,Male,No,27,Yes,Healthcare,1.0,Low,3.0,No,2
464144,Male,Yes,60,Yes,Artist,0.0,Average,4.0,No,1
461326,Female,No,36,Yes,Artist,1.0,Low,1.0,No,0
467325,Female,Yes,72,Yes,Lawyer,1.0,High,2.0,Yes,3
464540,Female,Yes,42,Yes,Engineer,1.0,Average,4.0,Yes,4
466522,Male,,18,No,,6.0,High,4.0,Yes,1
461874,Male,Yes,49,Yes,Doctor,0.0,Average,4.0,Yes,1
461952,Female,Yes,18,No,Artist,,High,3.0,Yes,4
467524,Male,No,20,No,Healthcare,,Low,5.0,No,2
465338,Male,Yes,47,Yes,Artist,13.0,Average,4.0,No,1
467585,Male,Yes,40,Yes,Healthcare,6.0,High,2.0,Yes,1
463019,Male,Yes,50,Yes,Executive,0.0,High,4.0,Yes,1
459964,Male,No,47,Yes,Marketing,1.0,Low,1.0,No,0
459175,Female,Yes,70,Yes,Artist,1.0,Average,2.0,No,4
463090,Female,Yes,51,No,Engineer,5.0,Average,2.0,Yes,4
466002,Male,Yes,51,Yes,Doctor,0.0,High,3.0,Yes,1
466172,Male,Yes,53,Yes,Artist,3.0,Average,3.0,No,1
460098,Female,Yes,62,Yes,Engineer,1.0,Low,1.0,No,4
461032,Male,Yes,65,No,Lawyer,1.0,High,3.0,Yes,3
459115,Female,No,21,No,Marketing,1.0,Low,5.0,No,2
464547,Male,No,41,Yes,Artist,0.0,Low,2.0,No,0
461036,Female,No,21,No,Healthcare,1.0,Low,3.0,No,2
462830,Male,No,21,No,Healthcare,,Low,1.0,No,2
459767,Male,No,21,No,Healthcare,4.0,Low,4.0,No,2
466039,Female,No,29,No,Entertainment,0.0,Low,,No,2
463850,Male,Yes,25,No,Entertainment,0.0,High,1.0,Yes,1
461167,Male,Yes,31,Yes,Marketing,2.0,High,1.0,Yes,3
461185,Female,No,22,No,Healthcare,,Low,4.0,No,2
467671,Female,Yes,52,Yes,Artist,9.0,Low,4.0,No,4
463167,Male,Yes,35,No,Doctor,0.0,Average,4.0,Yes,1
459087,Female,No,21,No,Doctor,0.0,Low,3.0,No,2
463964,Male,No,33,No,Healthcare,1.0,Low,4.0,No,2
465560,Male,Yes,60,Yes,Entertainment,1.0,Average,5.0,No,1
460982,Male,Yes,75,No,Lawyer,2.0,High,3.0,Yes,3
464496,Male,Yes,42,No,Marketing,3.0,High,4.0,Yes,3
461542,Male,No,26,Yes,Artist,5.0,Low,1.0,No,0
467623,Male,Yes,78,Yes,,2.0,High,1.0,Yes,1
464420,Female,Yes,60,Yes,Artist,8.0,High,2.0,Yes,4
462607,Female,,37,No,Engineer,2.0,Average,3.0,Yes,4
459346,Male,Yes,47,Yes,Executive,0.0,Average,5.0,No,1
467311,Male,Yes,72,Yes,Lawyer,0.0,High,3.0,Yes,3
465711,Male,Yes,51,Yes,Artist,0.0,Average,,No,1
459161,Male,No,51,Yes,Executive,4.0,High,4.0,Yes,1
467745,Male,Yes,50,Yes,Artist,3.0,Average,4.0,No,1
460819,Female,Yes,27,No,Marketing,1.0,High,5.0,Yes,4
464889,Male,Yes,41,No,Executive,1.0,Low,7.0,No,2
462644,Male,Yes,30,No,Engineer,,Average,4.0,Yes,1
466896,Male,Yes,52,No,Artist,7.0,Low,1.0,No,1
459629,Female,Yes,47,Yes,Entertainment,3.0,Average,2.0,No,4
460624,Male,Yes,57,Yes,Homemaker,5.0,High,2.0,Yes,3
461522,Male,Yes,79,No,Executive,2.0,High,3.0,Yes,3
465349,Female,Yes,46,Yes,Artist,1.0,High,5.0,Yes,4
462731,Female,Yes,43,Yes,Artist,5.0,High,3.0,Yes,4
464867,Female,Yes,43,Yes,Doctor,2.0,Average,2.0,Yes,4
465984,Female,Yes,27,No,Healthcare,9.0,High,5.0,Yes,4
460236,Male,No,18,No,Healthcare,8.0,Low,4.0,No,2
463832,Female,No,32,No,Marketing,,Low,,No,2
462780,Male,Yes,21,No,Healthcare,1.0,High,8.0,Yes,1
463356,Male,No,29,Yes,Healthcare,5.0,Low,4.0,No,2
459557,Female,Yes,32,No,Entertainment,1.0,High,,Yes,4
465458,Female,Yes,79,Yes,Artist,3.0,High,2.0,Yes,4
467295,Male,No,29,No,Healthcare,0.0,Low,3.0,No,2
461103,Female,No,30,No,Engineer,1.0,Low,5.0,No,2
462300,Male,Yes,50,Yes,Artist,1.0,Average,3.0,No,1
460568,Male,Yes,29,Yes,Homemaker,2.0,High,3.0,Yes,1
465030,Male,Yes,39,Yes,Executive,11.0,High,3.0,Yes,1
459731,Female,Yes,58,Yes,Artist,0.0,High,3.0,Yes,4
463634,Female,No,30,Yes,Doctor,0.0,Low,3.0,No,0
466410,Female,Yes,56,Yes,Artist,0.0,Low,1.0,No,4
464116,Female,Yes,69,Yes,Marketing,1.0,Low,2.0,No,3
467064,Male,Yes,37,No,Doctor,0.0,Average,1.0,Yes,1
466951,Female,Yes,49,Yes,Artist,1.0,High,2.0,Yes,4
461056,Female,Yes,57,Yes,Artist,0.0,High,3.0,Yes,4
464077,Female,Yes,59,Yes,Artist,5.0,High,2.0,Yes,4
460305,Female,,49,Yes,Entertainment,1.0,High,1.0,Yes,4
461793,Male,No,20,No,Marketing,0.0,Low,2.0,No,2
462011,Male,Yes,29,No,Marketing,1.0,Low,4.0,No,2
467168,Male,Yes,46,Yes,Artist,8.0,Average,2.0,No,1
461225,Female,No,32,No,Marketing,11.0,Low,6.0,No,2
465555,Female,Yes,68,No,Lawyer,,High,1.0,Yes,3
467860,Female,No,33,Yes,Entertainment,0.0,Low,1.0,No,0
461459,Female,Yes,35,Yes,Artist,0.0,Low,3.0,No,4
464192,Female,No,64,No,Lawyer,0.0,High,3.0,Yes,3
463532,Female,Yes,67,Yes,Artist,9.0,Low,3.0,No,4
465012,Male,Yes,62,No,Executive,0.0,High,4.0,Yes,3
461522,Male,Yes,83,No,Executive,1.0,High,2.0,Yes,3
463679,Male,No,31,No,Healthcare,,Low,8.0,No,2
463428,Male,No,31,No,Executive,0.0,High,4.0,Yes,2
459270,Male,Yes,67,Yes,Homemaker,0.0,High,3.0,Yes,3
462255,Male,Yes,77,Yes,Executive,1.0,High,3.0,Yes,3
464266,Male,No,28,No,Doctor,8.0,Low,3.0,No,2
463912,Female,Yes,36,No,Artist,1.0,Average,4.0,No,4
461448,Male,Yes,64,Yes,Doctor,0.0,High,2.0,Yes,1
460633,Male,Yes,35,No,,,High,3.0,Yes,1
463550,Female,Yes,38,Yes,Artist,1.0,Average,2.0,No,4
459861,Female,Yes,80,No,Lawyer,0.0,High,3.0,Yes,3
465640,Male,Yes,50,Yes,Artist,7.0,Average,2.0,No,1
463738,Male,Yes,43,No,Executive,0.0,High,4.0,Yes,1
466752,Male,Yes,37,Yes,Healthcare,0.0,Low,1.0,No,1
461198,Female,No,89,Yes,Lawyer,,Low,1.0,No,3
462879,Male,Yes,79,Yes,Lawyer,1.0,High,2.0,Yes,3
467707,Male,Yes,80,Yes,Lawyer,5.0,High,3.0,Yes,3
463891,Male,Yes,75,Yes,Lawyer,1.0,Low,1.0,No,3
459772,Female,Yes,69,Yes,Artist,2.0,Average,9.0,No,4
465416,Male,Yes,51,No,Engineer,0.0,High,3.0,Yes,1
466701,Male,Yes,48,Yes,Homemaker,10.0,Low,3.0,No,1
466821,Male,No,30,Yes,Healthcare,0.0,Low,,No,2
462471,Male,No,30,Yes,Artist,1.0,Low,1.0,No,0
466422,Male,Yes,33,No,Doctor,0.0,Low,4.0,No,1
460502,Male,Yes,50,Yes,Engineer,0.0,Average,4.0,Yes,1
464924,Male,Yes,28,No,Entertainment,,High,6.0,Yes,1
466289,Male,No,19,No,Healthcare,2.0,Low,5.0,No,2
460303,Female,No,43,Yes,Artist,2.0,Low,1.0,No,0
463701,Male,Yes,54,Yes,Marketing,0.0,High,4.0,Yes,3
467408,Male,Yes,47,Yes,Artist,0.0,Average,4.0,No,1
459839,Male,Yes,49,No,Engineer,1.0,Average,4.0,Yes,1
460102,Male,Yes,48,Yes,Artist,8.0,High,1.0,Yes,1
461053,Male,Yes,39,No,Executive,,High,4.0,Yes,1
462353,Female,Yes,63,Yes,Doctor,1.0,Average,3.0,Yes,4
462030,Male,No,36,Yes,Artist,11.0,Low,2.0,No,0
459804,Male,No,49,No,Artist,3.0,High,4.0,Yes,1
463502,Female,Yes,39,Yes,Executive,,High,5.0,Yes,4
463803,Female,No,30,Yes,Entertainment,0.0,Low,2.0,No,0
465290,Male,Yes,46,Yes,Executive,1.0,High,5.0,Yes,1
459741,Male,Yes,67,No,Lawyer,0.0,High,4.0,Yes,3
464969,Female,Yes,65,No,Lawyer,0.0,High,9.0,Yes,3
462306,Female,Yes,79,No,Lawyer,7.0,High,3.0,Yes,3
466029,Female,No,28,No,Executive,0.0,Low,1.0,No,2
461855,Female,Yes,52,Yes,Artist,1.0,Average,2.0,No,4
464797,Female,Yes,42,No,Engineer,7.0,Average,5.0,Yes,4
463126,Female,Yes,65,Yes,Artist,3.0,Average,2.0,No,4
460089,Female,Yes,65,Yes,Artist,13.0,Low,1.0,No,4
463501,Male,Yes,48,Yes,Executive,1.0,High,3.0,Yes,1
466760,Male,Yes,52,Yes,Doctor,0.0,Average,3.0,Yes,1
461059,Female,Yes,48,No,Lawyer,1.0,High,2.0,Yes,3
459883,Male,No,63,Yes,Artist,0.0,Low,1.0,No,0
464192,Female,Yes,66,No,Lawyer,0.0,High,3.0,Yes,3
462372,Female,Yes,67,No,Lawyer,,High,1.0,Yes,3
462375,Male,Yes,53,Yes,Artist,1.0,Average,3.0,No,1
463187,Female,Yes,51,Yes,Artist,8.0,Low,2.0,No,4
460455,Female,Yes,28,Yes,Homemaker,9.0,Average,2.0,No,4
460036,Male,Yes,40,Yes,,3.0,Low,1.0,No,1
464437,Female,Yes,47,Yes,Engineer,0.0,Average,3.0,Yes,4
465913,Female,Yes,29,Yes,Artist,10.0,Low,2.0,No,4
459046,Male,Yes,57,Yes,Executive,,Low,4.0,No,1
464407,Female,Yes,50,Yes,Healthcare,1.0,Low,3.0,No,4
467830,Male,No,31,Yes,Entertainment,1.0,Low,3.0,No,0
459492,Female,Yes,74,Yes,Lawyer,0.0,High,2.0,Yes,3
466906,Male,No,59,Yes,Artist,1.0,Low,2.0,No,0
461608,Female,Yes,55,Yes,Executive,,High,4.0,Yes,4
462972,Female,Yes,62,Yes,Artist,1.0,Low,1.0,No,4
461412,Female,Yes,39,Yes,Artist,5.0,High,4.0,Yes,4
464394,Male,Yes,75,Yes,Lawyer,0.0,High,2.0,Yes,3
467163,Male,No,32,No,Healthcare,9.0,Low,3.0,No,2
467614,Male,Yes,35,No,Artist,4.0,Average,2.0,No,1
467009,Female,No,29,No,Homemaker,2.0,Low,4.0,No,2
467262,Female,Yes,77,No,Lawyer,1.0,High,2.0,Yes,3
460429,Female,No,32,Yes,Engineer,9.0,Low,1.0,No,0
466433,Male,Yes,43,Yes,Entertainment,8.0,Low,2.0,No,1
459263,Female,No,32,No,Healthcare,8.0,Low,4.0,No,2
467739,Female,Yes,63,No,Artist,1.0,Average,4.0,No,4
463816,Male,Yes,53,Yes,Healthcare,3.0,High,4.0,Yes,1
467605,Female,Yes,40,Yes,Engineer,2.0,Average,8.0,Yes,4
467411,Male,Yes,51,Yes,Artist,1.0,High,2.0,Yes,1
464700,Male,No,25,No,Doctor,2.0,Low,,No,2
460458,Female,No,41,No,Marketing,1.0,Low,,No,2
461563,Female,Yes,58,Yes,Artist,2.0,High,2.0,Yes,4
459400,Female,Yes,80,Yes,Lawyer,0.0,High,2.0,Yes,3
462633,Female,,28,Yes,Doctor,,High,8.0,Yes,4
460641,Male,,53,Yes,Artist,,Average,3.0,No,1
464403,Female,No,61,Yes,Lawyer,1.0,High,2.0,Yes,3
463382,Female,No,51,Yes,Engineer,4.0,High,2.0,Yes,0
465181,Female,No,33,Yes,Healthcare,8.0,Low,1.0,No,0
464394,Male,Yes,75,Yes,Lawyer,0.0,High,3.0,Yes,3
461970,Female,No,38,Yes,Artist,9.0,Low,1.0,No,0
467543,Male,Yes,67,Yes,Lawyer,0.0,High,3.0,Yes,3
463022,Male,Yes,63,No,Executive,4.0,High,3.0,Yes,1
459470,Male,No,29,Yes,Healthcare,9.0,Low,6.0,No,2
464749,Female,Yes,47,No,Engineer,9.0,Average,4.0,Yes,4
461872,Female,Yes,77,Yes,Lawyer,0.0,High,2.0,Yes,3
461623,Female,Yes,41,Yes,Artist,11.0,Average,2.0,No,4
465026,Female,No,31,No,Doctor,1.0,Low,2.0,No,0
465694,Male,Yes,37,Yes,Healthcare,1.0,Average,2.0,No,1
466941,Male,Yes,77,Yes,Lawyer,,High,3.0,Yes,3
459245,Female,Yes,41,No,Engineer,1.0,Average,3.0,Yes,4
461790,Male,Yes,70,Yes,Artist,0.0,High,2.0,Yes,1
465852,Male,Yes,39,Yes,Doctor,1.0,Low,2.0,No,1
459639,Female,Yes,56,Yes,Artist,,Low,1.0,No,4
464943,Male,Yes,40,No,Engineer,1.0,Average,7.0,Yes,1
461431,Male,Yes,45,Yes,Doctor,1.0,Average,3.0,Yes,1
467555,Male,No,27,No,Entertainment,14.0,Low,3.0,No,2
465519,Female,Yes,73,No,Lawyer,1.0,High,2.0,Yes,3
466818,Male,Yes,80,No,Executive,0.0,High,1.0,Yes,3
460695,Male,Yes,74,Yes,Lawyer,1.0,Low,1.0,No,3
459733,Male,Yes,48,Yes,Executive,0.0,High,4.0,Yes,1
463542,Female,Yes,26,No,Artist,4.0,High,6.0,Yes,4
459794,Male,Yes,52,Yes,Artist,0.0,Low,2.0,No,1
459429,Female,Yes,25,Yes,Healthcare,,Low,2.0,No,4
460960,Male,Yes,48,Yes,Entertainment,6.0,Low,2.0,No,1
465506,Male,Yes,43,Yes,Entertainment,1.0,Average,4.0,No,1
466939,Male,Yes,68,No,Lawyer,2.0,High,3.0,Yes,3
462348,Female,Yes,71,Yes,Lawyer,0.0,High,1.0,Yes,3
463376,Female,Yes,45,Yes,Executive,7.0,High,2.0,Yes,4
462169,Female,Yes,40,Yes,Artist,1.0,High,3.0,Yes,4
463375,Female,Yes,45,Yes,Doctor,0.0,Low,1.0,No,4
463753,Female,No,30,Yes,Healthcare,0.0,Low,5.0,No,2
461802,Male,No,37,Yes,Artist,1.0,Low,4.0,No,0
464335,Male,No,51,Yes,Executive,2.0,High,4.0,Yes,1
463215,Female,Yes,37,Yes,Engineer,0.0,High,2.0,Yes,4
460939,Female,Yes,87,Yes,Lawyer,0.0,Low,2.0,No,3
462494,Female,No,36,Yes,Artist,8.0,Low,4.0,No,0
462598,Female,Yes,43,No,Doctor,9.0,Average,6.0,Yes,4
459985,Female,No,39,Yes,Doctor,8.0,Low,2.0,No,0
467947,Female,,59,Yes,Artist,1.0,Average,4.0,No,4
461784,Female,Yes,88,Yes,Lawyer,0.0,Low,1.0,No,3
460372,Male,Yes,37,Yes,Artist,4.0,Average,2.0,No,1
466695,Female,Yes,31,Yes,Entertainment,1.0,Low,1.0,No,4
461504,Female,Yes,49,Yes,Artist,9.0,Low,2.0,No,4
459242,Male,Yes,65,Yes,Executive,0.0,Low,4.0,No,1
459007,Female,Yes,42,Yes,Artist,1.0,Average,3.0,No,4
464244,Male,Yes,69,No,Executive,1.0,High,4.0,Yes,3
461521,Male,Yes,67,Yes,Artist,0.0,High,2.0,Yes,1
462804,Male,Yes,42,No,Executive,4.0,High,4.0,Yes,1
462579,Female,Yes,68,No,Lawyer,1.0,Low,2.0,No,3
467717,Male,Yes,61,No,Engineer,0.0,High,4.0,Yes,1
466382,Female,Yes,48,Yes,Engineer,2.0,High,3.0,Yes,4
462096,Female,No,43,Yes,Homemaker,,Low,1.0,No,0
464982,Male,Yes,66,Yes,Executive,0.0,High,5.0,Yes,1
460193,Male,No,42,Yes,Entertainment,3.0,Low,2.0,No,0
463452,Male,Yes,74,Yes,Lawyer,0.0,High,2.0,Yes,3
461475,Female,Yes,56,Yes,Doctor,0.0,Average,2.0,Yes,4
466628,Male,No,32,No,Healthcare,8.0,Low,4.0,No,2
466507,Male,Yes,51,Yes,Entertainment,1.0,Average,5.0,No,1
460928,Male,Yes,45,Yes,Artist,0.0,Average,4.0,No,1
466071,Female,Yes,60,Yes,Artist,2.0,Low,3.0,No,4
465093,Male,Yes,55,Yes,Doctor,0.0,Low,1.0,No,1
464836,Female,,37,No,Engineer,9.0,High,5.0,Yes,4
467688,Female,Yes,47,Yes,Engineer,0.0,Average,3.0,Yes,4
466917,Male,Yes,43,No,Executive,3.0,Low,,No,1
463570,Male,Yes,35,Yes,Artist,,Average,4.0,No,1
460373,Male,No,20,No,Healthcare,2.0,Low,3.0,No,2
467482,Male,Yes,42,Yes,Executive,0.0,High,4.0,Yes,1
467285,Female,Yes,54,No,Executive,,High,3.0,Yes,4
460819,Female,Yes,20,No,Marketing,2.0,High,6.0,Yes,2
461509,Male,Yes,40,Yes,Artist,1.0,Average,3.0,No,1
462283,Male,No,25,No,Healthcare,4.0,Low,5.0,No,2
460786,Male,Yes,75,No,Lawyer,0.0,High,1.0,Yes,3
467468,Female,No,27,No,Healthcare,,Low,5.0,No,2
466025,Female,No,50,No,Engineer,1.0,Low,1.0,No,0
466067,Male,Yes,69,Yes,Artist,0.0,Average,5.0,No,1
465822,Female,Yes,53,Yes,Engineer,0.0,Average,6.0,Yes,4
463501,Male,Yes,53,Yes,Executive,0.0,High,1.0,Yes,1
462246,Female,Yes,84,No,Lawyer,1.0,High,2.0,Yes,3
460790,Female,Yes,42,Yes,Artist,0.0,High,2.0,Yes,4
460992,Male,No,60,No,Executive,1.0,High,5.0,Yes,2
461938,Female,No,33,Yes,Engineer,9.0,Low,2.0,No,0
459133,Male,No,23,No,Entertainment,1.0,Low,3.0,No,2
461089,Male,No,20,No,Marketing,0.0,Low,3.0,No,2
465011,Male,Yes,62,Yes,Executive,1.0,High,2.0,Yes,3
464077,Female,Yes,60,Yes,Artist,4.0,High,2.0,Yes,4
461091,Female,Yes,37,Yes,Artist,3.0,Average,3.0,No,4
461760,Male,Yes,79,No,Artist,0.0,High,3.0,Yes,1
466415,Male,Yes,71,No,Marketing,1.0,Low,1.0,No,3
463209,Female,No,51,Yes,Artist,0.0,Low,1.0,No,0
458995,Male,Yes,60,No,Executive,2.0,High,5.0,Yes,1
463814,Female,No,26,No,Healthcare,6.0,Low,3.0,No,2
465480,Female,Yes,37,No,Doctor,1.0,High,1.0,Yes,4
461988,Male,No,33,No,Engineer,0.0,Average,1.0,Yes,2
459737,Female,Yes,81,Yes,Lawyer,8.0,High,2.0,Yes,3
464555,Male,Yes,31,Yes,Marketing,13.0,High,4.0,Yes,1
463244,Female,Yes,45,No,Doctor,1.0,Low,1.0,No,4
463014,Male,Yes,53,Yes,Executive,0.0,High,3.0,Yes,1
461626,Male,No,68,Yes,Executive,1.0,High,1.0,Yes,3
461783,Male,,72,,Lawyer,0.0,High,,Yes,3
466440,Male,Yes,25,No,Executive,3.0,High,10.0,Yes,1
461011,Male,Yes,51,No,Executive,3.0,High,4.0,Yes,1
460298,Female,No,52,Yes,Lawyer,4.0,Low,1.0,No,0
463640,Male,No,28,Yes,Healthcare,1.0,Low,3.0,No,0
462442,Male,No,19,No,Healthcare,0.0,Low,4.0,No,2
467307,Male,Yes,60,Yes,Executive,0.0,High,2.0,Yes,3
459042,Female,Yes,41,Yes,Engineer,1.0,Average,3.0,Yes,4
461954,Female,Yes,33,No,Engineer,1.0,Average,6.0,Yes,4
460605,Female,Yes,28,Yes,Doctor,10.0,Average,3.0,Yes,4
461737,Female,Yes,50,Yes,Doctor,2.0,Average,7.0,Yes,4
462933,Male,Yes,52,,Entertainment,,High,6.0,Yes,1
464433,Male,No,33,Yes,Artist,,Low,,No,0
462653,Male,Yes,48,Yes,Executive,0.0,Average,4.0,No,1
461296,Female,Yes,83,Yes,Lawyer,0.0,High,2.0,Yes,3
464297,Male,No,26,No,Artist,8.0,Low,5.0,No,2
462409,Female,Yes,26,No,Engineer,7.0,Low,2.0,No,4
467762,Female,No,39,Yes,Engineer,0.0,Low,4.0,No,0
466659,Male,Yes,60,Yes,Doctor,1.0,High,2.0,Yes,1
467398,Male,Yes,37,No,Entertainment,1.0,Low,2.0,No,1
461924,Female,Yes,80,No,Lawyer,3.0,High,4.0,Yes,3
462360,Female,Yes,62,Yes,Artist,3.0,Low,2.0,No,4
467470,Male,Yes,48,Yes,Engineer,2.0,Average,3.0,Yes,1
467311,Male,Yes,67,Yes,Lawyer,1.0,High,3.0,Yes,3
466127,Male,Yes,50,Yes,Doctor,3.0,Average,3.0,Yes,1
464698,Male,Yes,82,Yes,Lawyer,0.0,Low,,No,3
464522,Female,No,42,Yes,Engineer,11.0,Low,1.0,No,0
459640,Female,Yes,75,Yes,Doctor,,High,1.0,Yes,4
464109,Male,Yes,47,No,Entertainment,0.0,Average,3.0,No,1
465856,Male,Yes,38,Yes,Artist,9.0,High,2.0,Yes,1
459460,Male,No,55,No,Lawyer,,Low,1.0,No,2
464108,Female,Yes,59,Yes,Engineer,2.0,Average,4.0,Yes,4
459093,Female,Yes,36,No,Doctor,10.0,Average,3.0,Yes,4
460279,Female,Yes,27,No,Entertainment,6.0,High,2.0,Yes,4
461839,Male,Yes,58,Yes,Artist,1.0,Average,2.0,No,1
462038,Male,No,31,Yes,Artist,4.0,Low,4.0,No,0
459252,Male,Yes,67,Yes,Lawyer,0.0,High,2.0,Yes,3
463410,Male,Yes,37,No,Doctor,,Average,2.0,Yes,1
462608,Female,No,71,No,Engineer,1.0,Low,1.0,No,0
462021,Male,Yes,35,No,Engineer,1.0,Low,6.0,No,2
465299,Male,Yes,58,Yes,Executive,,High,3.0,Yes,1
464526,Male,Yes,52,Yes,Entertainment,1.0,Average,4.0,No,1
464813,Male,Yes,41,No,Engineer,4.0,Average,4.0,Yes,1
464929,Male,Yes,66,No,Doctor,0.0,Average,3.0,Yes,1
459420,Female,Yes,70,Yes,Lawyer,0.0,Low,2.0,No,3
459534,Male,Yes,36,Yes,Artist,0.0,Average,2.0,No,1
467543,Male,No,73,Yes,Lawyer,0.0,High,2.0,Yes,3
463227,Female,No,32,Yes,Engineer,3.0,Average,2.0,Yes,0
460253,Male,Yes,52,Yes,Artist,4.0,Average,2.0,No,1
459151,Male,Yes,60,Yes,Lawyer,9.0,Low,2.0,No,1
465232,Male,Yes,58,Yes,Executive,2.0,High,5.0,Yes,1
464713,Female,Yes,73,Yes,Artist,0.0,High,5.0,Yes,4
461774,Female,Yes,80,Yes,Lawyer,2.0,High,4.0,Yes,3
460039,Male,Yes,27,Yes,Healthcare,5.0,Low,5.0,No,1
465356,Female,,46,No,Artist,2.0,High,5.0,Yes,4
463347,Male,Yes,49,Yes,Artist,1.0,Average,4.0,No,1
464513,Male,Yes,38,Yes,Executive,6.0,High,3.0,Yes,1
464236,Male,Yes,62,Yes,Artist,2.0,High,3.0,Yes,1
462208,Female,Yes,29,No,Engineer,9.0,Average,4.0,Yes,4
467915,Female,No,23,No,Doctor,0.0,Low,4.0,No,2
462370,Male,Yes,35,Yes,Executive,4.0,High,3.0,Yes,1
462985,Male,Yes,27,Yes,Doctor,11.0,Average,3.0,Yes,1
467123,Female,Yes,50,Yes,Executive,4.0,High,3.0,Yes,4
464821,Female,Yes,56,No,,0.0,Low,1.0,No,4
466191,Male,Yes,43,Yes,Executive,0.0,High,2.0,Yes,1
464342,Female,Yes,46,Yes,Engineer,1.0,Average,2.0,Yes,4
466353,Female,Yes,42,Yes,Engineer,0.0,Average,3.0,Yes,4
462376,Male,Yes,75,No,Executive,0.0,High,3.0,Yes,3
460169,Female,Yes,80,Yes,Lawyer,0.0,High,3.0,Yes,3
459084,Male,Yes,52,No,Executive,0.0,High,1.0,Yes,3
463148,Male,Yes,64,Yes,Marketing,3.0,High,6.0,Yes,3
461356,Male,No,25,Yes,Entertainment,0.0,Low,2.0,No,0
464804,Male,Yes,27,No,Entertainment,0.0,Low,1.0,No,1
466384,Female,Yes,72,Yes,Engineer,0.0,High,2.0,Yes,4
459472,Female,Yes,73,No,Lawyer,,High,3.0,Yes,3
467658,Male,No,20,No,Healthcare,0.0,Low,4.0,No,2
467197,Male,No,27,Yes,Healthcare,1.0,Low,3.0,No,2
463719,Female,No,26,No,Doctor,0.0,Low,1.0,No,0
462333,Female,Yes,40,Yes,Artist,1.0,Low,1.0,No,4
463975,Female,No,30,No,Healthcare,8.0,Low,4.0,No,2
466632,Female,Yes,62,Yes,Artist,1.0,High,3.0,Yes,4
460811,Female,Yes,50,Yes,Engineer,0.0,High,1.0,Yes,4
463190,Female,Yes,61,Yes,Artist,0.0,Average,2.0,No,4
464015,Female,No,42,Yes,Artist,,Low,2.0,No,0
462236,Male,No,35,Yes,Entertainment,13.0,Low,2.0,No,0
462043,Male,No,33,No,Healthcare,0.0,Low,5.0,No,2
466809,Female,Yes,33,Yes,Entertainment,0.0,Low,5.0,No,4
460128,Male,Yes,25,Yes,Healthcare,8.0,Low,2.0,No,1
464763,Female,Yes,49,No,Engineer,,Average,4.0,Yes,4
466063,Female,Yes,48,Yes,Entertainment,0.0,Low,1.0,No,4
461735,Male,No,62,Yes,Lawyer,0.0,High,3.0,Yes,3
463088,Female,Yes,80,Yes,Lawyer,0.0,High,3.0,Yes,3
465884,Male,Yes,41,Yes,Executive,4.0,High,3.0,Yes,1
467435,Female,No,30,No,Artist,0.0,Low,,No,2
463712,Female,Yes,38,Yes,Doctor,1.0,Average,2.0,Yes,4
459613,Male,No,40,Yes,Healthcare,,Low,2.0,No,0
466305,Male,No,31,No,Healthcare,1.0,Low,3.0,No,2
460854,Female,No,22,No,Marketing,1.0,Low,2.0,No,2
459763,Male,No,18,No,Artist,,Low,4.0,No,2
461523,Male,Yes,78,Yes,Lawyer,0.0,High,5.0,Yes,3
460265,Male,Yes,52,Yes,Executive,1.0,High,4.0,Yes,1
467247,Female,No,26,No,Engineer,0.0,Low,2.0,No,2
463868,Male,Yes,49,No,Engineer,2.0,Average,7.0,Yes,1
465633,Male,Yes,80,Yes,Executive,,High,1.0,Yes,3
465227,Male,No,23,No,Healthcare,6.0,Low,3.0,No,2
466378,Male,Yes,58,No,Executive,4.0,High,3.0,Yes,1
467125,Male,Yes,46,No,Entertainment,1.0,Average,4.0,No,1
463194,Female,Yes,48,Yes,Artist,0.0,Average,2.0,No,4
466136,Female,No,19,Yes,Artist,0.0,Low,2.0,No,0
464980,Female,,60,No,Engineer,1.0,High,2.0,Yes,4
465486,Female,Yes,58,No,Artist,3.0,High,1.0,Yes,4
462146,Male,Yes,73,Yes,Lawyer,0.0,High,4.0,Yes,3
466095,Female,,27,Yes,Healthcare,1.0,Low,6.0,No,4
463647,Female,No,38,Yes,Engineer,1.0,Low,1.0,No,0
466112,Male,Yes,51,Yes,Entertainment,1.0,Average,2.0,No,1
466722,Male,Yes,39,No,Executive,0.0,High,2.0,Yes,1
466715,Male,Yes,75,Yes,Executive,1.0,High,4.0,Yes,3
459415,Male,No,26,No,Doctor,0.0,Low,4.0,No,2
463312,Male,Yes,40,No,Engineer,3.0,Low,1.0,No,1
463848,Male,Yes,48,Yes,Artist,1.0,Average,4.0,No,1
463160,Female,No,48,No,Entertainment,,Low,1.0,No,0
467406,Male,No,37,Yes,Entertainment,9.0,Low,1.0,No,0
463924,Female,No,40,Yes,Artist,1.0,Low,1.0,No,0
466566,Male,No,43,Yes,Artist,1.0,Low,1.0,No,0
460739,Male,Yes,46,Yes,Executive,,High,5.0,Yes,1
465308,Female,No,22,No,Doctor,1.0,Low,4.0,No,2
461518,Female,Yes,46,Yes,Artist,0.0,Average,4.0,No,4
467973,Female,Yes,66,Yes,Engineer,0.0,Average,3.0,Yes,4
461272,Male,Yes,67,Yes,Artist,0.0,Low,1.0,No,1
461412,Female,Yes,36,Yes,Artist,4.0,High,4.0,Yes,4
465827,Male,No,27,No,,2.0,Low,7.0,No,2
461355,Female,No,38,Yes,Healthcare,0.0,Low,2.0,No,0
462402,Female,Yes,37,No,Entertainment,1.0,Average,2.0,No,4
460113,Male,Yes,67,Yes,Artist,1.0,Average,2.0,No,1
461939,Female,Yes,36,Yes,Entertainment,1.0,Average,4.0,No,4
461011,Male,Yes,51,No,Executive,1.0,High,5.0,Yes,1
466585,Male,No,18,No,Marketing,1.0,Low,4.0,No,2
461059,Female,Yes,51,No,Lawyer,0.0,High,2.0,Yes,3
463948,Female,Yes,37,No,Executive,4.0,High,6.0,Yes,4
467069,Female,No,29,No,Healthcare,0.0,Low,3.0,No,2
466576,Female,No,20,No,Healthcare,0.0,Low,4.0,No,2
459271,Female,No,55,Yes,Artist,1.0,Low,1.0,No,0
466945,Male,Yes,61,Yes,Artist,0.0,Average,2.0,No,1
465287,Male,No,23,No,Healthcare,0.0,Low,4.0,No,2
459861,Female,Yes,80,No,Lawyer,1.0,High,1.0,Yes,3
466513,Female,Yes,55,Yes,Artist,1.0,Average,3.0,No,4
462103,Male,Yes,48,No,Entertainment,7.0,High,3.0,Yes,1
459905,Female,Yes,36,Yes,Artist,5.0,Low,2.0,No,4
461131,Male,Yes,68,Yes,Artist,0.0,High,,Yes,1
464681,Female,Yes,25,No,Engineer,4.0,Average,5.0,Yes,4
465538,Male,No,58,No,,5.0,High,1.0,Yes,1
459076,Male,Yes,74,No,Doctor,0.0,Average,3.0,Yes,1
461475,Female,Yes,51,Yes,Doctor,1.0,Average,3.0,Yes,4
464962,Female,Yes,52,Yes,Executive,0.0,High,3.0,Yes,4
467716,Male,Yes,41,Yes,Artist,4.0,Average,3.0,No,1
467823,Male,Yes,46,Yes,Doctor,7.0,Average,2.0,Yes,1
459161,Male,Yes,54,Yes,Executive,4.0,High,6.0,Yes,1
461716,Male,Yes,55,Yes,Lawyer,6.0,High,9.0,Yes,1
462050,Male,No,19,No,Healthcare,4.0,Low,3.0,No,2
461777,Female,No,69,Yes,Lawyer,0.0,High,1.0,Yes,3
463127,Male,Yes,80,No,Executive,,High,1.0,Yes,3
461618,Female,Yes,42,Yes,Artist,,High,2.0,Yes,4
463278,Female,Yes,59,Yes,Engineer,0.0,Low,1.0,No,4
461297,Male,Yes,73,No,Lawyer,0.0,High,1.0,Yes,3
463616,Female,Yes,47,No,Engineer,2.0,Average,6.0,Yes,4
466751,Female,No,20,,Healthcare,1.0,Low,4.0,No,2
461667,Male,Yes,42,Yes,Doctor,0.0,Average,2.0,Yes,1
461688,Male,Yes,42,Yes,Executive,6.0,High,2.0,Yes,1
463409,Female,Yes,43,No,Entertainment,7.0,Average,5.0,No,4
464084,Male,No,25,No,Healthcare,1.0,Low,5.0,No,2
465054,Male,Yes,69,No,Executive,2.0,High,2.0,Yes,3
463820,Male,Yes,48,Yes,Executive,10.0,High,3.0,Yes,1
465687,Male,Yes,88,Yes,Lawyer,1.0,Low,1.0,No,3
462702,Male,Yes,51,No,Entertainment,1.0,Average,4.0,No,1
465544,Female,No,51,Yes,Artist,0.0,Low,1.0,No,0
462316,Male,Yes,60,Yes,Artist,1.0,Average,3.0,No,1
463288,Female,,59,Yes,Artist,9.0,Average,2.0,No,4
462622,Male,Yes,47,No,Executive,0.0,Low,4.0,No,1
467693,Male,Yes,58,Yes,Entertainment,6.0,High,5.0,Yes,1
459868,Female,Yes,46,Yes,Engineer,1.0,Average,1.0,Yes,4
460966,Female,Yes,58,Yes,Engineer,3.0,Average,4.0,Yes,4
467103,Male,No,32,Yes,Healthcare,1.0,Low,3.0,No,0
462575,Male,Yes,54,No,Executive,0.0,High,4.0,Yes,1
463733,Female,No,18,No,Healthcare,1.0,Low,3.0,No,2
462915,Male,Yes,59,No,Engineer,7.0,Average,4.0,Yes,1
461578,Female,Yes,61,Yes,Artist,0.0,Average,4.0,No,4
460259,Male,No,21,No,Healthcare,1.0,Low,4.0,No,2
460383,Female,No,36,Yes,Engineer,7.0,Low,3.0,No,0
461070,Male,Yes,46,Yes,Doctor,0.0,Low,3.0,No,1
467184,Male,Yes,48,No,Engineer,0.0,Average,2.0,Yes,1
461418,Male,No,45,Yes,Artist,0.0,Low,4.0,No,0
462369,Male,Yes,63,No,Entertainment,1.0,Average,5.0,No,1
466869,Male,Yes,29,Yes,Healthcare,1.0,Low,3.0,No,1
467414,Male,No,27,Yes,Healthcare,,Low,1.0,No,0
463542,Female,Yes,30,No,Artist,6.0,High,5.0,Yes,4
465587,Male,Yes,42,Yes,Entertainment,,Low,5.0,No,1
467276,Male,No,43,Yes,Artist,12.0,Low,5.0,No,0
461440,Female,Yes,42,Yes,Artist,1.0,Average,2.0,No,4
464987,Male,Yes,49,Yes,Executive,1.0,High,4.0,Yes,1
467146,Female,No,27,No,Homemaker,9.0,Low,1.0,No,0
467341,Male,No,35,Yes,Artist,3.0,Low,1.0,No,0
467843,Female,No,23,No,Healthcare,,Low,4.0,No,2
464988,Male,Yes,63,Yes,Artist,0.0,Average,7.0,No,1
467144,Male,Yes,35,Yes,Entertainment,1.0,Low,2.0,No,1
465540,Female,Yes,29,No,Engineer,,High,2.0,Yes,4
459057,Male,Yes,68,No,Lawyer,,High,,Yes,3
460749,Male,No,36,Yes,Entertainment,1.0,Low,2.0,No,0
460516,Male,,80,No,Lawyer,0.0,High,2.0,Yes,3
461513,Male,No,33,Yes,Doctor,0.0,Low,2.0,No,0
461822,Male,Yes,36,Yes,Artist,11.0,High,3.0,Yes,1
459735,Female,No,43,No,Artist,,Low,1.0,No,0
462643,Female,Yes,34,Yes,Engineer,,Average,2.0,Yes,4
464145,Female,No,36,No,Engineer,14.0,Low,4.0,No,2
467908,Female,Yes,38,Yes,Engineer,0.0,High,3.0,Yes,4
467316,Female,No,42,Yes,Doctor,0.0,Low,1.0,No,0
464432,Male,No,31,No,Engineer,8.0,Low,2.0,No,0
462352,Male,Yes,52,Yes,Entertainment,1.0,Average,3.0,No,1
463302,Female,Yes,58,Yes,Engineer,,High,4.0,Yes,4
460228,Male,No,31,No,Healthcare,2.0,Low,5.0,No,2
459920,Male,Yes,54,Yes,Artist,4.0,High,1.0,Yes,1
467394,Male,No,29,No,Healthcare,6.0,Low,3.0,No,2
464345,Female,No,53,Yes,Artist,4.0,High,4.0,Yes,4
461924,Female,Yes,80,No,Lawyer,1.0,High,2.0,Yes,3
461467,Female,Yes,78,,Lawyer,,High,2.0,Yes,3
464962,Female,Yes,50,Yes,Executive,0.0,High,3.0,Yes,4
463052,Male,Yes,37,Yes,Marketing,1.0,Low,2.0,No,1
459449,Male,Yes,43,Yes,Artist,,Low,2.0,No,1
462600,Male,Yes,29,Yes,Engineer,4.0,Average,4.0,Yes,1
464992,Male,Yes,71,Yes,Executive,1.0,High,1.0,Yes,3
459739,Male,Yes,74,No,Engineer,0.0,High,,Yes,3
459174,Male,No,43,Yes,Artist,1.0,Low,2.0,No,0
462448,Male,No,19,No,Healthcare,,Low,3.0,No,2
466302,Female,Yes,51,No,Homemaker,2.0,High,2.0,Yes,3
462463,Male,Yes,61,No,Artist,1.0,Average,2.0,No,1
460486,Female,No,18,No,Healthcare,12.0,Low,3.0,No,2
466979,Female,Yes,39,Yes,Homemaker,,Low,1.0,No,4
459828,Female,Yes,25,No,Homemaker,11.0,Average,3.0,No,4
460629,Female,Yes,36,Yes,Entertainment,,Average,3.0,No,4
462531,Female,Yes,58,Yes,Homemaker,,High,3.0,Yes,3
463110,Male,Yes,72,No,Executive,0.0,High,1.0,Yes,3
460792,Female,No,42,No,Homemaker,11.0,Low,,No,2
461138,Female,No,58,Yes,Entertainment,3.0,High,3.0,Yes,4
460968,Male,Yes,30,No,Doctor,12.0,Average,2.0,Yes,1
460745,Male,Yes,74,Yes,Lawyer,3.0,High,2.0,Yes,3
462765,Female,Yes,55,Yes,Artist,0.0,High,7.0,Yes,4
464035,Male,Yes,60,Yes,Executive,0.0,High,4.0,Yes,1
463315,Male,Yes,40,Yes,Executive,0.0,High,4.0,Yes,1
465368,Male,No,18,No,Healthcare,7.0,Low,3.0,No,2
462356,Male,No,47,Yes,Engineer,0.0,Low,3.0,No,0
467385,Male,No,47,No,Artist,1.0,Low,,No,2
465523,Female,Yes,45,Yes,Engineer,1.0,High,5.0,Yes,4
464719,Female,No,28,No,Doctor,3.0,Low,4.0,No,2
465981,Male,No,28,No,Artist,0.0,Low,2.0,No,2
461227,Male,No,21,No,Healthcare,0.0,Low,4.0,No,2
464926,Female,Yes,46,No,Engineer,0.0,High,3.0,Yes,4
467531,Male,Yes,75,Yes,Lawyer,2.0,Low,1.0,No,3
464479,Male,Yes,55,Yes,Entertainment,1.0,Low,1.0,No,1
462802,Female,Yes,39,Yes,Artist,,Average,4.0,No,4
467100,Female,No,42,Yes,Artist,0.0,Low,1.0,No,0
464022,Female,No,22,No,Healthcare,0.0,Low,3.0,No,2
461583,Male,Yes,63,Yes,Doctor,8.0,Average,1.0,Yes,1
466685,Female,No,19,No,Healthcare,0.0,Low,5.0,No,2
466024,Female,Yes,35,No,Entertainment,10.0,Low,2.0,No,4
465576,Male,Yes,43,No,Executive,4.0,Average,5.0,No,1
465039,Male,Yes,80,No,Lawyer,1.0,High,2.0,Yes,3
466992,Female,Yes,55,No,Artist,0.0,Low,3.0,No,4
460936,Male,Yes,71,No,Executive,0.0,High,6.0,Yes,3
460825,Male,No,30,Yes,Doctor,1.0,Low,3.0,No,0
464333,Male,Yes,60,Yes,Executive,0.0,High,3.0,Yes,1
467504,Female,,31,No,Doctor,1.0,Low,4.0,No,4
464790,Female,No,42,Yes,Artist,,Low,1.0,No,0
461845,Female,Yes,48,Yes,Doctor,1.0,Average,4.0,Yes,4
459281,Male,Yes,41,Yes,Artist,0.0,Low,2.0,No,1
463600,Male,No,33,No,Healthcare,3.0,Low,5.0,No,2
464440,Male,Yes,80,Yes,Lawyer,2.0,High,3.0,Yes,3
464999,Male,Yes,66,Yes,Lawyer,1.0,High,2.0,Yes,3
459902,Male,Yes,54,Yes,Lawyer,6.0,High,1.0,Yes,3
464356,Female,Yes,76,Yes,Lawyer,3.0,High,3.0,Yes,3
462270,Male,No,51,Yes,Doctor,0.0,Average,5.0,Yes,1
467325,Female,Yes,75,Yes,Lawyer,1.0,High,1.0,Yes,3
459499,Female,Yes,81,No,Lawyer,,High,2.0,Yes,3
464080,Female,No,41,Yes,Artist,1.0,Low,2.0,No,0
463061,Male,No,33,No,,5.0,Low,3.0,No,2
467497,Male,Yes,51,Yes,Artist,1.0,Low,3.0,No,1
461382,Male,Yes,68,No,Executive,1.0,High,2.0,Yes,3
459839,Female,Yes,46,No,Engineer,0.0,Average,4.0,Yes,4
467038,Male,Yes,66,Yes,Lawyer,2.0,High,2.0,Yes,3
462527,Male,Yes,43,No,Artist,4.0,Average,2.0,No,1
460956,Female,Yes,47,Yes,Artist,1.0,Average,4.0,No,4
459294,Male,No,23,No,Healthcare,9.0,Low,4.0,No,2
462915,Male,Yes,65,No,Engineer,6.0,Average,3.0,Yes,1
459770,Female,Yes,48,Yes,Artist,8.0,Average,2.0,No,4
462337,Female,Yes,78,Yes,Lawyer,0.0,High,3.0,Yes,3
459135,Male,Yes,55,Yes,Executive,2.0,High,5.0,Yes,1
460144,Female,No,46,Yes,Doctor,1.0,Low,,No,0
460750,Male,Yes,56,Yes,Entertainment,0.0,Average,2.0,No,1
461099,Female,No,42,No,Artist,0.0,Low,4.0,No,2
465228,Female,Yes,61,Yes,Artist,0.0,High,3.0,Yes,4
466027,Female,Yes,70,No,Engineer,7.0,Low,1.0,No,4
461308,Male,No,18,No,Healthcare,0.0,Low,2.0,No,2
462130,Male,Yes,45,Yes,Artist,9.0,Average,2.0,No,1
460927,Male,Yes,38,Yes,Healthcare,1.0,High,4.0,Yes,1
463908,Female,Yes,37,Yes,Artist,9.0,Low,2.0,No,4
467689,Male,No,35,No,Healthcare,1.0,Low,1.0,No,2
463464,Male,No,18,No,Healthcare,6.0,Low,4.0,No,2
465432,Female,No,53,Yes,Engineer,2.0,Average,5.0,Yes,4
465738,Male,Yes,38,Yes,Entertainment,8.0,Low,2.0,No,1
466766,Male,Yes,73,Yes,Lawyer,1.0,High,4.0,Yes,3
462515,Male,No,47,No,Doctor,5.0,Average,4.0,Yes,2
467609,Male,No,36,No,Artist,2.0,Low,4.0,No,2
458995,Male,Yes,58,No,Executive,0.0,High,4.0,Yes,1
466987,Male,Yes,63,No,Artist,5.0,Average,2.0,No,1
465944,Female,Yes,36,No,Engineer,4.0,High,3.0,Yes,4
465679,Male,Yes,47,Yes,Healthcare,1.0,Low,2.0,No,1
462204,Female,No,19,No,Marketing,1.0,Low,3.0,No,2
465824,Male,Yes,68,No,Lawyer,2.0,Low,3.0,No,3
466688,Male,No,23,No,Healthcare,1.0,Low,3.0,No,2
462111,Male,Yes,36,Yes,Artist,6.0,Average,4.0,No,1
467733,Male,Yes,62,No,Executive,9.0,High,3.0,Yes,1
460051,Male,No,42,Yes,Artist,7.0,Low,1.0,No,0
462357,Male,No,25,Yes,Artist,1.0,Low,3.0,No,0
465649,Female,Yes,43,Yes,Marketing,6.0,Low,1.0,No,0
465197,Female,Yes,59,Yes,Artist,0.0,High,3.0,Yes,4
465415,Male,No,31,No,Artist,0.0,Low,7.0,No,2
465808,Male,Yes,41,Yes,Artist,0.0,Average,3.0,No,1
466737,Male,No,33,No,Entertainment,1.0,Low,,No,2
461415,Male,No,48,Yes,Entertainment,0.0,Low,3.0,No,0
467818,Female,Yes,40,Yes,Artist,5.0,High,4.0,Yes,4
461216,Female,No,43,No,,,Low,,No,2
461261,Female,No,29,No,Artist,0.0,Low,3.0,No,2
459814,Female,No,49,Yes,Artist,0.0,Low,3.0,No,0
467494,Female,Yes,79,Yes,Lawyer,1.0,High,,Yes,3
462363,Female,Yes,75,No,Executive,0.0,High,2.0,Yes,3
459342,Female,Yes,84,No,Lawyer,1.0,High,2.0,Yes,3
467883,Female,Yes,48,Yes,Artist,0.0,Average,2.0,No,4
464767,Female,Yes,48,No,Engineer,7.0,Average,5.0,Yes,4
461166,Male,Yes,44,Yes,Entertainment,7.0,High,,Yes,1
462113,Female,Yes,60,Yes,Artist,8.0,High,6.0,Yes,4
464841,Male,,18,Yes,Entertainment,0.0,High,3.0,Yes,1
465970,Female,Yes,38,No,Artist,1.0,Low,1.0,No,4
464770,Female,No,38,No,Engineer,,Low,1.0,No,0
466015,Male,Yes,69,No,Entertainment,3.0,Low,8.0,No,1
465727,Male,No,42,No,Marketing,1.0,Low,5.0,No,2
467759,Female,Yes,48,Yes,Doctor,0.0,Low,2.0,No,4
467881,Female,No,33,Yes,Artist,10.0,Low,1.0,No,0
459353,Male,Yes,53,Yes,Artist,6.0,Average,2.0,No,1
461413,Female,No,40,Yes,Artist,2.0,Low,1.0,No,0
464445,Male,Yes,80,Yes,Executive,1.0,High,4.0,Yes,3
467768,Male,Yes,60,Yes,Doctor,0.0,Average,2.0,Yes,1
460456,Female,Yes,30,No,Executive,0.0,High,4.0,Yes,4
461141,Male,Yes,55,No,Homemaker,2.0,Low,1.0,No,3
466643,Female,No,66,Yes,Lawyer,7.0,High,5.0,Yes,3
461544,Male,No,77,Yes,Lawyer,1.0,High,2.0,Yes,3
467755,Male,Yes,37,Yes,Artist,6.0,Low,2.0,No,1
462970,Male,Yes,24,No,Doctor,2.0,Average,3.0,Yes,1
462371,Female,No,27,No,Healthcare,5.0,Low,3.0,No,2
460418,Female,No,35,Yes,Entertainment,9.0,Low,2.0,No,0
465820,Female,,30,Yes,,,Average,4.0,No,4
459888,Female,Yes,78,No,Lawyer,,High,2.0,Yes,3
464258,Female,Yes,88,No,Lawyer,0.0,High,2.0,Yes,3
466927,Male,No,19,No,Engineer,7.0,Low,5.0,No,2
464237,Female,Yes,47,Yes,Artist,0.0,Low,3.0,No,4
461499,Female,Yes,25,No,Engineer,0.0,Average,2.0,Yes,4
467076,Female,Yes,48,Yes,Doctor,0.0,Average,2.0,Yes,4
460026,Male,No,26,No,Engineer,7.0,Low,1.0,No,0
463421,Male,Yes,53,Yes,Entertainment,0.0,Average,2.0,No,1
463267,Male,Yes,31,No,Homemaker,9.0,Low,1.0,No,1
463119,Female,Yes,80,Yes,Lawyer,,High,2.0,Yes,3
463343,Male,Yes,35,Yes,Artist,2.0,Low,3.0,No,1
460222,Female,,74,Yes,Lawyer,4.0,High,,Yes,3
465892,Male,No,40,Yes,Artist,9.0,Low,3.0,No,0
465600,Male,Yes,40,Yes,Engineer,7.0,Low,2.0,No,1
463706,Female,No,33,Yes,Doctor,0.0,Low,3.0,No,0
460456,Female,Yes,35,Yes,Executive,0.0,High,4.0,Yes,4
467600,Male,Yes,41,Yes,Engineer,,Average,5.0,Yes,1
459715,Male,No,20,No,Healthcare,2.0,Low,4.0,No,2
467878,Female,Yes,42,Yes,Doctor,0.0,Average,4.0,Yes,4
466647,Male,Yes,43,Yes,Artist,9.0,High,3.0,Yes,1
461788,Male,Yes,80,Yes,Lawyer,3.0,High,2.0,Yes,3
466618,Male,Yes,49,Yes,Artist,3.0,Average,2.0,No,1
462438,Male,No,22,No,Doctor,1.0,Low,3.0,No,2
467134,Female,Yes,33,No,Healthcare,0.0,Low,5.0,No,2
459525,Female,Yes,57,Yes,Artist,,High,4.0,Yes,4
463230,Female,Yes,35,Yes,Engineer,5.0,High,3.0,Yes,4
461741,Male,Yes,68,Yes,Lawyer,2.0,High,2.0,Yes,3
462704,Male,Yes,48,Yes,Executive,5.0,High,5.0,Yes,1
462290,Female,No,33,Yes,Doctor,1.0,Low,1.0,No,0
459599,Female,No,19,No,Healthcare,,Low,4.0,No,2
465187,Female,Yes,39,No,Doctor,0.0,Average,4.0,Yes,4
459701,Male,No,47,No,Artist,3.0,Low,3.0,No,2
462372,Female,Yes,60,No,Lawyer,,High,2.0,Yes,3
460463,Male,Yes,42,Yes,Artist,6.0,Low,4.0,No,1
466495,Female,Yes,80,Yes,Lawyer,0.0,High,3.0,Yes,3
462637,Female,Yes,58,No,Marketing,,Average,6.0,No,3
465241,Male,No,23,No,Healthcare,3.0,Low,2.0,No,2
463698,Female,Yes,53,No,Engineer,0.0,Average,2.0,Yes,4
466843,Female,No,38,No,Homemaker,13.0,Low,,No,2
461383,Male,Yes,67,Yes,Artist,0.0,High,2.0,Yes,1
460738,Female,No,49,No,Engineer,1.0,Low,,No,2
467853,Female,Yes,63,Yes,Artist,1.0,Average,5.0,No,4
467078,Female,Yes,31,No,Healthcare,,High,1.0,Yes,4
465027,Male,Yes,41,Yes,Doctor,0.0,Low,2.0,No,1
462575,Male,Yes,53,No,Executive,2.0,High,4.0,Yes,1
467303,Male,Yes,38,Yes,Doctor,3.0,Average,2.0,Yes,1
464396,Male,Yes,35,Yes,Entertainment,1.0,Average,3.0,No,1
464079,Female,Yes,36,No,Doctor,14.0,Average,2.0,Yes,4
467116,Male,No,72,Yes,Executive,0.0,High,1.0,Yes,3
463444,Male,Yes,61,Yes,Lawyer,,High,2.0,Yes,3
461139,Female,No,32,Yes,Artist,4.0,Low,4.0,No,0
467217,Female,Yes,80,Yes,Lawyer,,High,2.0,Yes,3
463148,Female,No,58,Yes,Marketing,1.0,High,5.0,Yes,3
461733,Female,Yes,38,Yes,Artist,0.0,High,2.0,Yes,4
467299,Female,No,27,Yes,Healthcare,1.0,Low,4.0,No,2
465013,Female,Yes,80,No,Lawyer,0.0,High,3.0,Yes,3
465147,Male,No,29,Yes,Healthcare,2.0,Low,3.0,No,0
459648,Female,Yes,45,Yes,Artist,4.0,High,2.0,Yes,4
467293,Male,Yes,80,Yes,Lawyer,,Low,1.0,No,3
463366,Male,Yes,71,No,Lawyer,0.0,Low,5.0,No,3
467075,Female,Yes,31,No,Homemaker,9.0,Average,2.0,No,4
466649,Male,No,19,No,Healthcare,1.0,Low,3.0,No,2
464454,Female,Yes,56,No,Engineer,7.0,High,5.0,Yes,4
459258,Female,Yes,76,Yes,Lawyer,0.0,High,,Yes,3
460300,Female,Yes,60,Yes,Lawyer,0.0,Low,2.0,No,3
459481,Male,Yes,47,No,Lawyer,0.0,Low,2.0,No,3
467411,Male,Yes,56,Yes,Artist,0.0,High,2.0,Yes,1
467155,Male,Yes,47,No,Executive,0.0,High,4.0,Yes,1
461379,Male,No,31,Yes,Healthcare,0.0,Low,,No,2
460966,Female,Yes,58,Yes,Engineer,1.0,Average,4.0,Yes,4
467181,Female,Yes,50,Yes,Artist,9.0,Low,2.0,No,4
464036,Female,No,25,Yes,Doctor,3.0,Low,1.0,No,0
467453,Male,No,49,No,Healthcare,,Low,1.0,No,2
464393,Female,Yes,80,Yes,Lawyer,0.0,High,3.0,Yes,3
460739,Male,Yes,39,Yes,Executive,,High,6.0,Yes,1
467073,Male,No,37,Yes,Engineer,9.0,Low,1.0,No,0
460168,Male,Yes,80,Yes,Executive,1.0,High,2.0,Yes,3
461391,Male,Yes,65,Yes,Entertainment,3.0,Low,3.0,No,1
464072,Male,Yes,49,Yes,Executive,1.0,Low,2.0,No,1
467863,Female,Yes,35,Yes,Doctor,0.0,Average,3.0,Yes,4
464915,Male,Yes,41,Yes,Executive,,High,4.0,Yes,1
463491,Male,Yes,22,No,Doctor,9.0,Average,4.0,Yes,1
459185,Female,No,25,Yes,Entertainment,5.0,Low,1.0,No,0
460851,Male,Yes,68,No,Doctor,2.0,Average,4.0,Yes,1
464639,Male,Yes,39,No,Entertainment,1.0,Average,4.0,No,1
464562,Female,No,31,No,,8.0,Low,3.0,No,0
465097,Male,Yes,81,No,Lawyer,1.0,High,2.0,Yes,3
464789,Female,Yes,48,Yes,Artist,0.0,Average,5.0,No,4
465500,Male,Yes,65,Yes,Entertainment,1.0,High,2.0,Yes,1
465969,Female,No,28,Yes,Doctor,12.0,Low,2.0,No,0
464752,Female,Yes,46,,Marketing,,Low,1.0,No,3
466980,Male,Yes,73,Yes,Lawyer,0.0,High,1.0,Yes,3
466856,Female,Yes,66,No,Engineer,1.0,Average,2.0,Yes,4
466125,Female,Yes,65,Yes,Artist,0.0,Low,2.0,No,4
466146,Male,Yes,44,No,Engineer,8.0,Average,4.0,Yes,1
459819,Male,Yes,71,Yes,Entertainment,,High,2.0,Yes,3
464276,Female,Yes,64,No,Marketing,2.0,High,3.0,Yes,3
464606,Male,Yes,41,Yes,Artist,1.0,Average,2.0,No,1
465100,Male,Yes,53,Yes,Artist,0.0,High,3.0,Yes,1
465655,Female,No,45,Yes,Artist,1.0,Low,1.0,No,0
465278,Male,Yes,40,No,Marketing,,High,3.0,Yes,3
463610,Female,Yes,31,Yes,Artist,0.0,Average,2.0,No,4
465348,Male,,30,No,Executive,,High,,Yes,1
467640,Female,Yes,38,Yes,Artist,,Low,3.0,No,4
465626,Female,No,42,Yes,Artist,7.0,Low,3.0,No,0
467259,Male,Yes,69,Yes,Lawyer,0.0,High,3.0,Yes,3
467753,Male,Yes,72,No,Artist,0.0,High,1.0,Yes,1
460701,Male,Yes,66,No,Entertainment,0.0,Average,2.0,No,3
459240,Female,No,28,Yes,Artist,1.0,Low,1.0,No,0
464419,Male,Yes,52,Yes,Artist,1.0,Average,3.0,No,1
461339,Male,No,26,Yes,Healthcare,1.0,Low,3.0,No,2
464690,Male,No,38,No,Engineer,2.0,Average,,Yes,2
466980,Male,Yes,74,Yes,Lawyer,1.0,High,2.0,Yes,3
467273,Female,Yes,80,Yes,Lawyer,9.0,High,3.0,Yes,3
462501,Male,Yes,63,Yes,Artist,1.0,Average,,No,1
466833,Male,Yes,58,Yes,Artist,7.0,Low,2.0,No,1
467079,Male,Yes,40,Yes,Artist,1.0,Low,2.0,No,1
464261,Male,Yes,61,Yes,Executive,2.0,High,3.0,Yes,1
466648,Male,Yes,35,Yes,Executive,7.0,High,1.0,Yes,1
463973,Male,Yes,60,No,Executive,,High,4.0,Yes,1
459872,Male,Yes,68,No,Entertainment,4.0,Average,2.0,No,1
461591,Female,No,33,No,Engineer,1.0,Low,2.0,No,2
464456,Male,Yes,27,Yes,Artist,1.0,Low,4.0,No,1
462146,Female,Yes,71,Yes,Lawyer,2.0,High,4.0,Yes,3
461564,Male,Yes,63,Yes,Executive,1.0,High,2.0,Yes,3
463275,Male,Yes,29,No,Entertainment,7.0,Average,2.0,No,1
462918,Male,Yes,38,Yes,Doctor,11.0,Average,4.0,Yes,1
465258,Male,No,20,No,Healthcare,5.0,Low,4.0,No,2
465411,Female,Yes,38,Yes,Engineer,0.0,Low,1.0,No,4
463319,Female,Yes,71,No,Lawyer,0.0,High,4.0,Yes,3
467023,Male,Yes,26,No,Doctor,9.0,Average,2.0,Yes,1
465555,Female,Yes,61,Yes,Lawyer,,High,3.0,Yes,3
465455,Male,No,26,No,Doctor,0.0,Low,2.0,No,2
462871,Male,Yes,48,No,Entertainment,1.0,Average,3.0,No,1
461954,Female,Yes,32,No,Engineer,3.0,Average,5.0,Yes,4
463171,Female,Yes,41,No,Entertainment,0.0,High,2.0,Yes,4
464417,Male,Yes,72,No,Entertainment,2.0,Average,2.0,No,3
464592,Female,No,43,Yes,Artist,1.0,Low,1.0,No,0
465110,Male,Yes,42,Yes,Entertainment,9.0,Low,5.0,No,1
465425,Female,No,31,No,Engineer,1.0,Low,4.0,No,2
462500,Female,Yes,45,Yes,Doctor,2.0,Average,3.0,Yes,4
462308,Male,Yes,30,Yes,Healthcare,1.0,High,2.0,Yes,1
465325,Female,Yes,50,Yes,Artist,4.0,Low,2.0,No,4
466324,Female,No,28,No,Engineer,0.0,Low,1.0,No,0
464986,Female,Yes,64,No,Lawyer,,High,1.0,Yes,3
461486,Male,Yes,59,No,Entertainment,8.0,Average,3.0,No,1
461075,Male,Yes,33,Yes,Entertainment,,Average,2.0,No,1
466718,Male,Yes,66,,Executive,0.0,High,2.0,Yes,3
461046,Male,Yes,50,Yes,Artist,0.0,Low,1.0,No,1
464585,Male,Yes,66,Yes,Lawyer,1.0,High,2.0,Yes,3
467290,Female,No,23,No,Healthcare,0.0,Low,,No,2
467818,Female,Yes,37,Yes,Artist,5.0,High,3.0,Yes,4
466937,Male,Yes,62,No,Entertainment,1.0,Average,2.0,No,1
459247,Male,Yes,60,Yes,Executive,0.0,Average,5.0,No,1
460338,Male,No,28,Yes,Entertainment,14.0,Low,2.0,No,0
459026,Male,No,29,No,Healthcare,9.0,Low,3.0,No,2
462607,Female,,33,No,Engineer,1.0,Average,4.0,Yes,4
462618,Female,No,32,Yes,Healthcare,1.0,Low,5.0,No,2
464308,Female,Yes,77,Yes,Lawyer,0.0,High,1.0,Yes,3
467773,Male,Yes,70,Yes,Lawyer,1.0,High,3.0,Yes,3
467746,Male,No,55,No,Executive,0.0,High,4.0,Yes,2
465800,Male,No,25,No,Healthcare,1.0,Low,3.0,No,2
460127,Male,No,42,Yes,Healthcare,8.0,Low,3.0,No,0
466389,Female,Yes,47,Yes,Engineer,0.0,Average,2.0,Yes,4
462422,Male,Yes,71,Yes,Lawyer,1.0,Low,2.0,No,3
464560,Male,No,39,Yes,Entertainment,9.0,Low,2.0,No,0
467815,Female,Yes,69,Yes,Artist,0.0,Low,2.0,No,4
464652,Female,Yes,25,No,Engineer,7.0,Average,2.0,Yes,4
465468,Female,Yes,37,Yes,Artist,1.0,Average,2.0,No,4
467119,Male,Yes,39,No,Marketing,0.0,High,3.0,Yes,3
460369,Female,Yes,50,Yes,Artist,,Low,2.0,No,4
466600,Male,No,18,No,Healthcare,11.0,Low,1.0,No,2
463389,Female,Yes,50,Yes,Artist,0.0,Average,2.0,No,4
464808,Male,Yes,42,No,Entertainment,1.0,Low,4.0,No,1
459344,Female,Yes,76,Yes,Artist,2.0,High,1.0,Yes,4
465413,Female,No,36,Yes,Engineer,1.0,High,2.0,Yes,0
459272,Female,Yes,56,Yes,Artist,0.0,High,1.0,Yes,4
463377,Female,Yes,32,Yes,Homemaker,4.0,High,2.0,Yes,4
459106,Male,Yes,60,Yes,Artist,1.0,Low,2.0,No,1
462673,Female,No,28,No,Homemaker,8.0,Low,,No,2
460989,Male,No,23,No,Healthcare,1.0,Low,3.0,No,2
467699,Female,No,33,Yes,Doctor,0.0,Average,2.0,Yes,0
460029,Female,Yes,35,Yes,Healthcare,12.0,Average,2.0,No,4
459222,Female,Yes,68,Yes,Artist,1.0,Average,3.0,No,4
461031,Male,Yes,57,No,Executive,3.0,High,1.0,Yes,3
459862,Male,Yes,68,No,Executive,,High,1.0,Yes,3
464646,Male,Yes,61,No,Engineer,7.0,Average,5.0,Yes,1
462374,Male,Yes,40,Yes,Executive,2.0,High,4.0,Yes,1
464172,Male,Yes,60,Yes,Artist,3.0,High,3.0,Yes,1
464465,Female,Yes,37,Yes,Artist,,Average,6.0,No,4
463341,Female,Yes,46,No,Engineer,2.0,Average,6.0,Yes,4
463661,Female,Yes,47,No,Doctor,0.0,Average,4.0,Yes,4
463807,Female,No,33,Yes,Healthcare,0.0,Low,3.0,No,0
464844,Female,No,31,Yes,Healthcare,1.0,Low,4.0,No,2
460933,Male,Yes,80,Yes,Lawyer,0.0,High,1.0,Yes,3
463557,Male,No,28,Yes,Doctor,1.0,Low,3.0,No,0
465140,Male,No,44,Yes,Executive,5.0,High,4.0,Yes,1
459550,Male,No,19,No,Healthcare,8.0,Low,5.0,No,2
467447,Female,Yes,37,Yes,Engineer,,Average,3.0,Yes,4
466728,Male,Yes,28,No,Doctor,0.0,Average,2.0,Yes,1
465193,Male,Yes,31,No,Engineer,,Average,,Yes,1
466382,Female,Yes,52,Yes,Engineer,4.0,High,2.0,Yes,4
462374,Male,Yes,38,Yes,Executive,0.0,High,4.0,Yes,1
462635,Male,Yes,40,No,Engineer,6.0,Average,5.0,Yes,1
466991,Male,Yes,51,Yes,Artist,3.0,Average,2.0,No,1
466647,Female,Yes,38,Yes,Artist,8.0,High,2.0,Yes,4
464726,Male,Yes,33,Yes,Executive,11.0,High,9.0,Yes,1
465514,Male,No,27,Yes,Entertainment,1.0,Low,5.0,No,2
463523,Male,Yes,61,No,Executive,1.0,High,3.0,Yes,3
466817,Female,No,80,No,Lawyer,1.0,High,3.0,Yes,3
464866,Female,No,23,No,Engineer,11.0,Low,1.0,No,0
459027,Male,Yes,67,Yes,Doctor,1.0,Average,4.0,Yes,1
459781,Male,No,47,No,Entertainment,1.0,Low,1.0,No,0
464767,Female,Yes,53,No,Engineer,8.0,Average,4.0,Yes,4
467827,Female,No,22,No,Healthcare,0.0,Low,4.0,No,2
460708,Male,Yes,35,Yes,Artist,0.0,Low,3.0,No,1
465606,Male,Yes,37,Yes,Engineer,1.0,Average,3.0,Yes,1
463611,Male,No,62,Yes,Artist,0.0,Low,,No,0
461292,Female,Yes,80,No,Lawyer,,High,2.0,Yes,3
458989,Female,Yes,42,Yes,Engineer,1.0,Low,1.0,No,4
459974,Male,No,37,Yes,Entertainment,0.0,Low,1.0,No,0
466417,Female,Yes,80,No,Lawyer,2.0,High,2.0,Yes,3
465990,Male,Yes,48,No,Executive,2.0,High,2.0,Yes,1
459862,Male,Yes,66,No,Executive,,High,1.0,Yes,3
463768,Female,Yes,38,No,Engineer,1.0,Low,1.0,No,4
460121,Male,Yes,55,Yes,Engineer,1.0,Average,3.0,Yes,1
461231,Male,Yes,54,Yes,Artist,0.0,High,2.0,Yes,1
465186,Female,Yes,38,No,Artist,4.0,Average,4.0,No,4
464142,Female,Yes,74,Yes,Artist,1.0,High,3.0,Yes,4
461463,Male,No,41,Yes,Artist,6.0,Low,1.0,No,0
460805,Male,No,36,Yes,Healthcare,8.0,Low,4.0,No,0
464741,Male,Yes,75,No,Executive,2.0,High,,Yes,3
462155,Female,Yes,52,Yes,Artist,,High,2.0,Yes,4
463467,Female,No,23,No,Healthcare,0.0,Low,4.0,No,2
463991,Female,No,31,Yes,Engineer,8.0,Low,1.0,No,0
465248,Female,No,18,No,Healthcare,3.0,Low,3.0,No,2
460508,Male,Yes,25,Yes,Healthcare,0.0,High,3.0,Yes,1
463095,Female,Yes,37,Yes,Homemaker,,High,2.0,Yes,4
466087,Male,,26,Yes,Healthcare,7.0,High,6.0,Yes,1
461571,Male,No,27,No,Healthcare,1.0,Low,4.0,No,2
461153,Female,Yes,32,Yes,Artist,,High,3.0,Yes,4
460185,Male,No,25,No,Healthcare,9.0,Low,3.0,No,2
467590,Male,No,25,Yes,Artist,,Low,1.0,No,0
463341,Female,Yes,48,No,Engineer,3.0,Average,5.0,Yes,4
464130,Male,No,41,Yes,Artist,1.0,Low,3.0,No,0
467926,Male,Yes,79,Yes,Artist,0.0,High,2.0,Yes,1
460092,Male,No,41,Yes,Doctor,2.0,Low,2.0,No,0
460703,Female,Yes,30,Yes,Engineer,8.0,Average,5.0,Yes,4
467496,Female,Yes,63,Yes,,4.0,Average,3.0,No,4
462888,Female,Yes,37,Yes,Executive,,High,3.0,Yes,4
462528,Female,Yes,49,Yes,Artist,0.0,Low,1.0,No,4
467694,Male,Yes,59,Yes,Executive,0.0,High,2.0,Yes,3
461858,Male,No,31,No,Entertainment,1.0,Low,7.0,No,2
463238,Male,No,22,No,Healthcare,0.0,Low,5.0,No,2
459031,Male,Yes,48,No,Executive,0.0,High,4.0,Yes,1
467208,Female,Yes,39,Yes,Homemaker,,High,2.0,Yes,4
464538,Male,No,19,No,Healthcare,0.0,Low,,No,2
463291,Male,Yes,35,Yes,Engineer,5.0,Average,4.0,Yes,1
463030,Male,Yes,50,Yes,Executive,1.0,High,3.0,Yes,1
464726,Male,Yes,38,Yes,Executive,13.0,High,10.0,Yes,1
464701,Male,No,31,No,Doctor,0.0,Low,2.0,No,2
464336,Male,Yes,65,Yes,Executive,0.0,High,4.0,Yes,1
459789,Male,Yes,56,No,Artist,1.0,Average,2.0,No,1
465652,Female,Yes,31,No,Marketing,0.0,Low,2.0,No,2
463621,Male,Yes,53,No,Entertainment,1.0,Low,1.0,No,1
460456,Male,Yes,33,No,Executive,0.0,High,5.0,Yes,1
467411,Male,Yes,54,Yes,Artist,0.0,High,3.0,Yes,1
463119,Female,No,80,Yes,Lawyer,,High,1.0,Yes,3
459351,Female,Yes,61,No,Artist,1.0,High,,Yes,4
460229,Female,Yes,66,Yes,Lawyer,0.0,High,1.0,Yes,3
461435,Female,Yes,45,Yes,Artist,8.0,Average,2.0,No,4
463118,Female,Yes,54,Yes,Doctor,,High,2.0,Yes,4
460973,Male,No,29,No,Entertainment,1.0,Low,5.0,No,2
460758,Male,Yes,31,No,Executive,9.0,Average,2.0,No,1
461009,Female,No,22,No,Healthcare,6.0,Low,3.0,No,2
464532,Female,Yes,68,Yes,Lawyer,0.0,High,2.0,Yes,3
463091,Female,Yes,39,Yes,Homemaker,8.0,Low,1.0,No,0
464016,Female,,29,Yes,Entertainment,0.0,High,1.0,Yes,4
460312,Female,No,36,Yes,Entertainment,7.0,Low,5.0,No,0
467628,Male,Yes,71,No,Executive,,High,2.0,Yes,3
462466,Female,Yes,55,Yes,Executive,0.0,High,5.0,Yes,4
461951,Male,No,21,No,Healthcare,0.0,Low,4.0,No,2
463828,Male,Yes,39,No,Engineer,0.0,Average,1.0,Yes,1
464727,Male,Yes,42,Yes,Engineer,3.0,Average,3.0,Yes,1
461879,Male,Yes,37,Yes,Executive,0.0,Average,3.0,No,1
465253,Male,No,21,No,Healthcare,1.0,Low,3.0,No,2
462533,Female,No,33,Yes,Entertainment,0.0,Low,3.0,No,0
465043,Male,Yes,51,No,Doctor,7.0,Average,4.0,Yes,1
461714,Male,Yes,80,Yes,Lawyer,0.0,High,3.0,Yes,3
466882,Male,No,36,Yes,Artist,0.0,Low,,No,0
463763,Male,Yes,36,Yes,Artist,4.0,Average,2.0,No,1
463478,Male,Yes,50,Yes,Artist,0.0,Average,4.0,No,1
462814,Female,Yes,24,No,Engineer,10.0,Average,2.0,Yes,4
462053,Male,Yes,28,Yes,Artist,,Low,2.0,No,1
465221,Male,Yes,80,Yes,Artist,0.0,High,3.0,Yes,1
462632,Female,Yes,34,No,Engineer,,Average,4.0,Yes,4
467654,Female,Yes,56,Yes,Artist,,High,4.0,Yes,4
467083,Female,Yes,80,Yes,Lawyer,0.0,High,3.0,Yes,3
464568,Male,Yes,36,Yes,Artist,8.0,Average,2.0,No,1
460041,Female,Yes,48,No,Artist,8.0,Average,3.0,No,4
463541,Female,No,26,No,Healthcare,0.0,Low,3.0,No,2
461192,Female,Yes,42,Yes,Artist,,High,,Yes,4
466519,Male,Yes,37,,Entertainment,0.0,Low,,No,1
463997,Female,Yes,42,No,Entertainment,0.0,Average,3.0,No,4
461368,Male,No,32,Yes,Doctor,4.0,Low,5.0,No,0
459596,Female,No,58,No,Doctor,0.0,Average,3.0,Yes,4
464035,Male,Yes,62,Yes,Executive,1.0,High,4.0,Yes,1
466201,Male,Yes,46,Yes,Doctor,1.0,Average,5.0,Yes,1
465538,Male,Yes,62,No,,7.0,High,2.0,Yes,1
462269,Male,No,78,Yes,Artist,1.0,High,3.0,Yes,1
461176,Female,Yes,63,No,Engineer,5.0,Average,4.0,Yes,4
467820,Male,Yes,51,Yes,Artist,0.0,Low,1.0,No,1
459520,Female,Yes,43,Yes,Doctor,0.0,Low,1.0,No,4
461136,Male,No,59,Yes,Artist,1.0,Low,1.0,No,0
465529,Female,No,33,No,Doctor,0.0,Low,4.0,No,2
465906,Female,No,35,Yes,Artist,5.0,Low,1.0,No,0
466032,Male,,28,No,Entertainment,,Low,2.0,No,1
463741,Male,Yes,39,Yes,Artist,0.0,High,2.0,Yes,1
460635,Male,Yes,32,No,Healthcare,,High,2.0,Yes,1
465693,Female,Yes,23,Yes,Healthcare,0.0,High,5.0,Yes,4
466674,Female,No,57,Yes,Artist,0.0,High,2.0,Yes,4
459839,Male,Yes,45,No,Engineer,0.0,Average,4.0,Yes,1
459525,Female,Yes,58,Yes,Artist,,High,3.0,Yes,4
461444,Male,Yes,71,Yes,Artist,2.0,High,2.0,Yes,1
459583,Male,Yes,46,Yes,Artist,1.0,Low,1.0,No,1
464016,Female,,24,Yes,Entertainment,0.0,High,1.0,Yes,4
462430,Male,Yes,42,Yes,Executive,2.0,High,4.0,Yes,1
461716,Female,Yes,57,Yes,Lawyer,3.0,High,9.0,Yes,4
464845,Male,Yes,34,No,Engineer,1.0,Average,3.0,Yes,1
467781,Male,Yes,27,Yes,Healthcare,1.0,High,2.0,Yes,1
467801,Female,Yes,50,Yes,Doctor,0.0,Average,2.0,Yes,4
462827,Female,No,22,No,Doctor,1.0,Low,3.0,No,2
460967,Male,No,25,Yes,Entertainment,1.0,Low,2.0,No,0
463330,Male,No,20,No,Healthcare,1.0,Low,4.0,No,2
466476,Female,No,29,No,Healthcare,0.0,Low,3.0,No,2
460814,Male,Yes,78,No,Entertainment,0.0,Low,1.0,No,3
462487,Male,Yes,61,Yes,Entertainment,2.0,Average,4.0,No,1
466552,Male,Yes,19,No,Entertainment,1.0,Low,2.0,No,1
466338,Female,No,39,No,Engineer,0.0,Low,3.0,No,2
463428,Male,Yes,28,No,Executive,1.0,High,5.0,Yes,1
461298,Female,Yes,78,Yes,Artist,1.0,High,2.0,Yes,4
462671,Female,Yes,43,Yes,Homemaker,8.0,High,2.0,Yes,4
467918,Male,Yes,48,Yes,Artist,7.0,Average,2.0,No,1
464263,Female,Yes,88,Yes,Lawyer,1.0,Low,,No,3
463230,Female,Yes,31,No,Engineer,6.0,High,2.0,Yes,4
465272,Male,Yes,39,Yes,Executive,0.0,High,6.0,Yes,1
467133,Female,Yes,72,Yes,Lawyer,1.0,High,,Yes,3
463499,Male,Yes,48,Yes,Executive,0.0,Low,2.0,No,1
464316,Male,Yes,59,Yes,Artist,0.0,Average,4.0,No,1
462244,Male,Yes,79,No,Executive,2.0,High,2.0,Yes,3
466778,Male,Yes,37,Yes,Entertainment,1.0,Low,2.0,No,1
459367,Female,No,22,No,Doctor,11.0,Low,4.0,No,2
459309,Female,Yes,39,Yes,Artist,9.0,High,3.0,Yes,4
461465,Male,Yes,28,Yes,Artist,9.0,Average,2.0,No,1
465038,Male,Yes,50,No,Executive,2.0,High,3.0,Yes,1
465672,Male,No,42,No,Executive,9.0,Low,3.0,No,2
462092,Female,Yes,35,Yes,Homemaker,7.0,Average,4.0,No,4
461032,Female,Yes,66,Yes,Lawyer,0.0,High,3.0,Yes,3
467352,Male,Yes,47,Yes,Executive,3.0,High,5.0,Yes,1
465604,Female,Yes,37,No,Engineer,9.0,Average,2.0,Yes,4
465310,Female,No,22,No,Healthcare,0.0,Low,6.0,No,2
466262,Male,No,41,Yes,Entertainment,1.0,Low,2.0,No,0
459973,Female,No,50,Yes,Artist,0.0,Low,2.0,No,0
462546,Female,No,21,No,Executive,8.0,Low,,No,2
463902,Female,Yes,41,Yes,Entertainment,,Average,4.0,No,4
467059,Male,Yes,47,Yes,Artist,2.0,Low,1.0,No,1
461166,Female,Yes,41,Yes,Entertainment,5.0,High,,Yes,4
460490,Female,No,18,No,Healthcare,0.0,Low,4.0,No,2
465022,Female,Yes,72,Yes,Lawyer,0.0,High,2.0,Yes,3
461330,Male,Yes,60,No,Executive,0.0,High,2.0,Yes,3
467160,Male,Yes,40,No,,0.0,Average,2.0,No,1
461499,Female,No,27,No,Engineer,0.0,Average,3.0,Yes,2
466439,Male,Yes,61,No,Engineer,0.0,Low,4.0,No,1
466134,Female,Yes,43,Yes,Doctor,0.0,High,3.0,Yes,4
459351,Female,Yes,55,Yes,Artist,2.0,High,,Yes,4
461454,Female,Yes,36,Yes,Artist,9.0,High,5.0,Yes,4
462600,Male,No,35,No,Engineer,5.0,Average,3.0,Yes,2
462481,Male,No,33,Yes,Entertainment,1.0,Low,1.0,No,0
467252,Female,No,33,Yes,,0.0,Low,4.0,No,0
464907,Male,,55,Yes,Engineer,0.0,Average,2.0,Yes,1
462165,Male,Yes,72,Yes,Lawyer,2.0,High,3.0,Yes,3
466642,Male,No,18,No,Healthcare,9.0,Low,3.0,No,2
467908,Female,Yes,42,Yes,Engineer,0.0,High,4.0,Yes,4
464376,Male,Yes,58,Yes,Artist,2.0,Low,1.0,No,1
463948,Female,Yes,40,No,Executive,2.0,High,6.0,Yes,4
463882,Female,Yes,43,Yes,Artist,1.0,Low,1.0,No,4
465096,Male,Yes,86,No,Lawyer,13.0,Low,1.0,No,3
466248,Male,No,41,Yes,Doctor,1.0,Low,1.0,No,0
462094,Female,No,37,Yes,Healthcare,,Low,1.0,No,0
467623,Male,Yes,77,Yes,,2.0,High,2.0,Yes,1
459022,Male,Yes,67,Yes,Artist,10.0,Low,1.0,No,1
467958,Female,No,43,Yes,Doctor,0.0,Low,1.0,No,0
463828,Male,Yes,47,No,Engineer,0.0,Average,3.0,Yes,1
465988,Female,Yes,59,Yes,Homemaker,0.0,High,2.0,Yes,3
466430,Female,Yes,51,No,Engineer,0.0,Low,4.0,No,4
460596,Male,No,29,No,Engineer,0.0,Low,5.0,No,2
462396,Male,Yes,50,Yes,Doctor,,Average,2.0,Yes,1
461734,Female,No,80,No,,,High,3.0,Yes,4
465956,Male,Yes,39,Yes,Entertainment,4.0,Average,4.0,No,1
464711,Female,Yes,38,Yes,Artist,7.0,Average,3.0,No,4
465785,Male,No,21,No,Healthcare,3.0,Low,7.0,No,2
463819,Male,Yes,25,,Artist,8.0,Low,,No,1
460869,Male,Yes,35,Yes,Artist,1.0,Average,2.0,No,1
466878,Male,Yes,42,No,Artist,8.0,High,4.0,Yes,1
462042,Female,No,29,No,Healthcare,0.0,Low,3.0,No,2
465879,Male,No,39,Yes,Artist,0.0,Low,1.0,No,0
459710,Male,Yes,61,Yes,Artist,,Low,1.0,No,1
466798,Male,No,23,No,Healthcare,4.0,Low,5.0,No,2
461194,Female,No,33,No,Doctor,1.0,Low,8.0,No,2
465084,Male,Yes,62,No,Executive,7.0,High,2.0,Yes,1
459109,Male,Yes,49,Yes,Entertainment,7.0,Average,4.0,No,1
465532,Female,Yes,37,Yes,Entertainment,6.0,Average,3.0,No,4
459342,Female,Yes,80,No,Lawyer,1.0,High,1.0,Yes,3
462568,Male,Yes,51,Yes,Doctor,,Low,3.0,No,1
463121,Female,Yes,73,,Lawyer,,High,,Yes,3
465359,Female,Yes,40,No,Artist,1.0,Low,1.0,No,4
466529,Female,Yes,31,Yes,Doctor,0.0,Average,1.0,Yes,4
463097,Female,Yes,45,Yes,Artist,1.0,Average,3.0,No,4
464097,Male,Yes,34,Yes,Doctor,7.0,High,3.0,Yes,1
464771,Male,Yes,43,No,Engineer,6.0,Average,5.0,Yes,1
462659,Male,Yes,25,Yes,Entertainment,8.0,Average,2.0,No,1
465091,Male,Yes,63,Yes,Entertainment,,Average,3.0,No,1
459833,Male,Yes,65,No,Executive,3.0,High,3.0,Yes,3
460287,Male,Yes,53,Yes,Artist,0.0,Low,1.0,No,1
466247,Female,,51,Yes,Artist,0.0,Low,4.0,No,4
459712,Male,No,18,No,Healthcare,,Low,4.0,No,2
459416,Male,No,19,No,Artist,10.0,Low,3.0,No,2
465395,Female,Yes,42,No,Engineer,0.0,Average,4.0,Yes,4
459913,Female,Yes,51,No,Healthcare,0.0,High,3.0,Yes,3
464346,Male,Yes,56,Yes,Executive,0.0,High,4.0,Yes,1
464676,Male,No,19,No,Entertainment,1.0,Low,6.0,No,2
466939,Male,Yes,62,No,Lawyer,0.0,High,3.0,Yes,3
464764,Female,Yes,64,No,Engineer,1.0,High,10.0,Yes,4
464120,Male,No,30,No,Healthcare,8.0,Low,3.0,No,2
467444,Female,Yes,40,Yes,Artist,,Low,2.0,No,4
465005,Male,Yes,50,Yes,Executive,4.0,High,3.0,Yes,1
463357,Male,Yes,27,Yes,Doctor,2.0,Average,2.0,Yes,1
466287,Female,Yes,43,Yes,Doctor,2.0,Average,3.0,Yes,4
463140,Female,Yes,34,No,Engineer,4.0,Average,4.0,Yes,4
459258,Female,Yes,78,Yes,Lawyer,0.0,High,,Yes,3
459530,Female,No,39,Yes,Lawyer,0.0,High,3.0,Yes,3
462284,Male,Yes,53,Yes,Executive,1.0,Average,4.0,No,1
462225,Male,No,44,No,Engineer,0.0,Average,7.0,Yes,2
461043,Male,Yes,49,No,Healthcare,0.0,Low,7.0,No,2
459194,Female,Yes,81,Yes,Lawyer,1.0,High,2.0,Yes,3
466198,Male,Yes,69,No,Lawyer,0.0,High,1.0,Yes,3
465539,Female,Yes,49,Yes,Artist,2.0,High,6.0,Yes,4
464820,Female,No,25,No,Artist,1.0,Low,1.0,No,0
464668,Male,Yes,35,No,Healthcare,1.0,High,4.0,Yes,1
465229,Male,Yes,43,Yes,Executive,0.0,High,3.0,Yes,1
460210,Male,No,29,,Entertainment,8.0,Low,9.0,No,2
467768,Male,Yes,55,Yes,Doctor,0.0,Average,1.0,Yes,1
459414,Female,No,39,Yes,,8.0,Low,,No,0
459328,Male,Yes,44,Yes,Executive,0.0,High,2.0,Yes,1
467277,Male,No,25,Yes,Artist,13.0,Low,3.0,No,0
464878,Male,No,22,No,Healthcare,0.0,Low,4.0,No,2
461682,Male,Yes,76,No,Executive,1.0,High,2.0,Yes,3
460416,Male,No,28,Yes,Healthcare,14.0,Low,1.0,No,0
465250,Male,No,22,No,Healthcare,0.0,Low,4.0,No,2
465568,Male,Yes,44,Yes,Executive,2.0,High,2.0,Yes,1
460311,Male,No,25,Yes,Entertainment,2.0,Low,3.0,No,0
461709,Male,No,33,Yes,Artist,0.0,Low,3.0,No,0
467691,Female,Yes,53,Yes,Artist,,Average,3.0,No,4
466941,Male,Yes,80,Yes,Lawyer,,High,3.0,Yes,3
463983,Female,Yes,36,No,Engineer,0.0,Average,2.0,Yes,4
466276,Female,No,32,No,Doctor,0.0,Low,5.0,No,2
459017,Male,No,45,Yes,Executive,,High,6.0,Yes,1
462933,Male,Yes,60,,Entertainment,,High,5.0,Yes,1
464469,Female,No,50,Yes,Artist,9.0,Low,1.0,No,0
460057,Male,No,36,Yes,Artist,2.0,Low,1.0,No,0
465636,Male,No,29,Yes,Healthcare,3.0,Low,3.0,No,0
463119,Female,Yes,80,Yes,Lawyer,,High,2.0,Yes,3
460426,Male,Yes,45,No,Artist,4.0,Average,2.0,No,1
466849,Female,No,27,Yes,Artist,0.0,Low,8.0,No,2
459053,Male,Yes,44,No,Executive,2.0,High,4.0,Yes,1
467123,Female,Yes,48,Yes,Executive,3.0,High,3.0,Yes,4
465839,Male,No,19,No,Healthcare,,Low,4.0,No,2
465487,Male,No,25,Yes,Entertainment,1.0,Low,3.0,No,0
465662,Male,Yes,76,No,Executive,1.0,Low,1.0,No,3
462246,Female,No,80,No,Lawyer,3.0,High,3.0,Yes,3
463635,Female,Yes,41,Yes,Artist,0.0,Low,3.0,No,4
464493,Female,Yes,65,Yes,Lawyer,6.0,Average,5.0,Yes,3
467209,Female,No,35,Yes,Healthcare,1.0,Low,1.0,No,0
463538,Male,Yes,64,No,Executive,0.0,High,3.0,Yes,3
466884,Female,Yes,42,No,Doctor,1.0,Low,1.0,No,4
466200,Male,Yes,53,Yes,Doctor,7.0,Average,4.0,Yes,1
465085,Male,Yes,83,Yes,Lawyer,,High,2.0,Yes,3
464217,Female,No,32,No,Healthcare,12.0,Low,3.0,No,2
463176,Male,Yes,39,Yes,Artist,,Average,4.0,No,1
462025,Male,No,20,No,Healthcare,2.0,Low,3.0,No,2
463661,Female,Yes,55,Yes,Doctor,0.0,Average,4.0,Yes,4
464992,Male,Yes,67,Yes,Executive,1.0,High,2.0,Yes,3
467959,Female,No,26,No,Engineer,0.0,Low,1.0,No,0
462607,Female,Yes,41,No,Engineer,3.0,Average,4.0,Yes,4
465867,Female,No,36,Yes,Artist,7.0,High,5.0,Yes,4
459351,Female,Yes,57,Yes,Artist,0.0,High,,Yes,4
462590,Male,No,34,No,Engineer,,Average,2.0,Yes,2
467485,Male,Yes,58,Yes,Lawyer,0.0,High,2.0,Yes,3
466424,Female,Yes,42,Yes,Engineer,1.0,High,3.0,Yes,4
459571,Male,Yes,57,Yes,Executive,0.0,High,5.0,Yes,1
463044,Male,Yes,80,Yes,Lawyer,,High,1.0,Yes,3
467494,Female,Yes,77,Yes,Lawyer,0.0,High,,Yes,3
461485,Male,Yes,57,No,Engineer,0.0,Average,2.0,Yes,1
463302,Female,Yes,60,Yes,Engineer,,High,5.0,Yes,4
463263,Female,Yes,70,Yes,Engineer,0.0,High,2.0,Yes,4
466059,Male,Yes,25,No,Entertainment,1.0,Average,2.0,No,1
462811,Male,Yes,38,Yes,Marketing,,High,1.0,Yes,3
463895,Female,Yes,70,No,Doctor,1.0,Average,1.0,Yes,4
462472,Male,No,35,Yes,Artist,0.0,Low,1.0,No,0
465877,Female,No,48,Yes,Artist,6.0,Low,1.0,No,0
461885,Female,Yes,53,Yes,Artist,2.0,High,5.0,Yes,4
458987,Female,Yes,70,Yes,Lawyer,0.0,High,2.0,Yes,3
459824,Male,No,38,Yes,Entertainment,8.0,Low,1.0,No,0
464633,Male,No,30,No,Executive,1.0,Low,4.0,No,2
461577,Female,Yes,50,Yes,Artist,1.0,Average,3.0,No,4
467932,Female,No,28,No,Healthcare,0.0,Low,4.0,No,2
463380,Female,Yes,69,Yes,Engineer,1.0,Low,1.0,No,4
462896,Male,Yes,58,Yes,Entertainment,,Low,2.0,No,1
462003,Male,Yes,79,No,Lawyer,9.0,Low,3.0,No,3
465106,Male,Yes,51,Yes,Executive,0.0,High,2.0,Yes,1
459617,Male,No,31,Yes,Entertainment,0.0,Low,5.0,No,2
467082,Female,Yes,70,Yes,Artist,1.0,High,1.0,Yes,4
465915,Male,Yes,40,Yes,Entertainment,8.0,Average,2.0,No,1
467966,Female,No,31,Yes,Entertainment,9.0,Low,3.0,No,0
466490,Female,Yes,84,No,Lawyer,0.0,High,2.0,Yes,3
465089,Male,Yes,76,No,Executive,2.0,High,3.0,Yes,3
462418,Male,Yes,62,No,Engineer,10.0,Average,4.0,Yes,1
463445,Male,Yes,48,Yes,Artist,0.0,Average,3.0,No,1
465693,Female,Yes,22,Yes,Healthcare,0.0,High,5.0,Yes,4
461600,Male,No,30,Yes,Marketing,1.0,Low,5.0,No,2
464929,Male,Yes,66,No,Doctor,1.0,Average,2.0,Yes,1
463588,Male,No,19,No,Healthcare,1.0,Low,1.0,No,2
460169,Male,Yes,80,Yes,Lawyer,0.0,High,2.0,Yes,3
462654,Male,Yes,39,No,Artist,1.0,Average,6.0,No,1
460739,Male,Yes,41,Yes,Executive,,High,5.0,Yes,1
467696,Male,Yes,84,Yes,Lawyer,,High,3.0,Yes,3
465695,Female,No,33,No,Healthcare,,Low,3.0,No,2
467738,Male,Yes,43,Yes,Doctor,3.0,Average,2.0,Yes,1
464171,Female,Yes,61,Yes,Artist,0.0,Low,1.0,No,4
462408,Male,No,32,Yes,Artist,1.0,Low,2.0,No,0
459472,Female,Yes,79,No,Lawyer,,High,2.0,Yes,3
460231,Male,Yes,54,Yes,Executive,12.0,High,4.0,Yes,1
466287,Female,Yes,52,No,Doctor,1.0,Average,2.0,Yes,4
465187,Female,Yes,36,No,Doctor,0.0,Average,4.0,Yes,4
460134,Male,Yes,42,Yes,Entertainment,9.0,High,4.0,Yes,1
466216,Male,No,29,No,Entertainment,1.0,Low,4.0,No,2
467622,Male,No,73,Yes,Lawyer,2.0,High,2.0,Yes,3
462196,Male,Yes,56,No,Marketing,1.0,Average,3.0,No,3
465536,Female,Yes,26,Yes,Doctor,,Average,1.0,Yes,4
465919,Female,No,50,Yes,Artist,0.0,Low,1.0,No,0
462669,Female,Yes,43,Yes,Entertainment,,High,6.0,Yes,4
461123,Male,No,20,No,Healthcare,2.0,Low,4.0,No,2
462068,Male,Yes,52,Yes,Executive,1.0,High,4.0,Yes,1
460134,Male,Yes,39,Yes,Entertainment,9.0,High,3.0,Yes,1
460087,Female,Yes,56,Yes,Entertainment,0.0,Average,2.0,No,4
464766,Female,Yes,55,No,Engineer,7.0,Average,5.0,Yes,4
466594,Male,Yes,68,Yes,Executive,0.0,High,2.0,Yes,3
463529,Male,No,37,Yes,Marketing,,Low,1.0,No,0
460530,Female,Yes,33,Yes,Entertainment,3.0,Average,3.0,No,4
465108,Female,Yes,55,Yes,Doctor,0.0,Average,1.0,Yes,4
467742,Male,Yes,58,Yes,Artist,4.0,High,5.0,Yes,1
464478,Male,Yes,77,No,Lawyer,2.0,High,1.0,Yes,3
463567,Male,Yes,43,Yes,Doctor,2.0,Average,2.0,Yes,1
464913,Male,Yes,52,Yes,Entertainment,0.0,Low,4.0,No,1
459105,Male,Yes,36,Yes,Executive,3.0,High,3.0,Yes,1
466018,Male,Yes,72,Yes,Artist,0.0,Low,3.0,No,1
467465,Male,No,19,No,Healthcare,,Low,6.0,No,2
459165,Male,No,27,No,Doctor,7.0,Low,3.0,No,2
466143,Female,Yes,48,No,Engineer,0.0,Average,5.0,Yes,4
459284,Female,Yes,75,Yes,Lawyer,1.0,High,3.0,Yes,3
465957,Female,No,46,Yes,Marketing,1.0,Low,1.0,No,0
462500,Male,Yes,51,Yes,Doctor,0.0,Average,3.0,Yes,1
464131,Female,Yes,81,No,Engineer,0.0,High,2.0,Yes,3
462795,Male,No,25,No,Entertainment,13.0,Low,3.0,No,2
465044,Female,Yes,45,No,Engineer,1.0,Average,5.0,Yes,4
459643,Male,Yes,42,Yes,Executive,1.0,High,4.0,Yes,1
467806,Male,Yes,62,Yes,Artist,1.0,High,2.0,Yes,1
466222,Male,Yes,51,No,Executive,5.0,Low,3.0,No,1
459054,Female,Yes,39,Yes,Executive,11.0,High,3.0,Yes,4
462985,Male,Yes,32,Yes,Doctor,11.0,Average,4.0,Yes,1
466594,Male,Yes,74,Yes,Executive,1.0,High,3.0,Yes,3
459438,Female,No,70,Yes,Artist,0.0,High,2.0,Yes,4
462758,Male,No,18,No,Healthcare,0.0,Low,3.0,No,2
461854,Male,No,30,Yes,Healthcare,9.0,Low,3.0,No,0
461241,Male,Yes,32,Yes,Healthcare,5.0,Low,2.0,No,1
465470,Female,Yes,56,No,Engineer,2.0,Average,2.0,Yes,4
459210,Female,Yes,70,Yes,Artist,0.0,High,3.0,Yes,4
461862,Female,No,42,Yes,Artist,9.0,Low,1.0,No,0
464618,Male,,35,Yes,Artist,5.0,Low,1.0,No,1
459557,Female,,29,No,Entertainment,1.0,High,,Yes,4
466647,Female,Yes,36,Yes,Artist,9.0,High,3.0,Yes,4
463968,Male,No,33,No,Artist,,Low,4.0,No,2
464795,Female,No,31,No,Engineer,1.0,Low,8.0,No,2
465122,Female,Yes,40,Yes,Artist,2.0,Average,2.0,No,4
467604,Male,No,31,No,Healthcare,9.0,Low,8.0,No,2
464707,Male,Yes,48,No,,1.0,Average,4.0,No,1
460889,Female,Yes,47,Yes,Artist,1.0,Low,2.0,No,4
463866,Male,Yes,40,Yes,Artist,1.0,Average,4.0,No,1
465488,Male,No,18,No,Healthcare,0.0,Low,4.0,No,2
461047,Female,,18,No,Healthcare,1.0,Average,3.0,No,4
464766,Female,Yes,46,No,Engineer,9.0,Average,5.0,Yes,4
462255,Male,No,72,Yes,Executive,0.0,High,4.0,Yes,3
463707,Female,No,36,No,Artist,0.0,Low,1.0,No,0
461449,Female,Yes,42,Yes,Artist,4.0,High,4.0,Yes,4
462108,Female,Yes,27,Yes,Homemaker,,Average,2.0,No,4
459806,Female,Yes,53,Yes,Engineer,0.0,Average,3.0,Yes,4
461410,Male,Yes,79,No,,0.0,Average,2.0,No,1
460088,Female,Yes,33,Yes,Homemaker,,High,2.0,Yes,4
465038,Male,Yes,41,No,Executive,1.0,High,5.0,Yes,1
466928,Female,No,26,,Healthcare,0.0,Low,7.0,No,2
464539,Male,Yes,42,No,Executive,3.0,High,3.0,Yes,1
462159,Male,No,43,Yes,Doctor,1.0,Low,,No,0
462541,Male,Yes,66,Yes,Engineer,4.0,High,3.0,Yes,1
464566,Male,Yes,36,Yes,Executive,1.0,High,3.0,Yes,1
466742,Male,Yes,45,No,Doctor,8.0,Low,2.0,No,1
467095,Female,Yes,36,No,Engineer,0.0,Average,3.0,Yes,4
459632,Female,Yes,48,No,Marketing,2.0,High,4.0,Yes,3
463161,Male,No,35,Yes,Artist,1.0,Low,2.0,No,0
461302,Male,No,20,No,Healthcare,0.0,Low,4.0,No,2
465758,Female,Yes,37,No,Engineer,7.0,Low,1.0,No,4
465741,Female,Yes,43,Yes,Healthcare,9.0,Low,2.0,No,4
464005,Female,No,27,No,Healthcare,0.0,Low,5.0,No,2
460575,Female,No,27,No,Artist,,Low,,No,2
463297,Male,No,27,Yes,Healthcare,4.0,Low,2.0,No,0
461153,Female,Yes,36,Yes,Artist,,High,4.0,Yes,4
462068,Male,Yes,57,Yes,Executive,0.0,High,2.0,Yes,1
462270,Male,Yes,53,Yes,Doctor,3.0,Average,3.0,Yes,1
460206,Female,Yes,40,Yes,Entertainment,1.0,Low,2.0,No,4
460892,Male,Yes,45,Yes,Engineer,,Average,3.0,Yes,1
461664,Male,Yes,62,Yes,Artist,0.0,Average,4.0,No,1
460560,Female,Yes,57,Yes,Homemaker,9.0,Average,2.0,No,4
462374,Male,Yes,37,Yes,Executive,0.0,High,4.0,Yes,1
467685,Male,Yes,45,No,Marketing,2.0,High,6.0,Yes,3
459873,Male,Yes,55,Yes,Artist,,Average,3.0,No,1
458987,Female,Yes,70,Yes,Lawyer,0.0,High,1.0,Yes,3
464876,Female,Yes,50,Yes,Engineer,,Average,5.0,Yes,4
465978,Male,Yes,50,Yes,Artist,1.0,Average,3.0,No,1
463677,Male,Yes,42,No,Executive,1.0,High,5.0,Yes,1
466648,Male,Yes,38,Yes,Executive,4.0,High,1.0,Yes,1
459112,Female,Yes,77,Yes,Lawyer,1.0,High,,Yes,3
463711,Female,Yes,68,Yes,Lawyer,3.0,Low,1.0,No,3
460512,Female,Yes,48,Yes,Engineer,2.0,High,4.0,Yes,4
460476,Male,Yes,54,Yes,Doctor,,Average,3.0,Yes,1
466504,Male,Yes,42,No,Executive,10.0,High,6.0,Yes,1
464301,Female,Yes,49,Yes,Doctor,0.0,Average,3.0,Yes,4
464653,Female,Yes,59,No,Artist,3.0,Average,4.0,No,4
461987,Female,Yes,48,No,Engineer,2.0,Average,3.0,Yes,4
467903,Male,Yes,39,Yes,Entertainment,9.0,Low,2.0,No,1
466674,Female,Yes,57,Yes,Artist,0.0,High,2.0,Yes,4
467922,Male,Yes,84,Yes,Entertainment,0.0,High,2.0,Yes,3
461863,Male,No,33,No,Doctor,2.0,Low,4.0,No,2
464207,Male,No,53,Yes,Artist,0.0,Low,1.0,No,0
466419,Female,Yes,45,Yes,Entertainment,3.0,Average,5.0,No,4
465242,Male,No,22,No,Healthcare,7.0,Low,4.0,No,2
465022,Male,Yes,73,Yes,Lawyer,0.0,High,3.0,Yes,3
463264,Female,Yes,71,Yes,Lawyer,0.0,Low,2.0,No,3
461353,Male,Yes,53,Yes,Executive,0.0,High,4.0,Yes,1
465422,Female,Yes,40,Yes,Artist,1.0,Average,2.0,No,4
466454,Male,No,33,Yes,Entertainment,1.0,Low,1.0,No,0
465893,Female,No,43,Yes,Engineer,0.0,Average,2.0,Yes,0
460340,Female,No,46,Yes,Artist,10.0,Low,2.0,No,0
466274,Male,Yes,69,Yes,Executive,0.0,Low,,No,1
461011,Male,Yes,55,No,Executive,1.0,High,4.0,Yes,1
462380,Female,Yes,54,No,Artist,0.0,High,4.0,Yes,4
461063,Male,Yes,53,No,Lawyer,0.0,Low,2.0,No,3
460493,Male,No,42,Yes,Entertainment,2.0,Low,1.0,No,0
459522,Male,Yes,47,Yes,Entertainment,,Average,4.0,No,1
466744,Female,Yes,52,Yes,Artist,1.0,Average,3.0,No,4
462880,Male,No,27,No,Executive,2.0,High,3.0,Yes,2
467771,Female,Yes,59,Yes,Artist,0.0,Average,5.0,No,4
460902,Male,No,38,Yes,Executive,1.0,Low,3.0,No,0
467505,Male,Yes,43,Yes,Artist,0.0,Low,4.0,No,1
460465,Male,No,36,No,Executive,0.0,Low,3.0,No,2
467550,Male,No,27,Yes,Doctor,0.0,Low,2.0,No,0
463875,Male,Yes,53,Yes,Entertainment,1.0,Low,3.0,No,1
462999,Female,,29,No,Engineer,0.0,High,4.0,Yes,4
463376,Female,Yes,40,Yes,Executive,5.0,High,2.0,Yes,4
466022,Female,Yes,66,No,Engineer,,High,2.0,Yes,4
464079,Female,Yes,32,Yes,Doctor,13.0,Average,1.0,Yes,4
464453,Female,Yes,50,Yes,Artist,5.0,High,5.0,Yes,4
459787,Male,Yes,71,No,Lawyer,0.0,Low,1.0,No,3
465570,Male,Yes,46,Yes,Artist,1.0,Average,4.0,No,1
465063,Female,Yes,67,Yes,Lawyer,2.0,High,1.0,Yes,3
465984,Male,,23,No,Healthcare,8.0,High,5.0,Yes,1
465522,Female,No,29,Yes,Healthcare,2.0,Low,8.0,No,2
461870,Female,Yes,45,Yes,Artist,0.0,Average,2.0,No,4
464730,Male,Yes,36,No,Executive,1.0,High,6.0,Yes,1
460462,Female,No,20,No,Marketing,1.0,Low,3.0,No,2
467352,Male,Yes,50,Yes,Executive,1.0,High,3.0,Yes,1
461985,Male,No,31,Yes,Entertainment,,Low,,No,0
465884,Male,Yes,35,Yes,Executive,8.0,High,3.0,Yes,1
463850,Female,Yes,22,No,Entertainment,2.0,High,3.0,Yes,4
459150,Female,No,49,Yes,Doctor,0.0,Low,1.0,No,0
465351,Female,Yes,51,Yes,Artist,8.0,Average,2.0,No,4
467297,Female,Yes,53,Yes,Artist,1.0,Average,3.0,No,4
461937,Female,No,41,Yes,Doctor,1.0,Low,,No,0
460968,Male,Yes,28,No,Doctor,10.0,Average,3.0,Yes,1
466848,Female,Yes,65,Yes,Artist,1.0,Low,2.0,No,4
465313,Male,No,31,No,Entertainment,0.0,Low,3.0,No,2
462235,Female,Yes,36,Yes,Engineer,11.0,Low,2.0,No,4
465108,Male,Yes,56,Yes,Doctor,2.0,Average,2.0,Yes,1
466353,Female,Yes,36,Yes,Engineer,0.0,Average,2.0,Yes,4
465463,Female,No,28,No,Doctor,,Low,5.0,No,2
463152,Female,Yes,52,Yes,Doctor,0.0,Average,5.0,Yes,4
462825,Male,Yes,41,No,Executive,1.0,High,2.0,Yes,1
465853,Female,Yes,33,Yes,Healthcare,,Average,2.0,No,4
467873,Female,Yes,36,Yes,Artist,1.0,Average,2.0,No,4
466275,Male,Yes,84,No,Lawyer,,Low,,No,3
466230,Male,Yes,46,Yes,Artist,0.0,Average,2.0,No,1
467340,Female,Yes,72,Yes,Lawyer,2.0,High,1.0,Yes,3
465851,Female,Yes,50,No,Artist,9.0,High,2.0,Yes,4
463170,Female,,33,Yes,Healthcare,0.0,Low,5.0,No,4
461449,Female,Yes,40,Yes,Artist,6.0,High,2.0,Yes,4
464352,Male,Yes,56,Yes,Doctor,0.0,Average,3.0,Yes,1
465671,Female,Yes,31,No,Engineer,0.0,Average,4.0,Yes,4
463285,Male,Yes,31,No,Marketing,,Low,4.0,No,2
459383,Male,Yes,36,No,Engineer,0.0,Low,1.0,No,1
464149,Male,Yes,38,Yes,Artist,1.0,Average,4.0,No,1
461666,Female,Yes,31,Yes,Artist,2.0,High,1.0,Yes,4
461949,Female,No,38,No,Artist,14.0,Low,1.0,No,0
465391,Female,Yes,72,Yes,Lawyer,0.0,High,2.0,Yes,3
461822,Male,Yes,42,No,Artist,8.0,High,3.0,Yes,1
467195,Male,Yes,23,Yes,Executive,,High,3.0,Yes,1
459305,Male,No,33,No,Healthcare,11.0,High,2.0,Yes,2
465025,Male,Yes,71,Yes,Executive,0.0,High,3.0,Yes,3
466808,Female,No,43,No,Engineer,0.0,Low,1.0,No,0
463577,Female,Yes,39,Yes,Doctor,3.0,Average,1.0,Yes,4
467880,Female,Yes,45,Yes,Artist,1.0,Average,2.0,No,4
462182,Male,Yes,88,No,Artist,7.0,Low,1.0,No,1
461232,Female,Yes,39,Yes,Executive,,High,,Yes,4
460635,Male,Yes,29,No,Healthcare,,High,2.0,Yes,1
464801,Male,No,40,No,Marketing,1.0,Low,1.0,No,2
463021,Male,Yes,77,No,Lawyer,1.0,High,2.0,Yes,3
464980,Female,,59,Yes,Engineer,3.0,High,2.0,Yes,4
460382,Male,Yes,32,No,Marketing,4.0,Low,3.0,No,2
464902,Female,Yes,68,No,Lawyer,0.0,Low,1.0,No,3
460952,Male,Yes,41,No,Doctor,2.0,Average,4.0,Yes,1
462606,Male,Yes,36,No,Executive,0.0,High,3.0,Yes,1
464615,Male,Yes,35,Yes,Artist,7.0,Low,2.0,No,1
465633,Male,No,80,Yes,Executive,,High,1.0,Yes,3
460661,Female,No,33,No,Homemaker,9.0,Low,1.0,No,0
462007,Female,Yes,36,Yes,Artist,1.0,Average,2.0,No,4
464398,Male,Yes,48,No,Marketing,0.0,Low,5.0,No,2
460498,Male,Yes,52,No,Executive,1.0,High,2.0,Yes,1
459092,Male,Yes,60,Yes,Executive,0.0,High,4.0,Yes,1
459223,Female,Yes,48,Yes,Doctor,0.0,Average,3.0,Yes,4
464917,Female,Yes,76,No,Lawyer,,Low,1.0,No,3
459771,Female,,30,Yes,Doctor,0.0,Low,3.0,No,4
461101,Female,Yes,50,Yes,Engineer,4.0,Average,4.0,Yes,4
466899,Female,Yes,51,Yes,Artist,,Low,2.0,No,4
461898,Male,Yes,58,Yes,Executive,3.0,High,3.0,Yes,1
465349,Female,Yes,49,Yes,Artist,0.0,High,4.0,Yes,4
467728,Female,Yes,38,No,Engineer,1.0,High,5.0,Yes,4
465017,Male,No,57,Yes,Executive,3.0,High,3.0,Yes,1
462286,Male,Yes,62,No,Doctor,0.0,Average,2.0,Yes,1
460716,Male,Yes,52,Yes,Entertainment,0.0,Average,4.0,No,1
466756,Male,Yes,60,Yes,Artist,0.0,Average,2.0,No,1
463921,Female,Yes,49,Yes,,,Low,1.0,No,4
464651,Female,Yes,26,No,Doctor,1.0,Average,2.0,Yes,4
461674,Male,Yes,52,Yes,Executive,0.0,High,4.0,Yes,1
459218,Male,Yes,80,Yes,Lawyer,0.0,High,4.0,Yes,3
467063,Male,Yes,53,Yes,Entertainment,1.0,Average,2.0,No,1
465698,Male,No,39,Yes,Artist,8.0,Low,2.0,No,0
464222,Male,Yes,58,Yes,Artist,1.0,Low,1.0,No,1
460558,Female,Yes,37,Yes,Engineer,,Low,1.0,No,4
465501,Male,Yes,40,Yes,Artist,13.0,High,1.0,Yes,1
464817,Male,No,31,Yes,Artist,7.0,Low,1.0,No,0
461774,Female,Yes,78,Yes,Lawyer,2.0,High,3.0,Yes,3
467743,Male,Yes,48,No,Executive,1.0,High,4.0,Yes,1
461446,Female,Yes,66,Yes,Lawyer,1.0,High,2.0,Yes,3
459765,Female,No,35,Yes,Engineer,4.0,Low,1.0,No,0
464510,Female,No,76,No,Lawyer,0.0,High,2.0,Yes,3
467228,Male,No,29,Yes,Healthcare,,Low,4.0,No,2
462188,Female,Yes,56,No,Engineer,1.0,Average,4.0,Yes,4
461192,Male,Yes,46,Yes,Artist,,High,,Yes,1
460868,Male,Yes,35,Yes,Artist,1.0,Average,2.0,No,1
466166,Male,Yes,85,Yes,Lawyer,1.0,High,2.0,Yes,3
465035,Female,Yes,78,Yes,Lawyer,12.0,High,3.0,Yes,3
461290,Male,No,22,No,Healthcare,,Low,2.0,No,2
467726,Male,Yes,78,Yes,Lawyer,1.0,High,2.0,Yes,3
465217,Male,No,52,Yes,Executive,0.0,High,4.0,Yes,1
464573,Female,Yes,39,Yes,Artist,7.0,Average,3.0,No,4
459924,Female,Yes,65,Yes,Artist,0.0,Average,2.0,No,4
461090,Female,Yes,45,Yes,Engineer,1.0,Low,3.0,No,4
461737,Female,No,47,No,Doctor,0.0,Average,7.0,Yes,2
465184,Female,Yes,50,No,Engineer,3.0,Average,6.0,Yes,4
467541,Male,Yes,40,Yes,Artist,3.0,High,3.0,Yes,1
461050,Male,Yes,45,No,,0.0,High,3.0,Yes,1
460050,Male,Yes,50,Yes,Entertainment,3.0,Low,2.0,No,1
467219,Female,Yes,66,No,Lawyer,,High,3.0,Yes,3
459309,Male,Yes,42,Yes,Artist,11.0,High,1.0,Yes,1
467218,Female,No,32,Yes,Artist,9.0,Low,1.0,No,0
462785,Female,Yes,39,Yes,Engineer,,Average,4.0,Yes,4
459066,Male,Yes,47,Yes,Executive,7.0,High,3.0,Yes,1
466495,Male,Yes,80,Yes,Lawyer,2.0,High,1.0,Yes,3
464813,Male,Yes,45,Yes,Engineer,6.0,Average,6.0,Yes,1
462877,Male,No,28,Yes,Artist,1.0,Low,3.0,No,0
465654,Female,No,48,Yes,Engineer,1.0,Low,1.0,No,0
466522,Male,,19,No,,4.0,High,3.0,Yes,1
461350,Male,No,30,No,Healthcare,1.0,Low,4.0,No,2
464692,Female,No,48,No,Marketing,1.0,Low,1.0,No,2
465234,Male,Yes,68,Yes,Artist,0.0,Low,1.0,No,1
461087,Female,Yes,29,No,Artist,0.0,Average,2.0,No,4
465387,Female,Yes,43,Yes,Artist,0.0,Low,2.0,No,4
466586,Male,No,21,No,Healthcare,0.0,Low,2.0,No,2
463682,Male,Yes,41,Yes,Artist,12.0,Average,2.0,No,1
459166,Male,Yes,77,Yes,Artist,1.0,Low,1.0,No,1
463623,Male,No,33,Yes,Doctor,0.0,Low,3.0,No,0
461735,Male,Yes,65,Yes,Lawyer,0.0,High,3.0,Yes,3
463513,Male,No,80,Yes,Artist,,High,3.0,Yes,1
464129,Male,Yes,48,Yes,Executive,3.0,High,4.0,Yes,1
467693,Male,Yes,61,Yes,Entertainment,7.0,High,5.0,Yes,1
459288,Male,Yes,41,Yes,Artist,1.0,Low,2.0,No,1
462613,Female,No,38,No,Engineer,1.0,Average,4.0,Yes,2
462655,Male,No,38,Yes,Entertainment,0.0,Low,2.0,No,0
462155,Female,Yes,52,Yes,Artist,,High,2.0,Yes,4
465187,Female,Yes,38,No,Doctor,0.0,Average,3.0,Yes,4
464512,Male,Yes,43,No,Executive,8.0,Low,3.0,No,1
461567,Male,Yes,51,No,Entertainment,7.0,Average,3.0,No,1
467688,Female,No,46,Yes,Engineer,0.0,Average,2.0,Yes,0
466331,Male,Yes,26,Yes,Marketing,0.0,Low,2.0,No,1
462273,Female,No,41,Yes,Entertainment,1.0,Low,,No,0
465519,Female,Yes,70,No,Lawyer,1.0,High,1.0,Yes,3
467836,Male,Yes,65,No,Executive,0.0,High,2.0,Yes,3
467862,Female,Yes,47,Yes,Artist,0.0,Low,3.0,No,4
459811,Male,Yes,43,No,Artist,2.0,High,2.0,Yes,1
465277,Female,No,53,Yes,Engineer,,Low,1.0,No,0
461646,Female,Yes,59,Yes,Artist,,High,4.0,Yes,4
465100,Male,Yes,56,Yes,Artist,1.0,High,2.0,Yes,1
461760,Male,Yes,82,Yes,Artist,0.0,High,2.0,Yes,1
459077,Female,Yes,80,No,Lawyer,1.0,High,1.0,Yes,3
463692,Female,Yes,26,Yes,Healthcare,6.0,High,7.0,Yes,4
463253,Female,Yes,61,Yes,Doctor,0.0,Average,4.0,Yes,4
460013,Female,No,68,No,,2.0,Low,3.0,No,0
461621,Female,Yes,80,Yes,Lawyer,0.0,High,2.0,Yes,3
460345,Female,Yes,40,Yes,Artist,1.0,Average,2.0,No,4
465577,Male,No,26,No,Healthcare,0.0,Low,4.0,No,2
463608,Male,Yes,25,Yes,,,Low,,No,1
464637,Female,No,38,Yes,Marketing,,Low,4.0,No,2
464729,Male,No,36,No,Marketing,,Low,4.0,No,2
463123,Female,No,33,Yes,Doctor,1.0,Low,3.0,No,0
461663,Male,No,20,No,Healthcare,1.0,Low,3.0,No,2
462503,Male,Yes,52,Yes,Executive,0.0,High,4.0,Yes,1
462425,Male,No,35,Yes,Doctor,3.0,Low,1.0,No,0
459507,Male,Yes,69,Yes,Lawyer,,High,2.0,Yes,3
463818,Female,Yes,40,Yes,Artist,2.0,Low,1.0,No,4
461814,Female,No,37,Yes,Artist,1.0,Low,1.0,No,0
461901,Male,No,30,Yes,Artist,5.0,Low,4.0,No,0
460395,Female,No,27,Yes,Entertainment,8.0,Low,3.0,No,0
460707,Male,Yes,38,No,Artist,1.0,Average,3.0,No,1
459124,Male,Yes,77,Yes,Artist,1.0,High,3.0,Yes,1
465542,Female,Yes,62,No,Doctor,,Average,5.0,Yes,4
461579,Female,Yes,46,Yes,Artist,3.0,High,3.0,Yes,4
465815,Male,Yes,41,No,Doctor,0.0,Average,2.0,Yes,1
459319,Female,Yes,46,No,Artist,3.0,High,3.0,Yes,4
462879,Male,Yes,71,Yes,Lawyer,0.0,High,3.0,Yes,3
463002,Male,Yes,41,Yes,Artist,0.0,High,5.0,Yes,1
466485,Male,Yes,39,No,Executive,8.0,High,1.0,Yes,1
464657,Male,No,23,No,Healthcare,0.0,Low,3.0,No,2
459725,Female,Yes,35,Yes,Artist,1.0,Low,2.0,No,4
464689,Female,No,25,Yes,Marketing,2.0,Low,,No,2
464362,Female,Yes,51,Yes,Artist,1.0,Low,1.0,No,4
463402,Male,No,19,No,Healthcare,7.0,Low,4.0,No,2
462382,Male,Yes,71,Yes,Lawyer,0.0,High,1.0,Yes,3
464706,Female,No,32,No,Doctor,1.0,Low,3.0,No,2
460951,Female,Yes,58,No,Engineer,2.0,Average,8.0,Yes,4
463669,Female,Yes,34,Yes,Marketing,8.0,High,4.0,Yes,4
462624,Male,Yes,31,No,Entertainment,1.0,Low,6.0,No,2
461722,Male,No,27,No,Doctor,1.0,Low,3.0,No,2
459644,Female,No,33,No,Marketing,9.0,Low,4.0,No,2
463124,Male,Yes,31,No,Artist,,Average,2.0,No,1
463165,Female,Yes,70,Yes,Doctor,0.0,Average,1.0,Yes,4
463089,Male,Yes,51,Yes,Executive,7.0,High,4.0,Yes,1
463822,Male,Yes,56,Yes,Artist,0.0,Average,4.0,No,1
464840,Male,No,18,No,Healthcare,0.0,Low,4.0,No,2
463738,Male,Yes,39,No,Executive,0.0,High,5.0,Yes,1
463004,Male,Yes,48,Yes,Artist,0.0,Average,2.0,No,1
462257,Female,Yes,80,Yes,Lawyer,,High,3.0,Yes,3
464933,Male,No,25,No,,0.0,Low,1.0,No,0
464717,Male,Yes,30,No,Executive,5.0,High,7.0,Yes,1
464875,Male,Yes,42,No,Entertainment,1.0,Low,2.0,No,1
463077,Male,No,28,No,Doctor,4.0,Low,3.0,No,2
462621,Female,Yes,49,No,Engineer,6.0,Average,6.0,Yes,4
466149,Female,No,30,No,Doctor,3.0,Low,4.0,No,2
459352,Male,Yes,38,Yes,Doctor,4.0,Average,4.0,Yes,1
462694,Male,Yes,61,Yes,Entertainment,6.0,Average,2.0,No,1
460929,Male,Yes,50,Yes,Artist,0.0,Average,4.0,No,1
461116,Male,No,30,No,Executive,3.0,High,5.0,Yes,2
464531,Male,Yes,35,No,Engineer,1.0,High,5.0,Yes,1
464223,Female,Yes,52,Yes,Artist,2.0,Low,2.0,No,4
459678,Male,No,21,No,Healthcare,0.0,Low,5.0,No,2
462247,Female,Yes,42,No,Artist,1.0,High,4.0,Yes,4
466329,Female,Yes,39,,Doctor,2.0,Low,1.0,No,4
462769,Female,Yes,45,No,Homemaker,5.0,High,4.0,Yes,4
462988,Female,Yes,27,Yes,Healthcare,10.0,High,2.0,Yes,4
463980,Female,No,26,Yes,Artist,1.0,Low,9.0,No,2
467382,Male,Yes,40,Yes,Doctor,8.0,Average,2.0,Yes,1
459862,Male,Yes,70,No,Executive,,High,3.0,Yes,3
464044,Female,No,40,Yes,Entertainment,1.0,Low,3.0,No,0
460598,Female,Yes,31,No,Doctor,0.0,Average,2.0,Yes,4
460626,Female,Yes,44,No,Doctor,9.0,High,5.0,Yes,4
467187,Male,Yes,43,No,Engineer,0.0,Average,2.0,Yes,1
463479,Male,No,30,No,Executive,1.0,Low,2.0,No,2
459640,Female,Yes,72,Yes,Doctor,,High,2.0,Yes,4
460951,Male,No,55,No,Engineer,2.0,Average,8.0,Yes,2
460229,Female,Yes,64,Yes,Lawyer,3.0,High,1.0,Yes,3
464713,Female,Yes,71,Yes,Artist,0.0,High,4.0,Yes,4
464496,Male,No,43,No,Marketing,1.0,High,5.0,Yes,2
467095,Male,Yes,41,No,Engineer,0.0,Average,2.0,Yes,1
459400,Female,Yes,80,No,Lawyer,0.0,High,2.0,Yes,3
460107,Male,Yes,50,Yes,Engineer,1.0,Average,4.0,Yes,1
467796,Female,No,27,No,Healthcare,9.0,Low,2.0,No,2
459396,Female,No,50,Yes,Engineer,0.0,Low,1.0,No,0
461634,Male,Yes,63,Yes,Entertainment,1.0,Low,1.0,No,1
464461,Male,Yes,41,Yes,,1.0,Average,4.0,No,1
461449,Female,Yes,38,Yes,Artist,4.0,High,3.0,Yes,4
467076,Female,Yes,48,Yes,Doctor,0.0,Average,1.0,Yes,4
464995,Male,Yes,40,No,Executive,1.0,High,3.0,Yes,1
465847,Female,No,40,Yes,Lawyer,1.0,Low,1.0,No,0
465833,Male,Yes,42,No,Executive,0.0,High,3.0,Yes,1
465755,Female,No,50,Yes,Artist,8.0,Low,3.0,No,0
459350,Female,Yes,52,No,Engineer,2.0,High,3.0,Yes,4
459051,Male,Yes,66,Yes,Artist,,Average,2.0,No,1
463856,Male,Yes,37,Yes,Artist,0.0,Average,2.0,No,1
463786,Female,Yes,37,Yes,Artist,,Average,2.0,No,4
460982,Male,Yes,77,No,Lawyer,1.0,High,2.0,Yes,3
465089,Male,Yes,66,No,Executive,1.0,High,3.0,Yes,3
467724,Male,Yes,46,No,Artist,2.0,High,2.0,Yes,1
460822,Male,Yes,41,Yes,Artist,0.0,Low,2.0,No,1
466750,Female,No,18,,Healthcare,0.0,Low,3.0,No,0
466403,Female,Yes,44,No,Engineer,0.0,Average,4.0,Yes,4
461746,Male,Yes,53,Yes,Artist,2.0,Average,3.0,No,1
464685,Male,No,35,No,Executive,3.0,Low,4.0,No,2
459902,Male,Yes,52,Yes,Lawyer,8.0,High,2.0,Yes,3
463847,Male,Yes,41,No,Artist,2.0,Average,3.0,No,1
461687,Female,Yes,75,Yes,Artist,0.0,High,2.0,Yes,4
464663,Male,Yes,72,Yes,Executive,2.0,High,3.0,Yes,3
462719,Female,Yes,55,Yes,Artist,0.0,High,5.0,Yes,4
461771,Male,Yes,23,Yes,Doctor,10.0,Average,2.0,Yes,1
462370,Male,Yes,34,Yes,Executive,4.0,High,4.0,Yes,1
465452,Female,Yes,48,No,Entertainment,0.0,High,4.0,Yes,4
459153,Female,Yes,75,Yes,,0.0,High,2.0,Yes,4
464360,Male,Yes,65,Yes,Executive,0.0,High,3.0,Yes,3
459749,Male,Yes,59,Yes,Entertainment,,Low,4.0,No,1
459640,Female,Yes,71,Yes,Doctor,,High,2.0,Yes,4
459925,Male,Yes,65,No,Executive,1.0,High,2.0,Yes,3
465645,Female,No,36,Yes,Artist,9.0,Low,2.0,No,0
465331,Female,Yes,56,Yes,Artist,,Low,2.0,No,4
459926,Female,Yes,71,Yes,Artist,1.0,Average,2.0,No,4
464533,Male,Yes,39,No,Executive,,High,7.0,Yes,1
464686,Female,No,21,No,Entertainment,5.0,Low,5.0,No,2
460951,Female,Yes,55,No,Engineer,1.0,Average,7.0,Yes,4
465299,Male,Yes,55,Yes,Executive,,High,2.0,Yes,1
462170,Male,Yes,70,No,Executive,2.0,High,3.0,Yes,3
463121,Female,Yes,71,,Lawyer,,High,,Yes,3
461489,Female,No,69,Yes,Lawyer,1.0,High,2.0,Yes,3
462160,Female,No,36,Yes,Artist,3.0,Low,3.0,No,0
464301,Female,Yes,51,Yes,Doctor,0.0,Average,3.0,Yes,4
464825,Female,No,19,No,Healthcare,7.0,Low,1.0,No,0
459643,Male,Yes,39,Yes,Executive,0.0,High,3.0,Yes,1
462633,Female,,24,Yes,Doctor,,High,8.0,Yes,4
462953,Female,Yes,45,Yes,Artist,1.0,Average,4.0,No,4
465074,Male,No,25,Yes,Artist,1.0,Low,4.0,No,0
459674,Female,No,32,Yes,Doctor,0.0,Low,5.0,No,0
462879,Male,Yes,79,Yes,Lawyer,1.0,High,3.0,Yes,3
464733,Female,Yes,29,No,Engineer,3.0,High,5.0,Yes,4
460093,Female,No,45,Yes,Artist,4.0,Low,1.0,No,0
459282,Male,Yes,48,Yes,Artist,0.0,Average,2.0,No,1
459347,Male,Yes,69,Yes,Lawyer,1.0,Low,1.0,No,3
467956,Female,No,31,Yes,Entertainment,1.0,Low,1.0,No,0
458990,Female,Yes,70,Yes,Lawyer,2.0,High,4.0,Yes,3
467747,Female,Yes,49,Yes,Artist,,High,3.0,Yes,4
460819,Male,No,30,No,Marketing,1.0,High,6.0,Yes,2
461006,Male,,19,No,Healthcare,3.0,High,,Yes,1
460472,Male,Yes,50,No,Doctor,2.0,Average,2.0,Yes,1
460108,Male,Yes,42,Yes,Artist,1.0,Average,3.0,No,1
465251,Male,No,19,No,Healthcare,3.0,Low,5.0,No,2
460785,Male,No,29,Yes,Healthcare,0.0,Low,4.0,No,2
465555,Female,Yes,66,No,Lawyer,,High,2.0,Yes,3
459537,Female,No,47,Yes,Homemaker,9.0,Low,3.0,No,0
460892,Male,Yes,43,Yes,Engineer,,Average,4.0,Yes,1
467282,Female,Yes,43,Yes,Artist,4.0,Average,2.0,No,4
467709,Female,Yes,37,Yes,Artist,5.0,Low,2.0,No,4
467879,Female,Yes,46,Yes,Artist,,High,3.0,Yes,4
463744,Female,No,27,Yes,Artist,1.0,Low,6.0,No,2
464822,Male,Yes,37,No,Entertainment,,Average,3.0,No,1
460411,Male,Yes,43,Yes,Healthcare,7.0,High,2.0,Yes,1
467808,Female,Yes,63,Yes,Artist,0.0,Average,2.0,No,4
464225,Female,No,31,No,Doctor,1.0,Low,5.0,No,2
467896,Female,No,22,No,Healthcare,4.0,Low,3.0,No,2
460290,Female,,48,Yes,Artist,,High,1.0,Yes,4
461092,Female,No,27,No,Homemaker,0.0,High,2.0,Yes,2
460246,Male,Yes,46,Yes,Artist,4.0,Low,2.0,No,1
464290,Female,No,41,Yes,Artist,0.0,Low,1.0,No,0
467707,Male,Yes,80,Yes,Lawyer,3.0,High,1.0,Yes,3
465968,Female,No,35,Yes,Artist,10.0,Low,1.0,No,0
467021,Female,Yes,79,No,Lawyer,0.0,High,3.0,Yes,3
462598,Female,No,34,Yes,Doctor,10.0,Average,6.0,Yes,0
459864,Female,Yes,70,No,Artist,,High,3.0,Yes,4
462890,Female,No,25,Yes,Marketing,12.0,Low,1.0,No,0
467565,Male,Yes,60,Yes,Artist,0.0,Low,3.0,No,1
459823,Male,Yes,67,Yes,Executive,1.0,Low,2.0,No,1
465502,Male,Yes,36,Yes,Artist,8.0,Low,4.0,No,1
462171,Female,Yes,42,No,Engineer,2.0,High,1.0,Yes,4
463208,Male,Yes,57,Yes,Executive,1.0,Average,5.0,No,1
467052,Male,No,18,No,Healthcare,2.0,Low,,No,2
465230,Male,Yes,72,Yes,Entertainment,1.0,Average,3.0,No,1
462644,Male,Yes,25,No,Engineer,,Average,3.0,Yes,1
467802,Female,Yes,43,Yes,Artist,0.0,High,6.0,Yes,4
465190,Female,Yes,46,Yes,Artist,1.0,High,3.0,Yes,4
467591,Female,Yes,41,Yes,Artist,1.0,High,5.0,Yes,4
460921,Male,Yes,49,No,Executive,2.0,High,2.0,Yes,1
467675,Female,No,39,No,,,Low,1.0,No,0
459861,Female,Yes,79,No,Lawyer,3.0,High,2.0,Yes,3
462372,Female,Yes,65,No,Lawyer,,High,2.0,Yes,3
463834,Female,Yes,39,Yes,Engineer,1.0,Average,3.0,Yes,4
459711,Male,Yes,37,No,Executive,7.0,High,7.0,Yes,1
465217,Male,Yes,48,Yes,Executive,1.0,High,5.0,Yes,1
462503,Male,Yes,48,Yes,Executive,0.0,High,3.0,Yes,1
464570,Male,Yes,31,Yes,Doctor,0.0,Average,2.0,Yes,1
460811,Female,Yes,52,No,Engineer,1.0,High,2.0,Yes,4
460371,Female,No,28,Yes,Artist,1.0,Low,2.0,No,0
466402,Male,Yes,40,Yes,Artist,0.0,Average,4.0,No,1
464448,Male,Yes,39,Yes,Artist,1.0,Average,2.0,No,1
459834,Male,Yes,45,No,Doctor,1.0,Average,3.0,Yes,1
463686,Female,No,32,No,Artist,2.0,Low,4.0,No,2
459868,Female,No,46,No,Engineer,3.0,Average,2.0,Yes,0
464496,Female,Yes,41,No,Marketing,1.0,High,5.0,Yes,3
464106,Male,Yes,55,Yes,Entertainment,1.0,Low,2.0,No,1
467595,Female,No,26,Yes,Healthcare,0.0,Low,1.0,No,0
461666,Female,Yes,35,Yes,Artist,0.0,High,2.0,Yes,4
466727,Female,Yes,45,Yes,Artist,1.0,Average,2.0,No,4
463200,Male,Yes,42,Yes,Entertainment,0.0,Average,2.0,No,1
464425,Male,No,40,Yes,Artist,8.0,Low,1.0,No,0
463500,Male,Yes,35,Yes,Executive,0.0,High,5.0,Yes,1
465985,Male,No,31,Yes,Artist,1.0,Low,3.0,No,0
466889,Male,Yes,47,No,Executive,0.0,High,5.0,Yes,1
466138,Male,Yes,71,No,Lawyer,3.0,High,2.0,Yes,3
465296,Female,Yes,76,Yes,Lawyer,5.0,High,3.0,Yes,3
465184,Female,Yes,46,No,Engineer,3.0,Average,5.0,Yes,4
459409,Female,Yes,80,Yes,Lawyer,1.0,High,2.0,Yes,3
466911,Male,Yes,70,No,Executive,2.0,High,7.0,Yes,1
465539,Female,No,46,Yes,Artist,0.0,High,4.0,Yes,4
460034,Female,Yes,38,Yes,Artist,8.0,Low,1.0,No,4
463708,Female,Yes,33,No,Engineer,1.0,Average,1.0,Yes,4
465165,Male,No,61,Yes,Artist,0.0,Low,1.0,No,0
466866,Male,Yes,27,No,Entertainment,14.0,Average,2.0,No,1
460056,Male,No,30,Yes,Healthcare,3.0,Low,5.0,No,2
462605,Female,No,80,No,Executive,3.0,High,3.0,Yes,3
460166,Female,No,21,No,Healthcare,1.0,Low,7.0,No,2
460121,Male,Yes,59,Yes,Engineer,0.0,Average,3.0,Yes,1
462820,Male,No,25,No,Entertainment,8.0,Low,9.0,No,2
464771,Female,Yes,48,No,Engineer,7.0,Average,6.0,Yes,4
460169,Female,Yes,89,Yes,Lawyer,1.0,High,2.0,Yes,3
461651,Female,Yes,63,Yes,Artist,1.0,Average,3.0,No,4
460626,Male,Yes,45,No,Doctor,9.0,High,4.0,Yes,1
464115,Female,No,38,Yes,Engineer,0.0,Low,3.0,No,0
461032,Female,Yes,64,Yes,Lawyer,0.0,High,4.0,Yes,3
460389,Female,Yes,42,Yes,Healthcare,9.0,Average,2.0,No,4
467673,Male,Yes,50,No,Executive,0.0,High,4.0,Yes,1
463589,Female,No,20,No,Healthcare,1.0,Low,3.0,No,2
461363,Male,No,45,Yes,Artist,0.0,Low,1.0,No,0
463871,Female,Yes,46,No,Artist,8.0,Low,1.0,No,4
459557,Female,,24,No,Entertainment,3.0,High,,Yes,4
462788,Male,Yes,48,No,Entertainment,1.0,Average,3.0,No,1
462391,Female,No,26,No,Healthcare,1.0,Low,8.0,No,2
462557,Female,Yes,58,No,Engineer,,Average,2.0,Yes,4
466989,Female,Yes,40,Yes,Artist,9.0,Average,2.0,No,4
465818,Male,No,27,No,Entertainment,1.0,Low,3.0,No,2
466079,Female,Yes,40,No,Engineer,1.0,Low,2.0,No,4
459913,Female,Yes,46,No,Healthcare,0.0,High,4.0,Yes,4
459091,Male,Yes,67,Yes,Artist,0.0,Average,6.0,No,1
459178,Male,Yes,53,Yes,Executive,0.0,High,5.0,Yes,1
461244,Female,No,41,No,Marketing,1.0,Low,1.0,No,2
463842,Male,Yes,51,Yes,Engineer,2.0,High,4.0,Yes,1
464867,Female,Yes,47,Yes,Doctor,1.0,Average,2.0,Yes,4
467108,Female,No,66,Yes,Artist,0.0,Low,1.0,No,0
460102,Male,Yes,41,Yes,Artist,8.0,High,3.0,Yes,1
459507,Male,Yes,69,No,Lawyer,,High,2.0,Yes,3
464613,Female,No,35,,Artist,0.0,Low,3.0,No,0
467259,Male,No,66,Yes,Lawyer,0.0,High,1.0,Yes,3
464623,Male,Yes,34,Yes,Entertainment,11.0,High,3.0,Yes,1
466273,Female,No,82,No,Lawyer,0.0,Low,3.0,No,3
464654,Female,Yes,43,No,Engineer,2.0,Average,5.0,Yes,4
466325,Female,No,25,No,Marketing,1.0,Low,2.0,No,2
465924,Female,No,28,Yes,Marketing,0.0,Low,2.0,No,0
467562,Male,Yes,75,Yes,Executive,1.0,High,3.0,Yes,3
462991,Male,No,28,Yes,Healthcare,0.0,Low,1.0,No,0
465535,Female,No,29,No,Entertainment,9.0,Low,,No,2
459711,Male,Yes,37,No,Executive,9.0,High,6.0,Yes,1
460769,Female,Yes,80,No,Lawyer,3.0,High,3.0,Yes,3
459059,Male,Yes,80,No,Executive,,High,1.0,Yes,3
460647,Female,Yes,22,No,Doctor,0.0,Average,2.0,Yes,4
459716,Female,Yes,63,Yes,Engineer,7.0,Average,3.0,Yes,4
459601,Female,No,23,No,Healthcare,,Low,2.0,No,2
467606,Male,Yes,38,Yes,Executive,0.0,Average,3.0,No,1
466060,Male,Yes,60,Yes,Artist,1.0,Average,2.0,No,1
459100,Female,No,63,Yes,Artist,14.0,Low,1.0,No,0
461287,Male,Yes,38,No,Executive,3.0,High,5.0,Yes,1
466278,Female,No,31,No,,0.0,Low,2.0,No,0
464054,Male,Yes,31,Yes,Artist,8.0,Average,2.0,No,1
467121,Male,Yes,53,Yes,Doctor,1.0,Low,,No,1
461989,Female,,52,Yes,Engineer,1.0,Average,4.0,Yes,4
464131,Female,Yes,80,No,Engineer,0.0,High,2.0,Yes,3
463963,Female,Yes,37,No,Engineer,7.0,High,3.0,Yes,4
459994,Male,No,25,No,Entertainment,0.0,Low,3.0,No,2
465437,Male,Yes,45,Yes,Executive,2.0,High,4.0,Yes,1
459323,Female,No,21,No,Doctor,,Low,,No,2
460294,Female,Yes,50,Yes,Doctor,1.0,Low,2.0,No,4
459839,Male,Yes,46,Yes,Engineer,1.0,Average,5.0,Yes,1
462590,Female,Yes,30,No,Engineer,,Average,3.0,Yes,4
466850,Female,No,30,No,Doctor,,Low,3.0,No,2
464164,Female,Yes,77,Yes,Lawyer,0.0,High,3.0,Yes,3
465873,Male,No,35,Yes,Entertainment,13.0,Low,1.0,No,0
459120,Male,No,23,No,Healthcare,5.0,Low,5.0,No,2
459486,Male,Yes,72,Yes,Lawyer,,High,2.0,Yes,3
465337,Female,Yes,43,No,Engineer,1.0,Low,3.0,No,4
467734,Male,Yes,80,Yes,Lawyer,4.0,High,3.0,Yes,3
465929,Male,No,26,Yes,Healthcare,8.0,Low,5.0,No,2
465197,Female,Yes,62,Yes,Artist,1.0,High,5.0,Yes,4
465035,Female,Yes,69,Yes,Lawyer,11.0,High,3.0,Yes,3
459717,Male,Yes,49,Yes,Artist,1.0,Average,3.0,No,1
461555,Male,No,27,No,Entertainment,,Low,1.0,No,2
459178,Male,Yes,52,No,Executive,1.0,High,5.0,Yes,1
460453,Female,No,40,Yes,Doctor,7.0,Low,1.0,No,0
462636,Female,Yes,36,No,Marketing,,Low,4.0,No,2
463341,Female,Yes,47,No,Engineer,1.0,Average,6.0,Yes,4
466115,Male,Yes,37,No,Executive,1.0,Low,2.0,No,1
467742,Male,Yes,59,Yes,Artist,4.0,High,4.0,Yes,1
461341,Female,Yes,39,Yes,Artist,0.0,High,2.0,Yes,4
463769,Male,Yes,65,No,Executive,1.0,High,4.0,Yes,3
466235,Female,Yes,57,Yes,Artist,0.0,Average,4.0,No,4
464001,Male,Yes,59,Yes,Artist,0.0,Average,2.0,No,1
459342,Female,No,80,No,Lawyer,3.0,High,2.0,Yes,3
461662,Female,No,80,Yes,Lawyer,1.0,High,2.0,Yes,3
463139,Male,Yes,64,Yes,Executive,0.0,High,6.0,Yes,1
459630,Male,Yes,73,Yes,Lawyer,1.0,Average,2.0,Yes,3
466303,Male,Yes,62,Yes,Lawyer,0.0,High,3.0,Yes,3
467847,Male,Yes,42,Yes,Artist,6.0,High,3.0,Yes,1
462933,Male,Yes,58,,Entertainment,,High,6.0,Yes,1
464529,Male,No,45,Yes,Artist,9.0,Low,1.0,No,0
464099,Female,Yes,43,Yes,Artist,5.0,Average,2.0,No,4
463042,Male,Yes,51,No,Executive,,High,4.0,Yes,1
461015,Male,Yes,40,Yes,Entertainment,1.0,Average,2.0,No,1
467261,Male,Yes,79,Yes,Lawyer,0.0,High,3.0,Yes,3
467350,Female,No,30,Yes,Homemaker,6.0,Low,1.0,No,0
464292,Male,Yes,55,Yes,Artist,0.0,Average,2.0,No,1
462866,Male,Yes,56,Yes,Doctor,0.0,Low,1.0,No,1
462009,Female,Yes,27,No,Healthcare,8.0,High,1.0,Yes,4
460348,Female,No,37,Yes,Artist,1.0,Low,2.0,No,0
462362,Male,Yes,63,Yes,Entertainment,0.0,Average,4.0,No,1
461316,Female,Yes,53,Yes,Artist,0.0,Average,2.0,No,4
467114,Male,Yes,59,Yes,Marketing,0.0,Average,3.0,No,3
464772,Female,Yes,48,No,Engineer,10.0,Average,3.0,Yes,4
461941,Female,Yes,72,Yes,Artist,0.0,Low,1.0,No,4
461743,Male,Yes,62,Yes,Doctor,1.0,High,2.0,Yes,1
459591,Male,Yes,50,Yes,Artist,1.0,Average,3.0,No,1
461275,Male,Yes,66,Yes,Marketing,1.0,High,2.0,Yes,3
462838,Female,Yes,32,Yes,Homemaker,0.0,Low,3.0,No,4
467925,Female,No,28,Yes,Artist,3.0,Low,7.0,No,2
467383,Female,Yes,77,Yes,Lawyer,0.0,High,2.0,Yes,3
462255,Male,Yes,73,Yes,Executive,1.0,High,3.0,Yes,3
463492,Male,No,22,No,Healthcare,,Low,4.0,No,2
466770,Female,Yes,85,Yes,Lawyer,0.0,Low,5.0,No,3
464813,Male,Yes,48,Yes,Engineer,7.0,Average,5.0,Yes,1
467663,Male,Yes,27,No,Doctor,,Average,2.0,Yes,1
462437,Male,No,18,No,Healthcare,0.0,Low,6.0,No,2
460157,Male,Yes,57,No,,1.0,Low,5.0,No,1
465237,Male,Yes,70,Yes,Lawyer,,High,1.0,Yes,3
467275,Male,No,32,Yes,Healthcare,,Low,,No,0
466657,Female,No,80,Yes,Lawyer,0.0,High,1.0,Yes,3
462365,Male,Yes,77,Yes,Lawyer,0.0,High,3.0,Yes,3
464196,Female,,36,Yes,Entertainment,8.0,Low,1.0,No,0
464312,Male,No,43,Yes,Artist,1.0,Low,1.0,No,0
466134,Male,Yes,39,Yes,Doctor,0.0,High,3.0,Yes,1
461807,Male,No,30,Yes,Doctor,10.0,Low,4.0,No,0
461687,Female,Yes,80,No,Artist,0.0,High,3.0,Yes,4
466500,Female,Yes,48,Yes,Artist,3.0,High,3.0,Yes,4
466358,Female,,28,No,Engineer,0.0,Low,4.0,No,4
464696,Female,No,37,Yes,Engineer,0.0,Low,1.0,No,0
465495,Male,Yes,29,Yes,Engineer,5.0,Low,2.0,No,1
462515,Male,Yes,44,No,Doctor,7.0,Average,5.0,Yes,1
464056,Female,Yes,65,Yes,Artist,0.0,Average,2.0,No,4
462811,Male,Yes,37,Yes,Marketing,,High,2.0,Yes,3
459786,Male,Yes,57,No,Marketing,1.0,High,3.0,Yes,3
463816,Male,Yes,51,Yes,Healthcare,4.0,High,4.0,Yes,1
459349,Female,No,43,No,Artist,0.0,High,4.0,Yes,4
467545,Male,Yes,53,Yes,Artist,9.0,Average,2.0,No,1
466934,Female,Yes,60,Yes,Artist,0.0,Low,1.0,No,4
464860,Female,Yes,49,No,Engineer,,Average,4.0,Yes,4
462875,Male,No,20,No,Healthcare,1.0,Low,3.0,No,2
460033,Female,,46,Yes,Entertainment,6.0,Low,3.0,No,4
466790,Male,Yes,49,Yes,Doctor,0.0,Average,2.0,Yes,1
463332,Female,Yes,38,Yes,Engineer,1.0,Low,2.0,No,4
459149,Male,Yes,46,Yes,Executive,0.0,High,3.0,Yes,1
459895,Male,Yes,38,Yes,,9.0,Average,2.0,No,1
462374,Male,Yes,34,Yes,Executive,2.0,High,4.0,Yes,1
461927,Male,No,25,No,Healthcare,1.0,Low,4.0,No,2
467337,Male,Yes,56,Yes,Artist,1.0,Average,4.0,No,1
466990,Male,Yes,39,Yes,Entertainment,9.0,Average,2.0,No,1
460213,Male,Yes,40,Yes,Entertainment,5.0,Low,1.0,No,1
461505,Female,Yes,41,No,Artist,0.0,High,2.0,Yes,4
460845,Female,No,20,No,Healthcare,0.0,Low,2.0,No,2
461683,Male,Yes,43,Yes,Executive,1.0,High,4.0,Yes,1
464932,Male,Yes,53,Yes,Executive,9.0,Low,1.0,No,1
465162,Male,Yes,58,Yes,Artist,1.0,Average,3.0,No,1
463130,Female,Yes,75,No,Lawyer,0.0,High,3.0,Yes,3
464097,Male,No,34,Yes,Doctor,5.0,High,3.0,Yes,1
467541,Male,Yes,47,Yes,Artist,0.0,High,4.0,Yes,1
464386,Male,Yes,39,Yes,Doctor,0.0,Average,3.0,Yes,1
466497,Male,No,83,Yes,Lawyer,0.0,Low,1.0,No,3
466189,Female,Yes,56,Yes,Artist,0.0,Average,2.0,No,4
460495,Male,No,21,No,Healthcare,0.0,Low,6.0,No,2
464949,Male,Yes,22,Yes,Executive,2.0,High,2.0,Yes,1
464125,Male,No,45,No,Doctor,0.0,Average,3.0,Yes,2
461648,Female,Yes,49,Yes,Artist,1.0,Low,1.0,No,4
464599,Female,Yes,49,Yes,Artist,0.0,High,7.0,Yes,4
462350,Male,Yes,35,Yes,Artist,1.0,Average,2.0,No,1
466160,Female,Yes,52,Yes,Engineer,0.0,Average,2.0,Yes,4
464349,Male,Yes,66,Yes,Artist,2.0,Low,1.0,No,1
459422,Male,Yes,50,Yes,Entertainment,,Low,4.0,No,1
467852,Female,No,41,Yes,Artist,10.0,Low,1.0,No,0
462619,Male,,63,No,,1.0,High,,Yes,1
467174,Male,Yes,41,No,Executive,0.0,High,3.0,Yes,1
461932,Female,No,21,No,Healthcare,3.0,Low,2.0,No,2
462832,Female,No,22,No,Doctor,,Low,4.0,No,2
459962,Male,Yes,59,Yes,Artist,8.0,Low,1.0,No,1
462074,Female,No,57,Yes,Artist,1.0,Low,1.0,No,0
467031,Male,Yes,59,Yes,Artist,11.0,Average,3.0,No,1
463722,Male,Yes,55,Yes,Executive,9.0,High,2.0,Yes,1
466363,Female,Yes,38,,Engineer,5.0,Low,2.0,No,4
461494,Male,Yes,29,No,Engineer,0.0,Average,3.0,Yes,1
465439,Female,Yes,47,Yes,Artist,3.0,High,5.0,Yes,4
462429,Male,Yes,76,No,Lawyer,0.0,Low,1.0,No,3
461753,Female,No,35,Yes,Artist,0.0,Low,1.0,No,0
462495,Male,Yes,80,No,Lawyer,1.0,High,2.0,Yes,3
463249,Male,No,28,No,Entertainment,1.0,Low,2.0,No,2
462477,Male,No,25,Yes,Entertainment,7.0,Low,3.0,No,0
463045,Male,Yes,40,Yes,Homemaker,14.0,High,6.0,Yes,1
465078,Male,Yes,43,Yes,Executive,0.0,High,5.0,Yes,1
460375,Male,No,40,Yes,Doctor,4.0,Low,2.0,No,0
462380,Female,Yes,53,No,Artist,1.0,High,4.0,Yes,4
467141,Male,Yes,50,Yes,Artist,1.0,Low,3.0,No,1
459489,Male,Yes,51,Yes,Doctor,0.0,Average,3.0,Yes,1
461378,Female,No,35,Yes,Artist,9.0,Low,1.0,No,0
466442,Male,No,38,Yes,Artist,1.0,Low,1.0,No,0
466246,Male,No,19,No,Healthcare,0.0,Low,4.0,No,2
460112,Male,Yes,30,Yes,Engineer,10.0,Average,3.0,Yes,1
465478,Male,Yes,51,No,Entertainment,1.0,Low,3.0,No,1
464926,Female,Yes,49,Yes,Engineer,0.0,High,2.0,Yes,4
459560,Male,Yes,80,No,Lawyer,3.0,High,3.0,Yes,3
463261,Female,Yes,72,No,Entertainment,7.0,Average,3.0,No,4
465212,Male,Yes,46,Yes,Executive,,High,4.0,Yes,1
463973,Male,Yes,52,No,Executive,,High,4.0,Yes,1
460158,Female,No,51,No,Engineer,8.0,Low,6.0,No,2
461434,Female,Yes,32,Yes,Executive,4.0,High,3.0,Yes,4
466714,Male,Yes,66,Yes,Executive,0.0,Average,2.0,No,3
461989,Female,,59,Yes,Engineer,2.0,Average,3.0,Yes,4
467730,Male,No,18,No,Healthcare,,Low,4.0,No,2
459741,Male,Yes,66,No,Lawyer,0.0,High,3.0,Yes,3
467610,Female,Yes,84,Yes,Lawyer,2.0,Low,1.0,No,3
467217,Female,Yes,80,Yes,Lawyer,,High,3.0,Yes,3
463935,Male,Yes,38,Yes,Entertainment,1.0,Average,2.0,No,1
465770,Male,No,52,Yes,Artist,1.0,Low,1.0,No,0
464791,Male,No,41,No,Marketing,0.0,High,6.0,Yes,2
466582,Female,No,23,No,Healthcare,1.0,Low,3.0,No,2
462911,Male,Yes,32,Yes,Doctor,11.0,Average,2.0,Yes,1
466420,Male,No,27,Yes,Artist,5.0,Low,4.0,No,0
464907,Male,,55,Yes,Engineer,0.0,Average,2.0,Yes,1
459342,Female,Yes,80,No,Lawyer,0.0,High,3.0,Yes,3
467946,Female,Yes,40,Yes,Artist,0.0,Low,2.0,No,4
460599,Female,No,31,No,Engineer,0.0,Low,1.0,No,0
462020,Female,No,25,Yes,Artist,13.0,Low,2.0,No,0
463090,Female,Yes,56,No,Engineer,1.0,Average,3.0,Yes,4
462933,Male,Yes,58,,Entertainment,,High,6.0,Yes,1
459208,Female,Yes,61,Yes,Artist,1.0,High,2.0,Yes,4
459946,Female,Yes,36,Yes,Artist,1.0,Average,2.0,No,4
462762,Male,Yes,45,Yes,Artist,2.0,High,4.0,Yes,1
466653,Male,Yes,41,Yes,Entertainment,5.0,Low,1.0,No,1
461086,Male,No,23,No,Healthcare,1.0,Low,7.0,No,2
461473,Female,Yes,41,Yes,Artist,3.0,Average,3.0,No,4
459862,Male,Yes,70,No,Executive,,High,2.0,Yes,3
466495,Female,Yes,80,Yes,Lawyer,2.0,High,1.0,Yes,3
467704,Male,Yes,53,Yes,Artist,1.0,Average,2.0,No,1
465334,Female,Yes,41,No,Marketing,5.0,Average,3.0,No,3
460136,Male,No,27,Yes,Artist,10.0,Low,3.0,No,0
459741,Female,Yes,63,Yes,Lawyer,0.0,High,3.0,Yes,3
462632,Female,Yes,37,No,Engineer,,Average,4.0,Yes,4
459774,Male,Yes,56,Yes,Artist,0.0,Low,1.0,No,1
464238,Male,Yes,80,Yes,Lawyer,2.0,High,3.0,Yes,3
462928,Male,Yes,49,Yes,Artist,2.0,Average,4.0,No,1
463221,Male,No,22,No,Healthcare,,Low,3.0,No,2
465081,Male,Yes,58,Yes,Executive,6.0,High,3.0,Yes,1
465102,Male,Yes,55,No,Lawyer,1.0,High,2.0,Yes,3
461726,Female,Yes,53,Yes,Artist,1.0,Average,4.0,No,4
463881,Female,Yes,41,No,Engineer,2.0,Average,4.0,Yes,4
467334,Male,Yes,73,No,Executive,0.0,High,2.0,Yes,3
462188,Female,Yes,51,No,Engineer,2.0,Average,4.0,Yes,4
463220,Male,Yes,46,No,Engineer,0.0,Average,3.0,Yes,1
464651,Female,No,21,No,Doctor,0.0,Average,2.0,Yes,2
467692,Female,Yes,43,No,Artist,4.0,Low,1.0,No,4
461843,Female,Yes,47,Yes,Artist,0.0,High,1.0,Yes,4
462920,Male,Yes,47,No,Executive,0.0,High,6.0,Yes,1
465467,Male,,33,No,Healthcare,1.0,Low,3.0,No,2
460573,Male,No,62,No,Healthcare,8.0,Low,1.0,No,0
462229,Male,No,23,No,,0.0,Low,8.0,No,2
465596,Male,,36,Yes,Healthcare,7.0,High,1.0,Yes,1
465303,Female,Yes,67,Yes,Artist,1.0,Average,3.0,No,4
464907,Male,,58,Yes,Engineer,2.0,Average,2.0,Yes,1
461959,Female,Yes,62,Yes,Artist,0.0,Low,2.0,No,4
464972,Male,Yes,63,No,Lawyer,0.0,High,9.0,Yes,3
465568,Male,Yes,44,Yes,Executive,3.0,High,3.0,Yes,1
462418,Male,No,60,No,Engineer,11.0,Average,4.0,Yes,2
461253,Female,No,18,No,Healthcare,0.0,Low,5.0,No,2
461734,Female,Yes,80,Yes,,,High,3.0,Yes,4
467328,Female,Yes,50,Yes,Doctor,1.0,Average,3.0,Yes,4
463533,Female,Yes,80,Yes,Artist,3.0,High,3.0,Yes,4
459279,Female,No,38,Yes,Artist,7.0,Low,1.0,No,0
465893,Female,Yes,44,Yes,Engineer,2.0,Average,3.0,Yes,4
466166,Male,Yes,80,Yes,Lawyer,0.0,High,2.0,Yes,3
461624,Female,Yes,41,Yes,Artist,1.0,Average,,No,4
461688,Male,Yes,44,Yes,Executive,6.0,High,2.0,Yes,1
461092,Female,Yes,29,Yes,Homemaker,0.0,High,2.0,Yes,4
463577,Female,Yes,39,No,Doctor,0.0,Average,3.0,Yes,4
460754,Female,No,33,Yes,Homemaker,8.0,Low,1.0,No,0
467891,Female,No,30,Yes,Doctor,0.0,Low,5.0,No,0
462495,Male,Yes,80,No,Lawyer,0.0,High,2.0,Yes,3
464796,Male,Yes,39,No,Marketing,1.0,High,3.0,Yes,3
467240,Female,,22,No,Doctor,6.0,High,3.0,Yes,4
462388,Female,Yes,45,Yes,Artist,1.0,High,5.0,Yes,4
463340,Female,No,23,No,Healthcare,0.0,Low,4.0,No,2
464936,Male,No,28,No,,1.0,Low,1.0,No,0
459014,Male,No,22,No,Healthcare,0.0,Low,4.0,No,2
460109,Male,Yes,46,Yes,Artist,8.0,Average,2.0,No,1
459643,Male,No,40,Yes,Executive,2.0,High,4.0,Yes,1
466971,Male,No,65,Yes,Executive,9.0,Low,3.0,No,0
459525,Female,Yes,62,Yes,Artist,,High,3.0,Yes,4
464775,Female,Yes,35,,,8.0,Average,4.0,No,4
467459,Male,Yes,38,Yes,Executive,,High,5.0,Yes,1
464140,Female,Yes,80,Yes,Lawyer,0.0,High,3.0,Yes,3
461704,Male,Yes,30,Yes,Healthcare,1.0,Low,2.0,No,1
462436,Male,No,32,Yes,Healthcare,0.0,Low,3.0,No,2
465002,Female,Yes,88,Yes,Lawyer,1.0,High,2.0,Yes,3
465732,Male,Yes,47,Yes,Marketing,0.0,Low,2.0,No,3
460706,Female,No,27,No,Engineer,6.0,Low,6.0,No,2
459861,Female,Yes,83,No,Lawyer,1.0,High,2.0,Yes,3
465882,Male,No,35,Yes,Artist,0.0,Low,1.0,No,0
467027,Male,No,31,No,Executive,4.0,Low,5.0,No,2
463948,Male,Yes,35,No,Executive,4.0,High,6.0,Yes,1
466076,Male,No,19,No,Healthcare,8.0,Low,3.0,No,2
460943,Male,Yes,50,Yes,Entertainment,1.0,Average,4.0,No,1
461449,Female,Yes,38,Yes,Artist,5.0,High,3.0,Yes,4
465029,Female,Yes,74,No,Lawyer,1.0,High,2.0,Yes,3
462433,Female,Yes,29,Yes,Doctor,0.0,Average,3.0,Yes,4
461477,Female,No,31,Yes,Healthcare,0.0,Low,3.0,No,0
465051,Male,Yes,63,Yes,Marketing,1.0,High,3.0,Yes,3
461678,Female,Yes,87,No,Lawyer,1.0,Low,1.0,No,3
466214,Female,Yes,88,Yes,Lawyer,0.0,Low,2.0,No,3
461669,Female,No,46,No,Engineer,0.0,Average,3.0,Yes,2
462893,Female,Yes,52,No,Artist,1.0,Average,3.0,No,4
465034,Female,Yes,80,Yes,Executive,0.0,High,3.0,Yes,3
465384,Male,Yes,59,Yes,Artist,2.0,High,2.0,Yes,1
467120,Male,Yes,37,Yes,Artist,8.0,Low,2.0,No,1
463022,Male,Yes,62,Yes,Executive,6.0,High,3.0,Yes,1
459297,Male,Yes,72,Yes,Executive,0.0,High,4.0,Yes,3
461697,Male,Yes,79,No,Lawyer,1.0,Low,1.0,No,3
459919,Female,No,49,Yes,Artist,0.0,Low,1.0,No,0
461987,Female,Yes,44,No,Engineer,2.0,Average,2.0,Yes,4
460975,Male,Yes,80,,Lawyer,0.0,High,1.0,Yes,3
466732,Female,Yes,44,No,Engineer,0.0,High,3.0,Yes,4
466041,Female,Yes,52,,Engineer,1.0,Low,1.0,No,4
459241,Male,Yes,46,No,Entertainment,,Low,5.0,No,1
461791,Female,No,22,No,Lawyer,8.0,Low,1.0,No,2
465837,Male,No,62,Yes,,0.0,Low,1.0,No,0
464024,Male,No,20,No,Healthcare,0.0,Low,5.0,No,2
466790,Male,No,46,No,Doctor,0.0,Average,3.0,Yes,2
466200,Male,Yes,51,Yes,Doctor,8.0,Average,4.0,Yes,1
465458,Female,Yes,80,Yes,Artist,0.0,High,3.0,Yes,4
462943,Male,Yes,61,Yes,Executive,5.0,High,2.0,Yes,1
463344,Male,Yes,59,Yes,Artist,3.0,Average,2.0,No,1
463673,Male,No,33,Yes,Healthcare,,Low,5.0,No,2
463860,Male,Yes,39,Yes,Healthcare,0.0,High,3.0,Yes,1
461593,Female,No,40,Yes,Doctor,8.0,Average,1.0,Yes,0
462056,Female,Yes,52,Yes,Artist,8.0,Average,4.0,No,4
467473,Male,No,18,No,Healthcare,2.0,Low,3.0,No,2
467635,Female,No,41,Yes,Artist,9.0,Low,1.0,No,0
461059,Female,Yes,44,No,Lawyer,1.0,High,3.0,Yes,3
462949,Male,Yes,35,No,Homemaker,1.0,Average,3.0,No,1
460894,Male,Yes,40,No,Executive,4.0,High,3.0,Yes,1
462430,Male,Yes,42,No,Executive,0.0,High,2.0,Yes,1
461952,Female,No,22,No,Artist,,High,1.0,Yes,0
463646,Male,Yes,45,No,Artist,1.0,Average,4.0,No,1
467630,Male,Yes,85,No,Lawyer,0.0,Low,1.0,No,3
464769,Female,,55,No,Engineer,7.0,Average,3.0,Yes,4
461559,Male,,52,Yes,Artist,0.0,Low,4.0,No,1
459143,Male,Yes,42,No,Artist,0.0,High,3.0,Yes,1
459036,Female,Yes,18,Yes,Lawyer,0.0,Average,2.0,Yes,4
465062,Male,Yes,56,No,Executive,0.0,High,4.0,Yes,1
463817,Female,No,33,Yes,Healthcare,1.0,Low,5.0,No,2
461521,Male,Yes,64,Yes,Artist,0.0,High,2.0,Yes,1
464996,Male,Yes,47,No,Entertainment,9.0,Average,6.0,No,1
461963,Female,No,43,Yes,Artist,8.0,Low,1.0,No,0
461439,Male,Yes,37,Yes,Artist,1.0,Average,2.0,No,1
467285,Male,Yes,55,No,Executive,,High,4.0,Yes,1
465444,Female,No,30,Yes,Entertainment,0.0,Low,4.0,No,0
460964,Male,Yes,80,No,Lawyer,1.0,High,1.0,Yes,3
465604,Female,Yes,41,No,Engineer,9.0,Average,2.0,Yes,4
464829,Male,No,22,No,Healthcare,9.0,Low,5.0,No,2
467189,Female,Yes,46,Yes,Artist,1.0,High,4.0,Yes,4
464893,Male,Yes,43,Yes,Artist,0.0,Low,2.0,No,1
465053,Male,Yes,82,Yes,Executive,0.0,High,2.0,Yes,3
462992,Female,Yes,56,Yes,Engineer,,High,3.0,Yes,4
461380,Male,Yes,37,Yes,Artist,1.0,Average,2.0,No,1
467663,Male,Yes,27,Yes,Doctor,,Average,3.0,Yes,1
466954,Female,Yes,68,No,Doctor,8.0,Average,2.0,Yes,4
464915,Male,No,43,Yes,Executive,,High,3.0,Yes,1
463989,Male,No,79,No,Lawyer,0.0,Low,1.0,No,3
463038,Male,Yes,63,Yes,Executive,0.0,High,5.0,Yes,1
465362,Female,Yes,49,Yes,Engineer,1.0,Average,5.0,Yes,4
461431,Male,Yes,41,Yes,Doctor,2.0,Average,3.0,Yes,1
460583,Male,No,18,No,Marketing,1.0,Low,6.0,No,2
464909,Female,Yes,38,Yes,Homemaker,0.0,Low,2.0,No,4
462047,Female,Yes,26,Yes,Artist,12.0,Average,2.0,No,4
463441,Male,Yes,37,Yes,Artist,6.0,High,3.0,Yes,1
461006,Male,,20,No,Healthcare,0.0,High,,Yes,1
464858,Male,No,20,No,Healthcare,1.0,Low,3.0,No,2
459900,Male,No,52,Yes,Artist,6.0,Low,1.0,No,0
462798,Male,Yes,68,Yes,Artist,9.0,High,2.0,Yes,1
461734,Female,No,77,No,,,High,1.0,Yes,4
464876,Female,Yes,49,No,Engineer,,Average,5.0,Yes,4
464745,Male,,62,No,Engineer,0.0,Average,4.0,Yes,1
461770,Male,Yes,65,Yes,Artist,1.0,Low,2.0,No,1
459250,Male,Yes,49,Yes,Doctor,1.0,Average,4.0,Yes,1
465832,Male,Yes,55,No,Executive,9.0,High,4.0,Yes,1
459987,Male,Yes,58,Yes,Healthcare,,High,1.0,Yes,3
459858,Female,No,31,No,Healthcare,8.0,Low,4.0,No,2
465117,Female,Yes,73,Yes,Artist,1.0,High,2.0,Yes,4
459750,Female,Yes,44,Yes,Engineer,0.0,Average,2.0,Yes,4
464681,Female,Yes,29,No,Engineer,2.0,Average,4.0,Yes,4
462632,Female,Yes,41,Yes,Engineer,,Average,4.0,Yes,4
463762,Female,Yes,26,Yes,Executive,0.0,High,4.0,Yes,4
459740,Female,No,20,No,Healthcare,0.0,Low,3.0,No,2
466509,Male,Yes,56,No,Executive,1.0,Average,3.0,No,1
463689,Female,Yes,40,Yes,Doctor,1.0,Low,,No,4
464556,Female,No,39,Yes,Artist,1.0,Low,3.0,No,0
461681,Male,No,31,Yes,Healthcare,9.0,Low,3.0,No,0
467137,Female,Yes,59,Yes,Engineer,0.0,Low,1.0,No,4
466384,Female,Yes,71,Yes,Engineer,0.0,High,3.0,Yes,4
461771,Male,Yes,32,Yes,Doctor,11.0,Average,1.0,Yes,1
466078,Female,Yes,51,No,Executive,,Low,1.0,No,4
461646,Female,Yes,58,No,Artist,,High,3.0,Yes,4
467014,Female,No,39,Yes,Executive,8.0,High,3.0,Yes,0
461156,Male,No,22,No,Marketing,3.0,Low,6.0,No,2
459731,Female,Yes,60,Yes,Artist,0.0,High,4.0,Yes,4
459029,Male,Yes,70,No,Executive,,High,2.0,Yes,3
465963,Male,Yes,46,Yes,Artist,0.0,Low,2.0,No,1
460398,Female,No,39,Yes,Entertainment,7.0,Low,1.0,No,0
460947,Male,Yes,41,Yes,Executive,6.0,High,6.0,Yes,1
459219,Female,Yes,47,Yes,Artist,0.0,Average,3.0,No,4
466718,Male,Yes,62,,Executive,1.0,High,1.0,Yes,3
459687,Male,Yes,53,No,Executive,,High,4.0,Yes,1
462412,Male,Yes,71,No,Artist,1.0,Low,5.0,No,1
461573,Female,No,40,Yes,Engineer,1.0,Low,5.0,No,0
465237,Male,Yes,68,Yes,Lawyer,,High,2.0,Yes,3
459804,Male,Yes,46,No,Artist,2.0,High,3.0,Yes,1
467037,Male,Yes,58,Yes,Lawyer,0.0,High,3.0,Yes,3
467424,Male,Yes,56,Yes,Entertainment,2.0,Average,2.0,No,1
467161,Female,Yes,30,Yes,Homemaker,9.0,Low,2.0,No,4
460262,Male,No,28,No,Executive,9.0,Low,4.0,No,2
467393,Female,Yes,46,Yes,Artist,0.0,Average,4.0,No,4
459278,Male,Yes,65,No,Executive,,High,2.0,Yes,3
463622,Male,No,27,Yes,Healthcare,8.0,Low,1.0,No,0
459379,Female,No,19,No,Healthcare,3.0,Low,3.0,No,2
460292,Female,No,27,Yes,Marketing,12.0,Low,3.0,No,0
466030,Female,Yes,36,No,Entertainment,8.0,Low,2.0,No,4
464026,Male,No,18,No,Healthcare,1.0,Low,2.0,No,2
461540,Male,No,38,Yes,,3.0,Low,2.0,No,0
460579,Female,Yes,38,No,Engineer,0.0,Average,5.0,Yes,4
463957,Female,No,32,No,Entertainment,0.0,Low,3.0,No,2
464910,Female,Yes,45,Yes,Artist,0.0,Average,5.0,No,4
467916,Female,Yes,48,Yes,Artist,6.0,Low,1.0,No,4
461585,Male,No,38,Yes,Entertainment,1.0,Low,1.0,No,0
462726,Female,Yes,78,No,Homemaker,1.0,High,,Yes,3
467561,Male,Yes,61,Yes,Artist,1.0,Low,2.0,No,1
461544,Male,Yes,80,No,Lawyer,2.0,High,2.0,Yes,3
460167,Female,No,18,No,Entertainment,1.0,Low,5.0,No,2
463243,Male,No,19,No,Healthcare,0.0,Low,3.0,No,2
463128,Male,Yes,68,Yes,Lawyer,0.0,High,5.0,Yes,3
467533,Male,Yes,79,Yes,Lawyer,2.0,Low,1.0,No,3
466817,Female,Yes,81,No,Lawyer,0.0,High,2.0,Yes,3
464828,Male,No,18,No,Healthcare,8.0,Low,6.0,No,2
465987,Male,,20,No,Healthcare,1.0,Low,3.0,No,2
464268,Female,No,51,Yes,Artist,0.0,Low,1.0,No,0
464042,Female,Yes,42,Yes,Artist,9.0,Low,2.0,No,4
464725,Male,Yes,49,No,Executive,11.0,High,10.0,Yes,1
459141,Male,Yes,28,No,Artist,0.0,Average,2.0,No,1
462688,Female,Yes,29,Yes,Healthcare,8.0,Low,3.0,No,4
464709,Male,Yes,40,No,Executive,8.0,High,4.0,Yes,1
467599,Female,No,19,No,Healthcare,0.0,Low,3.0,No,2
462835,Male,Yes,59,No,Engineer,,Average,4.0,Yes,1
459625,Female,Yes,57,No,Engineer,8.0,Low,1.0,No,4
459258,Female,Yes,77,Yes,Lawyer,0.0,High,,Yes,3
465705,Female,Yes,46,Yes,Artist,1.0,Average,4.0,No,4
460516,Female,,80,No,Lawyer,0.0,High,2.0,Yes,3
463491,Female,Yes,24,Yes,Doctor,8.0,Average,3.0,Yes,4
461597,Female,Yes,38,Yes,Doctor,1.0,Average,4.0,Yes,4
466036,Female,Yes,89,Yes,Lawyer,1.0,Low,,No,3
459645,Male,Yes,43,Yes,Artist,,Average,2.0,No,1
462358,Male,Yes,36,No,Doctor,5.0,Average,3.0,Yes,1
464050,Female,No,30,Yes,Artist,0.0,Low,1.0,No,0
463335,Male,No,27,Yes,Doctor,,Low,1.0,No,0
460893,Male,No,57,Yes,Entertainment,4.0,Low,1.0,No,0
467773,Male,Yes,74,Yes,Lawyer,3.0,High,2.0,Yes,3
459179,Male,Yes,60,No,Entertainment,0.0,Average,3.0,No,1
467892,Male,No,23,No,Doctor,1.0,Low,5.0,No,2
466159,Female,Yes,45,Yes,Engineer,3.0,Average,2.0,Yes,4
464408,Female,Yes,45,Yes,Artist,,Average,4.0,No,4
465624,Male,No,39,Yes,Artist,8.0,Low,3.0,No,0
467190,Male,Yes,36,Yes,Executive,0.0,Low,2.0,No,1
460282,Male,Yes,40,No,Executive,0.0,Low,3.0,No,1
461719,Male,Yes,82,Yes,Lawyer,0.0,Low,1.0,No,3
466974,Female,Yes,35,Yes,Artist,8.0,Average,2.0,No,4
459220,Female,Yes,77,No,Lawyer,3.0,High,1.0,Yes,3
460789,Male,Yes,36,Yes,Executive,1.0,Low,3.0,No,1
461670,Male,Yes,59,Yes,Artist,0.0,Average,6.0,No,1
460791,Female,No,27,Yes,Engineer,9.0,Low,7.0,No,2
465923,Female,No,30,Yes,Engineer,9.0,Low,5.0,No,0
467307,Male,Yes,57,Yes,Executive,1.0,High,3.0,Yes,1
461788,Female,Yes,80,Yes,Lawyer,2.0,High,1.0,Yes,3
463073,Male,Yes,42,Yes,Artist,1.0,Average,3.0,No,1
467516,Female,Yes,35,No,Artist,0.0,High,2.0,Yes,4
462769,Female,Yes,40,No,Homemaker,8.0,High,5.0,Yes,4
461398,Male,No,20,No,Doctor,0.0,Low,4.0,No,2
464859,Female,Yes,45,Yes,Artist,1.0,Average,3.0,No,4
466208,Female,Yes,64,No,Executive,2.0,High,1.0,Yes,3
462897,Male,No,33,Yes,Healthcare,3.0,Low,2.0,No,0
465106,Male,Yes,56,Yes,Executive,0.0,High,2.0,Yes,1
465637,Female,No,41,Yes,Artist,1.0,Low,1.0,No,0
462332,Female,Yes,36,Yes,Artist,1.0,High,1.0,Yes,4
459269,Male,Yes,58,Yes,Artist,0.0,Average,2.0,No,1
463929,Male,Yes,56,Yes,Doctor,10.0,Average,1.0,Yes,1
467470,Male,Yes,54,No,Engineer,1.0,Average,2.0,Yes,1
462466,Male,Yes,52,Yes,Executive,0.0,High,4.0,Yes,1
463093,Female,Yes,31,No,Healthcare,,Low,4.0,No,2
463027,Male,Yes,69,Yes,Executive,1.0,Average,4.0,No,1
462464,Male,Yes,53,Yes,Artist,1.0,Average,4.0,No,1
459804,Male,Yes,45,No,Artist,3.0,High,4.0,Yes,1
462379,Female,Yes,60,Yes,Artist,1.0,Average,3.0,No,4
467447,Female,Yes,36,Yes,Engineer,,Average,2.0,Yes,4
463306,Male,Yes,60,Yes,Engineer,0.0,High,5.0,Yes,1
465546,Female,No,25,No,Marketing,1.0,Low,9.0,No,2
466374,Male,Yes,83,No,Lawyer,,Low,1.0,No,3
460619,Male,No,52,Yes,Entertainment,,Low,,No,0
464662,Female,Yes,50,Yes,Artist,1.0,High,3.0,Yes,4
462473,Male,No,69,No,Engineer,1.0,Low,,No,2
466361,Female,Yes,72,Yes,Lawyer,1.0,High,2.0,Yes,3
460724,Male,No,30,Yes,Healthcare,1.0,Low,4.0,No,2
459562,Male,Yes,59,No,Entertainment,1.0,Average,2.0,No,1
464509,Male,Yes,56,Yes,Artist,1.0,High,5.0,Yes,1
459870,Male,Yes,44,No,Executive,13.0,High,5.0,Yes,1
460480,Male,No,18,No,Healthcare,0.0,Low,7.0,No,2
464901,Male,Yes,82,No,Executive,1.0,High,4.0,Yes,3
467742,Male,Yes,59,Yes,Artist,4.0,High,4.0,Yes,1
462311,Male,Yes,54,Yes,Executive,,High,8.0,Yes,1
466553,Male,Yes,39,Yes,Healthcare,1.0,Low,3.0,No,1
467399,Male,Yes,29,Yes,Doctor,1.0,Low,3.0,No,1
462776,Female,Yes,48,Yes,Engineer,0.0,Average,2.0,Yes,4
461218,Male,Yes,27,No,Executive,0.0,Low,6.0,No,2
459076,Male,Yes,69,No,Doctor,0.0,Average,2.0,Yes,1
458987,Female,Yes,74,Yes,Lawyer,0.0,High,1.0,Yes,3
459596,Female,Yes,60,Yes,Doctor,0.0,Average,1.0,Yes,4
460331,Female,No,35,No,Artist,5.0,Low,1.0,No,0
464987,Male,Yes,50,Yes,Executive,1.0,High,5.0,Yes,1
464283,Male,No,40,Yes,Artist,5.0,Low,2.0,No,0
459105,Male,Yes,39,Yes,Executive,5.0,High,3.0,Yes,1
460278,Male,Yes,29,Yes,Artist,0.0,Low,5.0,No,1
467373,Male,No,31,Yes,Healthcare,,Low,1.0,No,0
467866,Male,Yes,50,Yes,Artist,1.0,Average,3.0,No,1
467731,Male,Yes,56,Yes,Artist,,Average,4.0,No,1
459806,Female,Yes,50,No,Engineer,1.0,Average,4.0,Yes,4
460569,Male,Yes,36,Yes,Entertainment,1.0,Average,4.0,No,1
465018,Male,No,42,Yes,Entertainment,0.0,Low,3.0,No,0
463111,Female,No,42,Yes,Engineer,6.0,Low,3.0,No,0
463456,Male,Yes,42,No,Entertainment,3.0,High,4.0,Yes,1
465316,Male,No,21,No,Healthcare,0.0,Low,6.0,No,2
460699,Male,No,28,Yes,Artist,9.0,Low,1.0,No,0
466863,Female,No,28,No,Homemaker,10.0,Low,1.0,No,0
460853,Female,Yes,63,Yes,Artist,1.0,High,3.0,Yes,4
466539,Female,Yes,80,No,Lawyer,1.0,High,2.0,Yes,3
459055,Female,No,19,No,Entertainment,1.0,Low,5.0,No,2
464646,Male,No,56,No,Engineer,6.0,Average,5.0,Yes,2
462124,Male,No,36,Yes,Artist,8.0,Low,1.0,No,0
463974,Female,No,33,Yes,Homemaker,7.0,Low,3.0,No,0
466675,Female,Yes,49,Yes,Artist,2.0,Average,2.0,No,4
464835,Male,No,19,No,Healthcare,1.0,Low,6.0,No,2
467779,Male,No,52,Yes,Doctor,1.0,Average,2.0,Yes,0
466104,Male,Yes,81,Yes,Lawyer,1.0,Low,1.0,No,3
467900,Female,No,37,No,Engineer,3.0,Low,1.0,No,0
459921,Male,No,37,Yes,Artist,8.0,Low,1.0,No,0
459188,Male,No,27,No,Healthcare,1.0,Low,3.0,No,2
462885,Male,No,25,No,Executive,2.0,High,2.0,Yes,2
462939,Male,Yes,40,Yes,Doctor,0.0,High,5.0,Yes,1
459401,Male,No,26,No,Healthcare,1.0,Low,3.0,No,2
462057,Male,Yes,40,Yes,Artist,3.0,Average,4.0,No,1
466134,Male,No,43,Yes,Doctor,1.0,High,2.0,Yes,1
464472,Female,No,27,Yes,Artist,0.0,Low,3.0,No,0
461213,Female,No,31,Yes,Healthcare,1.0,Low,4.0,No,2
463481,Female,Yes,37,Yes,Artist,,Average,3.0,No,4
459957,Female,Yes,32,Yes,Artist,8.0,Low,3.0,No,4
463701,Male,Yes,52,Yes,Marketing,1.0,High,4.0,Yes,3
462512,Female,Yes,28,No,Entertainment,,Average,2.0,No,4
464907,Male,,54,Yes,Engineer,0.0,Average,2.0,Yes,1
460633,Male,Yes,42,Yes,,,High,3.0,Yes,1
467734,Male,Yes,80,Yes,Lawyer,4.0,High,2.0,Yes,3
461957,Male,Yes,47,Yes,Entertainment,1.0,Average,4.0,No,1
458990,Female,Yes,70,No,Lawyer,0.0,High,4.0,Yes,3
460907,Male,Yes,82,No,Lawyer,1.0,High,3.0,Yes,3
459588,Male,Yes,52,Yes,Artist,1.0,Low,1.0,No,1
464454,Male,Yes,51,Yes,Engineer,9.0,High,3.0,Yes,1
464605,Female,Yes,65,Yes,Lawyer,1.0,Low,1.0,No,3
465990,Female,Yes,52,Yes,Executive,1.0,High,3.0,Yes,4
465530,Female,Yes,56,Yes,Artist,1.0,Average,4.0,No,4
464670,Male,Yes,42,No,Entertainment,0.0,Average,4.0,No,1
464478,Female,Yes,71,No,Lawyer,0.0,High,3.0,Yes,3
464271,Female,Yes,36,Yes,Artist,0.0,Average,3.0,No,4
463483,Male,Yes,29,Yes,Executive,0.0,High,3.0,Yes,1
464291,Female,Yes,80,Yes,Artist,0.0,High,1.0,Yes,4
466824,Male,Yes,40,Yes,Artist,3.0,High,3.0,Yes,1
463192,Female,Yes,46,No,Entertainment,4.0,Average,,No,4
460912,Male,No,29,No,Entertainment,1.0,Low,5.0,No,2
459667,Female,Yes,48,Yes,Healthcare,2.0,High,5.0,Yes,4
466366,Male,No,18,No,Healthcare,0.0,Low,3.0,No,2
465044,Female,Yes,46,Yes,Engineer,0.0,Average,4.0,Yes,4
459750,Female,Yes,36,Yes,Engineer,1.0,Average,3.0,Yes,4
459201,Female,Yes,66,Yes,Artist,0.0,Average,2.0,No,4
459432,Male,Yes,84,Yes,Lawyer,0.0,Low,3.0,No,3
464379,Female,Yes,42,Yes,Engineer,13.0,Average,4.0,Yes,4
459741,Male,Yes,64,Yes,Lawyer,0.0,High,3.0,Yes,3
466465,Male,Yes,42,No,Engineer,7.0,High,3.0,Yes,1
465754,Female,Yes,57,Yes,Artist,0.0,Average,4.0,No,4
465998,Female,No,40,Yes,Engineer,6.0,Low,3.0,No,0
462212,Male,No,23,No,Engineer,0.0,Low,4.0,No,2
467369,Male,No,41,Yes,Artist,2.0,Low,3.0,No,0
467308,Female,No,28,Yes,Doctor,0.0,Low,3.0,No,0
464246,Female,Yes,59,Yes,Artist,0.0,Average,2.0,No,4
461201,Female,No,59,Yes,Artist,,Low,1.0,No,0
467921,Female,No,43,Yes,Artist,1.0,Low,4.0,No,0
462240,Male,Yes,80,No,Lawyer,0.0,High,3.0,Yes,3
465638,Female,Yes,51,Yes,Artist,,Low,,No,4
459012,Male,Yes,48,Yes,Artist,3.0,Low,5.0,No,1
465198,Male,Yes,53,Yes,Entertainment,8.0,Average,4.0,No,1
460554,Male,Yes,38,No,Artist,5.0,Average,3.0,No,1
463441,Male,Yes,42,Yes,Artist,8.0,High,4.0,Yes,1
465693,Female,Yes,25,Yes,Healthcare,1.0,High,4.0,Yes,4
465367,Male,Yes,68,No,Executive,0.0,High,4.0,Yes,3
462271,Male,Yes,45,Yes,Executive,2.0,Average,4.0,No,1
465832,Male,Yes,49,Yes,Executive,10.0,High,4.0,Yes,1
463865,Male,Yes,46,Yes,Artist,0.0,Average,5.0,No,1
465152,Male,No,43,Yes,Artist,1.0,Low,3.0,No,0
466346,Female,No,23,No,Healthcare,9.0,Low,4.0,No,2
465044,Female,Yes,47,Yes,Engineer,0.0,Average,4.0,Yes,4
459914,Male,No,38,Yes,Artist,2.0,Low,1.0,No,0
467750,Male,Yes,40,Yes,Artist,,Average,3.0,No,1
464673,Male,Yes,43,No,Executive,2.0,High,7.0,Yes,1
464737,Female,Yes,56,No,Engineer,0.0,Average,6.0,Yes,4
463158,Male,Yes,78,Yes,Executive,0.0,High,2.0,Yes,3
462559,Female,No,42,Yes,Engineer,11.0,Average,4.0,Yes,0
459510,Female,No,23,No,Healthcare,0.0,Low,3.0,No,2
463953,Male,Yes,28,Yes,Entertainment,3.0,Average,3.0,No,1
466707,Female,Yes,48,Yes,Homemaker,1.0,Low,4.0,No,4
461558,Male,Yes,41,Yes,Engineer,0.0,Average,1.0,Yes,1
460296,Female,Yes,60,Yes,Artist,1.0,Low,2.0,No,4
467113,Male,Yes,80,Yes,Lawyer,,Low,1.0,No,3
460130,Male,No,27,Yes,Healthcare,2.0,Low,4.0,No,2
465092,Male,Yes,65,Yes,Executive,2.0,High,3.0,Yes,1
467264,Male,No,19,No,Marketing,0.0,High,4.0,Yes,2
464745,Male,,60,No,Engineer,0.0,Average,3.0,Yes,1
464077,Female,Yes,56,Yes,Artist,2.0,High,3.0,Yes,4
463906,Female,Yes,38,Yes,Engineer,2.0,Average,5.0,Yes,4
467470,Male,Yes,51,Yes,Engineer,3.0,Average,2.0,Yes,1
461988,Male,Yes,32,No,Engineer,0.0,Average,1.0,Yes,1
463112,Male,Yes,70,Yes,Lawyer,,Low,1.0,No,3
462246,Female,Yes,80,No,Lawyer,3.0,High,2.0,Yes,3
460529,Male,No,33,No,Artist,,Low,,No,2
460637,Female,No,19,No,Healthcare,,Low,,No,2
466127,Male,Yes,54,Yes,Doctor,0.0,Average,5.0,Yes,1
466985,Female,Yes,42,No,Engineer,1.0,Average,8.0,Yes,4
459276,Female,No,20,No,Healthcare,0.0,Low,4.0,No,2
463005,Female,Yes,40,Yes,Homemaker,10.0,Average,2.0,No,4
461878,Male,No,33,Yes,Healthcare,3.0,Low,1.0,No,0
465060,Female,Yes,79,No,Lawyer,12.0,High,4.0,Yes,3
459213,Female,No,38,Yes,Healthcare,0.0,Low,4.0,No,2
459643,Male,Yes,39,No,Executive,0.0,High,3.0,Yes,1
463399,Female,No,26,No,Marketing,3.0,Low,3.0,No,2
464809,Male,Yes,46,,Entertainment,,Average,5.0,No,1
467007,Female,Yes,35,No,Engineer,0.0,High,1.0,Yes,4
465927,Female,No,25,Yes,Healthcare,0.0,Low,1.0,No,0
460736,Male,No,19,No,Entertainment,0.0,Low,3.0,No,2
464284,Female,Yes,42,Yes,Artist,,Low,,No,4
458994,Male,Yes,38,Yes,Healthcare,8.0,Average,4.0,No,1
461975,Female,No,42,Yes,Entertainment,6.0,Low,2.0,No,0
466365,Female,Yes,50,,Artist,0.0,Average,3.0,No,4
461443,Female,Yes,70,Yes,Artist,1.0,Average,2.0,No,4
462327,Male,Yes,27,Yes,Entertainment,0.0,Low,4.0,No,1
467865,Female,No,35,Yes,Artist,3.0,Low,1.0,No,0
463391,Male,Yes,62,Yes,Doctor,5.0,Low,1.0,No,1
464754,Female,Yes,43,No,Engineer,4.0,Average,7.0,Yes,4
465318,Male,No,21,No,Doctor,6.0,Low,6.0,No,2
461371,Male,Yes,37,Yes,Doctor,0.0,Average,2.0,Yes,1
462611,Male,Yes,44,No,Executive,3.0,High,6.0,Yes,1
460422,Male,Yes,48,Yes,Entertainment,2.0,High,,Yes,1
459753,Male,Yes,40,Yes,Marketing,,Average,2.0,No,3
466792,Female,Yes,82,No,Lawyer,0.0,Low,1.0,No,3
466984,Female,No,43,Yes,Homemaker,9.0,Low,,No,0
462365,Male,Yes,74,Yes,Lawyer,0.0,High,3.0,Yes,3
462470,Male,Yes,80,Yes,Executive,3.0,Low,1.0,No,3
466939,Male,Yes,68,No,Lawyer,0.0,High,1.0,Yes,3
465566,Male,No,50,Yes,Artist,1.0,Low,3.0,No,0
461006,Female,Yes,21,No,Healthcare,0.0,High,,Yes,4
464565,Male,No,30,Yes,Marketing,12.0,Low,4.0,No,2
467628,Male,Yes,75,No,Executive,,High,3.0,Yes,3
462940,Male,No,75,No,Lawyer,,Low,2.0,No,3
467698,Female,Yes,40,No,Artist,3.0,Average,,No,4
461925,Female,No,33,Yes,Artist,0.0,Low,5.0,No,0
463417,Male,Yes,59,Yes,Artist,,Low,,No,1
467278,Female,No,80,Yes,Artist,0.0,High,3.0,Yes,4
462692,Female,Yes,35,No,Artist,,Average,2.0,No,4
465177,Female,No,60,Yes,Entertainment,1.0,Low,2.0,No,0
463428,Male,Yes,29,Yes,Executive,0.0,High,6.0,Yes,1
462500,Male,Yes,44,Yes,Doctor,3.0,Average,2.0,Yes,1
467329,Female,No,40,Yes,Doctor,0.0,Low,1.0,No,0
465106,Male,Yes,48,Yes,Executive,0.0,High,2.0,Yes,1
464728,Male,Yes,50,No,Entertainment,3.0,High,5.0,Yes,1
463948,Male,Yes,35,No,Executive,3.0,High,4.0,Yes,1
459036,Female,No,19,No,Lawyer,1.0,Average,4.0,Yes,2
467278,Female,Yes,80,Yes,Artist,0.0,High,2.0,Yes,4
459476,Male,Yes,38,Yes,Artist,0.0,High,3.0,Yes,1
463633,Male,Yes,34,Yes,Doctor,0.0,Average,2.0,Yes,1
465063,Female,No,71,Yes,Lawyer,3.0,High,2.0,Yes,3
467608,Male,No,32,Yes,Engineer,6.0,Low,1.0,No,0
466093,Male,No,52,Yes,Entertainment,1.0,Low,5.0,No,2
463493,Male,Yes,42,Yes,Executive,,High,4.0,Yes,1
460694,Female,Yes,53,No,Engineer,3.0,Low,1.0,No,4
460999,Male,No,26,Yes,Engineer,1.0,Low,3.0,No,0
460756,Female,No,28,No,Homemaker,8.0,Low,,No,2
462113,Female,Yes,63,Yes,Artist,7.0,High,5.0,Yes,4
459398,Female,Yes,56,No,Lawyer,,High,2.0,Yes,3
462452,Male,No,22,No,Healthcare,1.0,Low,,No,2
466127,Male,Yes,46,Yes,Doctor,0.0,Average,4.0,Yes,1
463088,Female,Yes,80,No,Lawyer,2.0,High,3.0,Yes,3
464201,Female,No,30,No,Healthcare,0.0,Low,9.0,No,2
459697,Female,Yes,79,Yes,Lawyer,0.0,High,4.0,Yes,3
467734,Male,Yes,76,Yes,Lawyer,4.0,High,3.0,Yes,3
459425,Female,Yes,80,Yes,Lawyer,0.0,High,1.0,Yes,3
463131,Male,Yes,66,No,Entertainment,1.0,High,2.0,Yes,3
463135,Male,Yes,46,Yes,Artist,5.0,Average,2.0,No,1
467013,Male,Yes,66,Yes,Executive,0.0,High,2.0,Yes,3
467023,Male,No,24,No,Doctor,8.0,Average,2.0,Yes,0
466761,Female,Yes,48,Yes,Entertainment,2.0,Low,1.0,No,4
467647,Male,No,28,Yes,Healthcare,2.0,Low,3.0,No,0
465670,Female,No,48,No,Engineer,12.0,Low,1.0,No,0
459039,Male,Yes,45,Yes,Artist,1.0,Average,2.0,No,1
466283,Male,Yes,63,Yes,Artist,0.0,High,1.0,Yes,1
460290,Female,,52,Yes,Artist,,High,1.0,Yes,4
467460,Female,Yes,36,Yes,Homemaker,8.0,Average,2.0,No,4
465030,Male,Yes,35,Yes,Executive,9.0,High,4.0,Yes,1
463452,Female,Yes,79,Yes,Lawyer,0.0,High,2.0,Yes,3
466180,Male,Yes,70,No,Lawyer,0.0,Low,1.0,No,3
460810,Female,Yes,80,No,Lawyer,0.0,High,1.0,Yes,3
463860,Male,Yes,35,Yes,Healthcare,2.0,High,3.0,Yes,1
467697,Female,No,39,Yes,Healthcare,0.0,Low,1.0,No,0
460444,Male,Yes,60,No,Artist,0.0,Low,1.0,No,1
464925,Male,,60,No,Executive,6.0,Average,2.0,No,1
463089,Male,Yes,56,Yes,Executive,6.0,High,4.0,Yes,1
467217,Female,Yes,78,Yes,Lawyer,,High,1.0,Yes,3
460757,Female,No,31,No,Homemaker,10.0,High,4.0,Yes,2
459402,Female,Yes,51,Yes,Artist,1.0,Average,4.0,No,4
460211,Male,Yes,25,,Artist,6.0,Low,1.0,No,1
459130,Female,Yes,74,No,Lawyer,0.0,High,2.0,Yes,3
463062,Female,Yes,37,Yes,Artist,,Average,3.0,No,4
459731,Male,Yes,61,Yes,Artist,0.0,High,2.0,Yes,1
465975,Male,No,42,Yes,Artist,8.0,Low,1.0,No,0
465843,Female,No,37,Yes,Artist,0.0,Low,1.0,No,0
462376,Male,Yes,71,Yes,Executive,0.0,High,2.0,Yes,3
461682,Male,Yes,78,No,Executive,3.0,High,3.0,Yes,3
467123,Female,Yes,47,Yes,Executive,5.0,High,3.0,Yes,4
462220,Female,No,18,No,Healthcare,7.0,Low,3.0,No,2
467130,Female,Yes,29,No,Homemaker,,High,3.0,Yes,4
466455,Female,Yes,30,Yes,Doctor,4.0,Low,2.0,No,4
460933,Female,Yes,80,Yes,Lawyer,0.0,High,2.0,Yes,3
466921,Female,No,22,No,Healthcare,3.0,Low,3.0,No,2
459236,Male,No,80,No,Lawyer,1.0,High,1.0,Yes,3
461060,Male,Yes,54,Yes,Executive,2.0,High,6.0,Yes,1
464518,Male,Yes,31,No,Executive,0.0,High,3.0,Yes,1
463078,Female,Yes,80,No,Executive,0.0,High,2.0,Yes,3
464776,Female,Yes,50,No,Engineer,,Average,6.0,Yes,4
462959,Female,Yes,53,Yes,Engineer,2.0,High,1.0,Yes,4
464993,Male,Yes,54,No,Executive,3.0,High,4.0,Yes,1
459799,Male,Yes,47,Yes,Artist,1.0,Low,2.0,No,1
466253,Male,No,19,No,Healthcare,0.0,Low,3.0,No,2
467457,Female,No,32,Yes,Marketing,1.0,Low,6.0,No,2
463377,Female,Yes,37,Yes,Homemaker,2.0,High,3.0,Yes,4
464104,Male,Yes,62,No,Artist,0.0,Average,3.0,No,1
463889,Female,No,29,Yes,Homemaker,,Low,1.0,No,0
464449,Female,No,67,Yes,Engineer,0.0,Low,,No,0
462741,Female,No,26,Yes,Artist,2.0,Low,2.0,No,0
461537,Male,No,31,Yes,Artist,0.0,Low,1.0,No,0
459987,Male,Yes,49,Yes,Healthcare,,High,2.0,Yes,1
460402,Female,Yes,50,Yes,Doctor,1.0,Low,2.0,No,4
466446,Female,Yes,41,Yes,Artist,2.0,High,4.0,Yes,4
462174,Female,Yes,40,Yes,Engineer,8.0,Average,4.0,Yes,4
465966,Male,No,36,Yes,Doctor,9.0,Low,1.0,No,0
467554,Female,No,28,Yes,Healthcare,1.0,Low,3.0,No,0
464903,Male,Yes,28,No,Entertainment,0.0,Average,2.0,No,1
462382,Male,Yes,77,Yes,Lawyer,0.0,High,2.0,Yes,3
466936,Male,Yes,58,No,Lawyer,0.0,High,4.0,Yes,3
464203,Male,No,56,Yes,Artist,2.0,Low,1.0,No,0
466693,Male,No,23,No,Healthcare,0.0,Low,2.0,No,2
463802,Female,No,39,Yes,Engineer,1.0,Low,3.0,No,0
460017,Male,Yes,46,Yes,Artist,8.0,High,2.0,Yes,1
466766,Male,Yes,74,No,Lawyer,3.0,High,5.0,Yes,3
461153,Male,Yes,36,Yes,Artist,,High,2.0,Yes,1
465285,Female,Yes,32,No,Engineer,9.0,Low,4.0,No,4
465537,Female,Yes,56,Yes,Artist,0.0,High,5.0,Yes,4
465067,Female,Yes,62,Yes,Executive,7.0,High,1.0,Yes,4
465841,Female,No,52,Yes,Engineer,3.0,Low,1.0,No,0
464499,Female,Yes,46,Yes,Executive,3.0,High,5.0,Yes,4
459529,Female,Yes,80,No,Lawyer,1.0,High,1.0,Yes,3
462909,Female,No,36,No,Engineer,,Low,1.0,No,0
465962,Male,Yes,33,Yes,Healthcare,0.0,Low,2.0,No,1
464886,Male,Yes,38,Yes,Engineer,0.0,Average,4.0,Yes,1
465762,Female,No,36,No,Engineer,9.0,Low,,No,0
467934,Female,No,40,Yes,Artist,1.0,Low,1.0,No,0
460802,Male,Yes,71,Yes,Lawyer,0.0,High,1.0,Yes,3
461292,Female,Yes,81,No,Lawyer,,High,2.0,Yes,3
460613,Female,Yes,46,Yes,Homemaker,8.0,Average,3.0,No,4
460086,Male,Yes,50,No,Artist,1.0,Average,3.0,No,1
463471,Male,No,57,Yes,Marketing,1.0,Low,4.0,No,2
459713,Male,No,18,No,Healthcare,,Low,3.0,No,2
466279,Female,No,31,No,,1.0,Low,4.0,No,2
463447,Male,Yes,58,No,Engineer,2.0,Average,2.0,Yes,1
466498,Male,Yes,80,Yes,Lawyer,8.0,High,2.0,Yes,3
467616,Male,Yes,25,Yes,Entertainment,1.0,Low,2.0,No,1
459284,Female,Yes,70,Yes,Lawyer,1.0,High,2.0,Yes,3
460834,Male,Yes,25,No,Doctor,1.0,Low,2.0,No,1
461546,Female,Yes,72,No,Lawyer,1.0,Low,3.0,No,3
465432,Female,Yes,62,Yes,Engineer,0.0,Average,3.0,Yes,4
466834,Male,Yes,60,Yes,Entertainment,1.0,Low,3.0,No,1
464570,Male,Yes,26,Yes,Doctor,2.0,Average,3.0,Yes,1
463458,Male,Yes,26,Yes,Entertainment,1.0,Average,2.0,No,1
462202,Female,No,43,Yes,Entertainment,1.0,Low,4.0,No,0
463759,Male,Yes,53,Yes,Executive,9.0,High,4.0,Yes,1
467082,Female,Yes,75,Yes,Artist,1.0,High,2.0,Yes,4
466759,Female,No,26,No,Healthcare,3.0,Low,,No,2
467495,Male,Yes,61,No,Artist,0.0,High,3.0,Yes,1
461561,Female,Yes,46,Yes,Artist,0.0,Average,2.0,No,4
461166,Female,Yes,44,Yes,Entertainment,7.0,High,,Yes,4
464924,Male,Yes,26,No,Entertainment,,High,6.0,Yes,1
461447,Male,Yes,75,Yes,Lawyer,0.0,High,2.0,Yes,3
466574,Male,Yes,59,Yes,Artist,7.0,Low,2.0,No,1
459018,Female,Yes,80,No,Executive,0.0,High,2.0,Yes,3
460420,Female,No,37,Yes,Artist,1.0,Low,1.0,No,0
466165,Female,No,49,Yes,Artist,0.0,Low,1.0,No,0
462114,Male,No,21,No,Healthcare,1.0,Low,4.0,No,2
459280,Male,Yes,60,Yes,,0.0,Low,1.0,No,1
463853,Female,Yes,58,Yes,Artist,0.0,Average,4.0,No,4
460684,Male,Yes,62,No,Entertainment,8.0,Low,2.0,No,1
461257,Male,Yes,41,Yes,Engineer,1.0,Average,2.0,Yes,1
463284,Female,Yes,60,Yes,Engineer,0.0,Low,,No,4
459096,Male,,80,No,Lawyer,0.0,Low,1.0,No,3
465017,Male,Yes,52,Yes,Executive,1.0,High,4.0,Yes,1
464110,Male,Yes,58,Yes,Doctor,1.0,High,2.0,Yes,1
461030,Female,No,19,No,Healthcare,8.0,Low,5.0,No,2
459262,Female,No,31,No,Entertainment,9.0,Low,4.0,No,2
467676,Male,Yes,40,Yes,Entertainment,8.0,Low,2.0,No,1
464894,Male,No,22,No,Healthcare,,Low,5.0,No,2
463263,Female,Yes,75,Yes,Engineer,0.0,High,1.0,Yes,3
462541,Male,Yes,70,Yes,Engineer,4.0,High,2.0,Yes,1
462545,Male,No,33,No,Engineer,1.0,Low,3.0,No,2
462699,Female,Yes,61,Yes,Lawyer,,High,4.0,Yes,3
466933,Female,Yes,52,No,Engineer,0.0,Low,,No,4
465106,Female,Yes,51,Yes,Executive,1.0,High,2.0,Yes,4
463604,Male,No,23,No,Healthcare,2.0,Low,3.0,No,2
467548,Male,Yes,48,Yes,Artist,0.0,High,2.0,Yes,1
459663,Male,No,31,Yes,Artist,,Low,6.0,No,2
463394,Male,Yes,41,Yes,Marketing,,High,2.0,Yes,3
464521,Male,No,26,No,Doctor,2.0,Low,4.0,No,2
462844,Female,Yes,30,No,Engineer,0.0,Average,2.0,Yes,4
460241,Male,Yes,40,Yes,Artist,8.0,Average,2.0,No,1
460952,Male,Yes,43,No,Doctor,2.0,Average,5.0,Yes,1
462500,Male,Yes,51,Yes,Doctor,0.0,Average,3.0,Yes,1
461167,Male,No,26,Yes,Marketing,0.0,High,2.0,Yes,2
464462,Male,Yes,75,Yes,Artist,3.0,High,1.0,Yes,1
464355,Male,Yes,48,Yes,Executive,0.0,High,3.0,Yes,1
463059,Female,No,32,Yes,Homemaker,10.0,Low,1.0,No,0
460551,Male,Yes,45,No,Engineer,1.0,Average,3.0,Yes,1
466238,Male,No,20,No,Healthcare,0.0,Low,3.0,No,2
466768,Female,Yes,36,Yes,Artist,0.0,Low,4.0,No,4
462731,Female,Yes,42,Yes,Artist,3.0,High,2.0,Yes,4
465128,Female,Yes,62,No,Artist,1.0,Average,3.0,No,4
460563,Female,No,41,No,Healthcare,1.0,Low,2.0,No,2
465656,Male,Yes,78,No,Lawyer,1.0,Low,,No,3
462954,Female,Yes,48,Yes,Homemaker,12.0,Low,1.0,No,4
465598,Male,No,28,Yes,Healthcare,6.0,Low,5.0,No,2
460078,Female,Yes,38,No,Healthcare,7.0,High,3.0,Yes,4
460153,Male,No,35,Yes,Entertainment,8.0,Low,5.0,No,0
460496,Male,No,19,No,Healthcare,7.0,Low,5.0,No,2
462726,Female,No,75,Yes,Homemaker,2.0,High,,Yes,3
467064,Female,Yes,31,No,Doctor,2.0,Average,2.0,Yes,4
462433,Female,Yes,33,Yes,Doctor,0.0,Average,2.0,Yes,4
462612,Female,Yes,29,No,Doctor,,High,5.0,Yes,4
465719,Female,Yes,37,Yes,Artist,0.0,Low,2.0,No,4
466760,Male,Yes,43,Yes,Doctor,2.0,Average,5.0,Yes,1
461178,Male,Yes,33,No,Entertainment,1.0,Low,3.0,No,1
462207,Male,No,26,No,Doctor,0.0,Low,6.0,No,2
467776,Female,No,25,Yes,Doctor,0.0,Low,4.0,No,0
462610,Male,No,27,Yes,Doctor,1.0,Low,6.0,No,2
466725,Female,Yes,89,No,Lawyer,0.0,High,2.0,Yes,3
459277,Male,Yes,38,No,Entertainment,0.0,Low,2.0,No,1
464058,Male,Yes,86,Yes,Healthcare,0.0,Low,1.0,No,3
460734,Male,Yes,35,Yes,Entertainment,8.0,Average,,No,1
461028,Female,No,21,No,Healthcare,6.0,Low,4.0,No,2
462943,Male,Yes,56,Yes,Executive,7.0,High,3.0,Yes,1
465174,Female,Yes,70,Yes,Entertainment,1.0,High,2.0,Yes,3
462889,Male,Yes,35,No,Executive,,High,5.0,Yes,1
460275,Female,No,52,Yes,Artist,6.0,Low,1.0,No,0
465569,Male,Yes,38,Yes,Artist,3.0,High,2.0,Yes,1
466648,Male,Yes,36,Yes,Executive,6.0,High,2.0,Yes,1
461737,Female,Yes,48,Yes,Doctor,1.0,Average,6.0,Yes,4
464345,Female,Yes,61,Yes,Artist,3.0,High,3.0,Yes,4
466493,Male,Yes,76,No,Lawyer,0.0,High,2.0,Yes,3
459739,Male,Yes,72,No,Engineer,1.0,High,,Yes,1
467662,Male,No,29,Yes,Artist,,Low,1.0,No,0
467736,Female,Yes,80,Yes,Lawyer,4.0,High,,Yes,3
464020,Male,No,20,No,Healthcare,0.0,Low,4.0,No,2
462530,Female,Yes,37,Yes,Artist,,High,2.0,Yes,4
460019,Female,No,46,Yes,Doctor,6.0,Low,,No,0
461788,Female,No,80,No,Lawyer,0.0,High,3.0,Yes,3
466738,Female,No,27,Yes,Healthcare,0.0,Low,,No,0
467365,Male,No,40,Yes,Artist,1.0,Low,1.0,No,0
463167,Male,Yes,44,Yes,Doctor,2.0,Average,4.0,Yes,1
462631,Female,Yes,35,No,Engineer,2.0,High,4.0,Yes,4
463220,Female,Yes,43,No,Engineer,0.0,Average,3.0,Yes,4
465999,Female,Yes,32,No,,8.0,Low,1.0,No,4
462723,Female,Yes,46,No,Artist,8.0,Average,2.0,No,4
467813,Male,Yes,36,Yes,Entertainment,0.0,Low,2.0,No,1
462170,Male,Yes,73,No,Executive,0.0,High,3.0,Yes,3
466207,Female,Yes,35,Yes,Doctor,8.0,Average,5.0,Yes,4
460081,Male,Yes,35,Yes,Artist,10.0,High,2.0,Yes,1
464762,Female,Yes,51,No,Engineer,7.0,Average,3.0,Yes,4
460251,Female,No,30,Yes,Entertainment,9.0,Low,1.0,No,0
459923,Male,No,31,Yes,Marketing,0.0,Low,2.0,No,2
461674,Male,Yes,48,Yes,Executive,0.0,High,4.0,Yes,1
463963,Female,Yes,33,No,Engineer,6.0,High,4.0,Yes,4
467779,Female,Yes,58,Yes,Doctor,3.0,Average,4.0,Yes,4
466272,Female,Yes,70,Yes,Lawyer,0.0,Average,4.0,Yes,3
463168,Female,Yes,36,Yes,Doctor,7.0,Average,2.0,Yes,4
465701,Male,Yes,35,Yes,Artist,1.0,Average,2.0,No,1
465221,Male,Yes,80,Yes,Artist,2.0,High,3.0,Yes,1
467931,Male,No,25,Yes,Doctor,0.0,Low,2.0,No,0
463451,Female,No,30,No,Doctor,0.0,Low,4.0,No,2
466897,Female,,48,No,Doctor,0.0,High,3.0,Yes,4
463461,Male,No,29,No,Doctor,,Low,4.0,No,2
465344,Female,Yes,71,Yes,Lawyer,0.0,High,2.0,Yes,3
461448,Male,Yes,69,Yes,Doctor,0.0,High,3.0,Yes,1
462364,Male,Yes,51,No,Artist,0.0,Low,3.0,No,1
460012,Female,Yes,50,Yes,Artist,1.0,High,3.0,Yes,4
461048,Male,Yes,31,Yes,Doctor,10.0,Average,1.0,Yes,1
466525,Male,Yes,33,Yes,Artist,0.0,Average,2.0,No,1
462244,Male,Yes,79,No,Executive,2.0,High,4.0,Yes,3
460579,Female,Yes,39,No,Engineer,0.0,Average,5.0,Yes,4
466152,Male,Yes,40,No,Engineer,8.0,Low,1.0,No,1
459445,Female,Yes,35,Yes,Artist,0.0,Average,3.0,No,4
465735,Female,Yes,35,Yes,Artist,1.0,Low,2.0,No,4
460784,Male,No,32,Yes,Healthcare,0.0,Low,6.0,No,2
462696,Male,Yes,52,No,Artist,0.0,High,2.0,Yes,1
464690,Male,Yes,40,No,Engineer,2.0,Average,,Yes,1
466622,Female,No,47,Yes,Entertainment,1.0,Low,1.0,No,0
462506,Male,No,31,No,Healthcare,1.0,Low,4.0,No,2
459389,Female,No,26,Yes,Engineer,9.0,Low,8.0,No,2
463619,Male,Yes,70,No,Executive,1.0,High,2.0,Yes,3
463171,Female,Yes,36,No,Entertainment,1.0,High,3.0,Yes,4
463852,Male,Yes,46,Yes,Entertainment,,High,3.0,Yes,1
464083,Female,Yes,64,No,Lawyer,0.0,High,2.0,Yes,3
465126,Female,Yes,35,No,Engineer,8.0,Average,3.0,Yes,4
462961,Female,Yes,51,No,Engineer,2.0,Average,4.0,Yes,4
466224,Female,No,38,Yes,Healthcare,0.0,Low,1.0,No,0
464345,Female,Yes,52,Yes,Artist,0.0,High,2.0,Yes,4
462309,Male,No,30,Yes,Healthcare,,Low,1.0,No,0
463491,Male,Yes,30,Yes,Doctor,11.0,Average,3.0,Yes,1
467482,Male,Yes,38,Yes,Executive,0.0,High,3.0,Yes,1
461639,Male,Yes,60,Yes,Artist,0.0,Average,2.0,No,1
462001,Female,Yes,31,No,Entertainment,0.0,Average,,No,4
464952,Female,Yes,70,No,Engineer,0.0,Average,3.0,Yes,4
467741,Male,No,21,No,Healthcare,1.0,Low,3.0,No,2
460454,Male,No,51,Yes,Artist,,Low,1.0,No,0
462767,Male,No,21,No,Healthcare,2.0,Low,4.0,No,2
461830,Male,Yes,42,Yes,Executive,1.0,High,3.0,Yes,1
459845,Male,Yes,66,Yes,Healthcare,0.0,Low,1.0,No,3
459409,Female,Yes,80,Yes,Lawyer,0.0,High,3.0,Yes,3
462105,Male,Yes,47,No,Executive,,High,4.0,Yes,1
467200,Female,No,75,Yes,Lawyer,0.0,Low,2.0,No,3
465611,Male,No,53,Yes,Doctor,0.0,Low,1.0,No,0
462592,Female,Yes,35,No,Artist,11.0,Low,2.0,No,4
463382,Female,Yes,51,No,Engineer,6.0,High,3.0,Yes,4
467037,Male,Yes,53,No,Lawyer,0.0,High,3.0,Yes,3
460883,Male,Yes,66,Yes,Artist,0.0,High,3.0,Yes,1
462406,Male,Yes,27,No,Engineer,6.0,Low,3.0,No,1
464733,Female,Yes,27,No,Engineer,2.0,High,4.0,Yes,4
467729,Male,Yes,61,Yes,Entertainment,3.0,Average,6.0,No,1
467381,Male,Yes,49,Yes,Entertainment,0.0,Low,4.0,No,1
463397,Female,No,20,No,Healthcare,4.0,Low,3.0,No,2
462800,Female,Yes,63,Yes,Lawyer,11.0,Average,3.0,Yes,3
466144,Female,Yes,48,No,Artist,0.0,Low,,No,4
464386,Male,Yes,37,Yes,Doctor,1.0,Average,3.0,Yes,1
464577,Female,Yes,28,Yes,Healthcare,10.0,High,2.0,Yes,4
462620,Male,Yes,40,No,Engineer,6.0,Average,5.0,Yes,1
460879,Female,No,27,Yes,Healthcare,0.0,Low,4.0,No,2
464148,Male,No,53,Yes,Executive,11.0,High,3.0,Yes,1
464921,Male,Yes,32,Yes,Doctor,1.0,Average,6.0,Yes,1
464721,Male,Yes,39,Yes,Artist,3.0,Average,4.0,No,1
464096,Female,No,31,No,Healthcare,1.0,Low,5.0,No,2
467133,Female,Yes,75,Yes,Lawyer,2.0,High,,Yes,3
459442,Male,Yes,80,Yes,Executive,0.0,High,3.0,Yes,3
463658,Male,Yes,43,Yes,Artist,3.0,Average,3.0,No,1
461168,Female,Yes,26,No,Engineer,5.0,Average,2.0,Yes,4
459206,Female,No,25,No,Artist,1.0,Low,3.0,No,2
462376,Male,Yes,72,Yes,Executive,0.0,High,2.0,Yes,3
459207,Female,Yes,57,,Doctor,0.0,Average,3.0,Yes,4
466498,Male,Yes,83,Yes,Lawyer,6.0,High,3.0,Yes,3
459597,Female,Yes,71,Yes,Artist,1.0,High,2.0,Yes,4
459648,Female,No,37,Yes,Artist,1.0,High,3.0,Yes,4
462066,Female,No,26,Yes,Artist,13.0,Low,2.0,No,0
463144,Male,Yes,43,Yes,Executive,3.0,High,3.0,Yes,1
462789,Female,No,19,No,Healthcare,,Low,6.0,No,2
461237,Male,No,30,Yes,Doctor,0.0,Low,5.0,No,2
465333,Female,Yes,37,Yes,Artist,2.0,Low,2.0,No,4
461910,Male,Yes,31,Yes,Artist,,Average,2.0,No,1
462179,Female,No,31,Yes,Marketing,0.0,Low,9.0,No,2
463121,Female,Yes,69,,Lawyer,,High,,Yes,3
466146,Female,Yes,43,No,Engineer,10.0,Average,4.0,Yes,4
461409,Male,Yes,43,No,Artist,1.0,High,3.0,Yes,1
463153,Female,No,26,Yes,Homemaker,9.0,Low,1.0,No,0
463021,Male,Yes,74,No,Lawyer,0.0,High,2.0,Yes,3
466878,Male,Yes,38,No,Artist,8.0,High,5.0,Yes,1
466337,Female,Yes,41,No,Engineer,0.0,Low,2.0,No,4
464328,Male,Yes,80,No,Lawyer,3.0,High,1.0,Yes,3
459265,Female,Yes,41,Yes,Artist,0.0,Average,2.0,No,4
467600,Male,Yes,37,Yes,Engineer,,Average,4.0,Yes,1
460319,Male,Yes,38,No,Doctor,1.0,Average,1.0,Yes,1
463691,Female,No,33,No,Homemaker,0.0,Low,3.0,No,2
460639,Female,Yes,73,Yes,Lawyer,,Low,5.0,No,3
463286,Male,Yes,35,Yes,Artist,1.0,Average,3.0,No,1
463483,Male,Yes,26,No,Executive,3.0,High,2.0,Yes,1
467443,Male,No,32,No,Healthcare,7.0,Low,4.0,No,2
467391,Male,Yes,84,Yes,Lawyer,,Low,1.0,No,3
465276,Male,Yes,55,Yes,Artist,1.0,Average,5.0,No,1
460739,Male,Yes,43,Yes,Executive,,High,5.0,Yes,1
465366,Female,No,38,Yes,Artist,8.0,Low,1.0,No,0
467908,Female,Yes,45,Yes,Engineer,0.0,High,5.0,Yes,4
460769,Female,Yes,75,Yes,Lawyer,1.0,High,3.0,Yes,3
466886,Female,No,40,No,Marketing,1.0,Low,1.0,No,2
464675,Female,Yes,45,No,Doctor,0.0,Average,10.0,Yes,4
462348,Female,Yes,78,Yes,Lawyer,0.0,High,3.0,Yes,3
461897,Male,Yes,55,Yes,Doctor,0.0,Average,2.0,Yes,1
465360,Female,Yes,49,Yes,Artist,1.0,Average,2.0,No,4
466947,Male,Yes,57,No,Executive,1.0,High,5.0,Yes,1
463720,Female,Yes,45,Yes,Artist,1.0,Average,4.0,No,4
459066,Male,Yes,44,No,Executive,9.0,High,5.0,Yes,1
460605,Male,Yes,33,Yes,Doctor,9.0,Average,2.0,Yes,1
463905,Male,Yes,24,Yes,Engineer,0.0,Average,5.0,Yes,1
464541,Male,No,31,Yes,Doctor,1.0,Low,2.0,No,0
459235,Male,Yes,55,No,Entertainment,1.0,Low,,No,1
461195,Male,No,18,No,Healthcare,0.0,Low,2.0,No,2
465759,Male,Yes,33,No,Artist,1.0,Low,3.0,No,1
462536,Female,Yes,47,No,Engineer,0.0,High,,Yes,4
463270,Male,Yes,52,No,Executive,1.0,Low,5.0,No,1
459671,Female,Yes,48,Yes,Artist,,Average,3.0,No,4
459524,Female,No,35,Yes,Artist,1.0,Low,1.0,No,0
459142,Female,Yes,80,Yes,Artist,1.0,High,4.0,Yes,4
464016,Female,,34,Yes,Entertainment,0.0,High,1.0,Yes,4
467569,Male,No,19,No,Healthcare,,Low,4.0,No,2
466718,Male,Yes,68,,Executive,0.0,High,1.0,Yes,3
465563,Male,Yes,59,Yes,Entertainment,1.0,Average,5.0,No,1
463316,Female,Yes,80,No,Lawyer,2.0,High,2.0,Yes,3
462775,Female,No,18,No,Healthcare,7.0,Low,3.0,No,2
463212,Male,No,28,Yes,Healthcare,0.0,Low,5.0,No,2
458987,Female,Yes,69,Yes,Lawyer,1.0,High,3.0,Yes,3
464609,Female,No,39,Yes,Artist,3.0,Low,2.0,No,0
463211,Male,Yes,68,Yes,Lawyer,8.0,Low,1.0,No,3
463932,Female,Yes,72,Yes,Artist,1.0,Average,3.0,No,4
460229,Female,Yes,63,Yes,Lawyer,1.0,High,1.0,Yes,3
460169,Female,Yes,80,Yes,Lawyer,1.0,High,1.0,Yes,3
461429,Male,Yes,49,Yes,Doctor,1.0,Average,4.0,Yes,1
463365,Male,Yes,65,No,Executive,0.0,High,3.0,Yes,3
463657,Male,Yes,43,Yes,Executive,1.0,High,3.0,Yes,1
465088,Male,Yes,48,Yes,Executive,9.0,High,4.0,Yes,1
459819,Male,Yes,66,Yes,Entertainment,,High,2.0,Yes,1
462194,Male,Yes,61,No,Engineer,0.0,Low,3.0,No,1
467500,Female,Yes,32,Yes,Artist,5.0,High,1.0,Yes,4
463510,Female,No,27,Yes,Healthcare,1.0,Low,7.0,No,2
460907,Male,Yes,80,No,Lawyer,0.0,High,2.0,Yes,3
460933,Female,Yes,77,Yes,Lawyer,2.0,High,3.0,Yes,3
465160,Male,No,57,No,Executive,3.0,High,4.0,Yes,1
463128,Male,Yes,73,Yes,Lawyer,0.0,High,4.0,Yes,3
464275,Male,No,30,No,Doctor,0.0,Low,5.0,No,2
460777,Male,Yes,74,No,Lawyer,0.0,Low,1.0,No,3
466936,Male,Yes,55,No,Lawyer,1.0,High,3.0,Yes,3
466539,Female,Yes,78,No,Lawyer,0.0,High,3.0,Yes,3
460624,Male,Yes,62,Yes,Homemaker,7.0,High,3.0,Yes,3
466343,Male,No,30,Yes,Doctor,0.0,Low,2.0,No,0
461169,Male,No,39,Yes,Entertainment,9.0,Low,2.0,No,0
466288,Male,Yes,36,Yes,Artist,7.0,Average,5.0,No,1
460067,Female,No,39,Yes,Entertainment,11.0,Low,1.0,No,0
467871,Female,No,29,No,Marketing,4.0,Low,3.0,No,2
464550,Male,Yes,50,Yes,Artist,,Low,4.0,No,1
462985,Male,No,27,Yes,Doctor,7.0,Average,2.0,Yes,0
464185,Male,Yes,65,Yes,Artist,6.0,High,1.0,Yes,1
462373,Male,No,37,Yes,Entertainment,8.0,High,4.0,Yes,1
463937,Male,No,27,Yes,Entertainment,0.0,Low,4.0,No,2
462104,Male,Yes,39,No,Entertainment,9.0,Low,2.0,No,1
466898,Male,Yes,45,Yes,Executive,0.0,High,4.0,Yes,1
467470,Male,Yes,54,No,Engineer,2.0,Average,3.0,Yes,1
465980,Female,No,31,Yes,Healthcare,1.0,Low,7.0,No,2
464025,Male,No,19,No,Healthcare,1.0,Low,6.0,No,2
460883,Male,Yes,72,Yes,Artist,0.0,High,3.0,Yes,1
464435,Male,Yes,48,Yes,Entertainment,1.0,Low,3.0,No,1
467584,Male,Yes,57,No,Doctor,2.0,Average,5.0,Yes,1
466640,Female,No,19,No,Marketing,1.0,Low,4.0,No,2
460551,Male,Yes,51,Yes,Engineer,0.0,Average,2.0,Yes,1
463770,Male,No,25,No,Healthcare,1.0,Low,4.0,No,2
467106,Male,Yes,45,Yes,Entertainment,4.0,Average,3.0,No,1
465126,Female,Yes,35,No,Engineer,7.0,Average,4.0,Yes,4
463669,Male,Yes,28,Yes,Marketing,5.0,High,3.0,Yes,1
465850,Female,No,21,No,Healthcare,9.0,Low,7.0,No,2
460947,Male,Yes,45,Yes,Executive,5.0,High,4.0,Yes,1
460295,Male,No,29,Yes,Artist,9.0,Low,3.0,No,0
466490,Female,Yes,80,No,Lawyer,1.0,High,2.0,Yes,3
459731,Female,Yes,62,Yes,Artist,0.0,High,2.0,Yes,4
462559,Female,Yes,46,Yes,Engineer,11.0,Average,4.0,Yes,4
464912,Male,,30,Yes,Doctor,,Average,3.0,Yes,1
459747,Female,Yes,36,Yes,Artist,1.0,Average,5.0,No,4
466437,Male,Yes,56,No,Executive,0.0,Low,1.0,No,1
465489,Female,No,50,Yes,Engineer,1.0,Low,5.0,No,0
461649,Female,Yes,51,Yes,Artist,3.0,Low,4.0,No,4
466244,Female,No,30,No,Healthcare,3.0,Low,3.0,No,2
465552,Female,,23,No,Healthcare,0.0,Low,7.0,No,2
460542,Female,Yes,81,No,Lawyer,1.0,Low,,No,3
462985,Male,Yes,32,Yes,Doctor,9.0,Average,3.0,Yes,1
462071,Male,Yes,43,No,Doctor,0.0,Low,2.0,No,1
461298,Male,Yes,73,No,Artist,0.0,High,2.0,Yes,1
461249,Female,No,53,Yes,Artist,1.0,Low,,No,0
466676,Male,No,22,No,Healthcare,0.0,Low,2.0,No,2
464403,Female,Yes,64,Yes,Lawyer,2.0,High,2.0,Yes,3
465081,Male,Yes,57,Yes,Executive,7.0,High,2.0,Yes,1
460689,Male,Yes,37,,Executive,7.0,High,1.0,Yes,1
465160,Male,Yes,62,Yes,Executive,1.0,High,3.0,Yes,1
462068,Male,Yes,54,Yes,Executive,0.0,High,3.0,Yes,1
467847,Male,Yes,43,Yes,Artist,6.0,High,2.0,Yes,1
461377,Female,Yes,57,Yes,Artist,,Low,1.0,No,4
463827,Female,Yes,49,Yes,Engineer,2.0,Average,4.0,Yes,4
466637,Male,Yes,48,Yes,Artist,1.0,High,4.0,Yes,1
465260,Female,No,22,No,Healthcare,8.0,Low,6.0,No,2
465069,Male,Yes,73,Yes,Healthcare,1.0,Average,3.0,No,3
462912,Female,No,26,Yes,Homemaker,8.0,Low,2.0,No,0
463168,Female,Yes,37,Yes,Doctor,6.0,Average,1.0,Yes,4
463155,Female,No,38,Yes,Engineer,,Low,1.0,No,0
462515,Male,Yes,43,No,Doctor,3.0,Average,5.0,Yes,1
466502,Male,No,19,No,Healthcare,1.0,Low,5.0,No,2
460568,Female,Yes,33,Yes,Homemaker,0.0,High,2.0,Yes,4
460983,Male,Yes,38,No,Doctor,0.0,High,4.0,Yes,1
467605,Female,Yes,35,Yes,Engineer,1.0,Average,8.0,Yes,4
466208,Male,Yes,67,No,Executive,2.0,High,1.0,Yes,3
459117,Male,Yes,65,Yes,Artist,0.0,High,1.0,Yes,1
461756,Female,Yes,35,Yes,Engineer,2.0,Average,3.0,Yes,4
464964,Female,Yes,70,No,Artist,,High,1.0,Yes,4
463352,Male,Yes,37,Yes,,0.0,Average,4.0,No,1
460256,Male,No,53,Yes,Artist,2.0,Low,2.0,No,0
460586,Male,No,26,Yes,Healthcare,1.0,Low,2.0,No,0
461419,Male,Yes,27,No,Entertainment,3.0,Average,2.0,No,1
466446,Female,Yes,46,Yes,Artist,1.0,High,3.0,Yes,4
464314,Male,Yes,68,No,Lawyer,0.0,Low,2.0,No,3
464167,Male,Yes,49,Yes,Executive,6.0,High,4.0,Yes,1
461584,Female,Yes,56,Yes,Artist,1.0,High,5.0,Yes,4
467603,Male,No,70,Yes,Lawyer,0.0,High,3.0,Yes,3
460406,Male,Yes,39,Yes,Healthcare,4.0,Low,2.0,No,1
467195,Male,Yes,27,Yes,Executive,,High,2.0,Yes,1
466710,Female,Yes,73,No,Artist,1.0,High,2.0,Yes,4
467520,Male,,22,No,Healthcare,,Low,2.0,No,2
461039,Female,Yes,27,No,Engineer,1.0,Average,9.0,Yes,4
466002,Male,Yes,50,Yes,Doctor,1.0,High,1.0,Yes,1
459579,Female,Yes,40,Yes,Artist,4.0,Average,5.0,No,4
461756,Female,Yes,40,Yes,Engineer,0.0,Average,3.0,Yes,4
460229,Female,Yes,68,Yes,Lawyer,2.0,High,2.0,Yes,3
464129,Male,Yes,52,Yes,Executive,1.0,High,4.0,Yes,1
464186,Female,Yes,39,Yes,Artist,5.0,Average,2.0,No,4
466376,Female,Yes,57,No,Homemaker,1.0,High,4.0,Yes,3
464257,Male,Yes,35,,Entertainment,1.0,High,2.0,Yes,1
464393,Female,Yes,82,Yes,Lawyer,1.0,High,2.0,Yes,3
467451,Female,Yes,47,Yes,Artist,0.0,Low,1.0,No,4
462189,Female,No,25,No,Marketing,1.0,Low,4.0,No,2
459406,Male,Yes,69,No,Executive,1.0,High,3.0,Yes,3
467822,Male,Yes,31,Yes,Healthcare,0.0,Low,2.0,No,1
466212,Female,Yes,53,Yes,Artist,0.0,Average,3.0,No,4
461621,Female,Yes,80,Yes,Lawyer,1.0,High,3.0,Yes,3
467660,Female,Yes,72,No,Artist,11.0,High,3.0,Yes,4
459966,Female,No,31,Yes,Doctor,1.0,Low,3.0,No,0
465870,Male,No,40,Yes,Artist,5.0,Low,2.0,No,0
460242,Male,Yes,41,Yes,Healthcare,8.0,Low,3.0,No,1
464256,Male,Yes,40,Yes,Artist,0.0,Low,2.0,No,1
462998,Male,Yes,45,No,Entertainment,10.0,Average,4.0,No,1
465217,Male,Yes,53,Yes,Executive,1.0,High,5.0,Yes,1
460601,Female,Yes,37,Yes,,0.0,Low,3.0,No,4
464264,Female,Yes,86,No,Lawyer,8.0,High,2.0,Yes,3
462587,Female,Yes,78,No,Lawyer,1.0,High,2.0,Yes,3
467004,Female,No,50,No,Artist,0.0,Low,,No,2
459507,Male,Yes,70,No,Lawyer,,High,2.0,Yes,3
464766,Female,Yes,48,No,Engineer,6.0,Average,5.0,Yes,4
462574,Male,No,20,No,Healthcare,1.0,Low,5.0,No,2
462031,Female,Yes,50,Yes,Artist,0.0,Average,2.0,No,4
462631,Female,Yes,35,No,Engineer,4.0,High,5.0,Yes,4
464814,Male,No,48,Yes,Artist,2.0,High,6.0,Yes,1
460187,Female,No,38,Yes,Doctor,4.0,Low,3.0,No,0
464665,Female,Yes,51,No,Engineer,1.0,Average,5.0,Yes,4
460274,Female,Yes,58,Yes,Artist,7.0,Low,2.0,No,4
461882,Female,No,30,Yes,Doctor,0.0,Low,5.0,No,0
467138,Female,No,26,No,Homemaker,13.0,Low,1.0,No,0
464654,Female,Yes,39,No,Engineer,1.0,Average,4.0,Yes,4
463030,Male,Yes,53,Yes,Executive,0.0,High,3.0,Yes,1
460502,Female,Yes,55,Yes,Engineer,1.0,Average,3.0,Yes,4
464768,Female,Yes,43,No,Engineer,9.0,Average,4.0,Yes,4
467603,Male,Yes,71,Yes,Lawyer,1.0,High,2.0,Yes,3
460850,Female,Yes,61,No,Engineer,0.0,Low,1.0,No,4
459413,Female,Yes,80,Yes,Artist,,High,2.0,Yes,4
462041,Female,No,22,No,Doctor,0.0,Low,2.0,No,2
460362,Male,Yes,59,Yes,Healthcare,0.0,Low,3.0,No,1
465073,Male,Yes,73,No,Executive,1.0,High,1.0,Yes,3
460397,Female,No,59,Yes,Entertainment,1.0,Low,1.0,No,0
465013,Female,Yes,82,No,Lawyer,0.0,High,2.0,Yes,3
460196,Female,No,38,Yes,Healthcare,8.0,Low,2.0,No,0
462939,Male,Yes,34,Yes,Doctor,0.0,High,5.0,Yes,1
464211,Male,Yes,47,Yes,Doctor,0.0,Average,2.0,Yes,1
467266,Female,No,32,No,Healthcare,0.0,Low,4.0,No,2
463632,Male,Yes,30,Yes,Artist,0.0,Average,2.0,No,1
459086,Female,No,28,No,Healthcare,1.0,Low,2.0,No,2
467470,Male,Yes,49,Yes,Engineer,0.0,Average,3.0,Yes,1
464351,Female,No,31,Yes,Healthcare,1.0,Low,1.0,No,0
461522,Male,Yes,80,No,Executive,2.0,High,3.0,Yes,3
467847,Male,Yes,38,Yes,Artist,7.0,High,1.0,Yes,1
464577,Female,Yes,30,Yes,Healthcare,10.0,High,2.0,Yes,4
459512,Male,No,62,Yes,Lawyer,0.0,High,3.0,Yes,3
463063,Female,No,25,No,Marketing,,Low,7.0,No,2
463426,Male,Yes,42,No,Executive,1.0,High,5.0,Yes,1
460922,Male,No,30,Yes,Entertainment,1.0,Low,3.0,No,0
459238,Female,Yes,78,Yes,Lawyer,,High,2.0,Yes,3
462903,Male,Yes,72,Yes,Entertainment,,Average,2.0,No,1
463633,Male,Yes,33,Yes,Doctor,0.0,Average,2.0,Yes,1
460623,Male,Yes,41,Yes,Executive,5.0,Low,2.0,No,1
466413,Male,Yes,62,Yes,Artist,1.0,Average,5.0,No,1
462645,Female,Yes,44,No,Engineer,,Average,6.0,Yes,4
464540,Female,No,44,Yes,Engineer,3.0,Average,3.0,Yes,0
463514,Male,Yes,63,Yes,Entertainment,,Average,2.0,No,1
467831,Male,Yes,39,Yes,Artist,0.0,Average,2.0,No,1
463263,Female,Yes,70,Yes,Engineer,0.0,High,1.0,Yes,4
459757,Male,Yes,67,Yes,Artist,1.0,Average,2.0,No,1
459245,Female,Yes,41,No,Engineer,0.0,Average,3.0,Yes,4
463227,Female,No,30,Yes,Engineer,2.0,Average,1.0,Yes,0
465108,Male,No,58,Yes,Doctor,0.0,Average,1.0,Yes,0
462885,Male,Yes,28,No,Executive,1.0,High,3.0,Yes,1
462255,Male,Yes,70,No,Executive,2.0,High,2.0,Yes,3
462714,Female,No,44,Yes,Engineer,2.0,High,6.0,Yes,4
460095,Female,Yes,74,Yes,Lawyer,1.0,Low,1.0,No,3
465568,Female,Yes,39,Yes,Executive,5.0,High,2.0,Yes,4
464627,Male,Yes,37,Yes,Artist,0.0,Low,4.0,No,1
459783,Male,Yes,19,No,Artist,,High,,Yes,1
463516,Male,Yes,48,No,Executive,1.0,High,5.0,Yes,1
460887,Male,Yes,47,Yes,Entertainment,2.0,Average,3.0,No,1
465766,Male,Yes,38,No,Entertainment,1.0,Low,3.0,No,1
463843,Male,Yes,49,Yes,Executive,0.0,High,4.0,Yes,1
461409,Male,Yes,45,No,Artist,2.0,High,4.0,Yes,1
466011,Male,No,73,Yes,Lawyer,1.0,High,3.0,Yes,3
460408,Female,No,41,Yes,Artist,2.0,Low,1.0,No,0
461532,Male,Yes,48,Yes,Entertainment,1.0,Low,1.0,No,1
458987,Female,No,72,Yes,Lawyer,0.0,High,2.0,Yes,3
464708,Male,No,20,No,Healthcare,0.0,Low,8.0,No,2
459329,Female,Yes,75,No,Engineer,2.0,High,3.0,Yes,4
459317,Male,Yes,52,Yes,Executive,1.0,High,4.0,Yes,1
466119,Female,Yes,57,No,Engineer,0.0,Low,1.0,No,4
459117,Female,Yes,62,Yes,Artist,2.0,High,2.0,Yes,4
467693,Male,Yes,62,Yes,Entertainment,5.0,High,5.0,Yes,1
467264,Male,Yes,20,No,Marketing,3.0,High,4.0,Yes,1
466376,Female,Yes,53,No,Homemaker,2.0,High,3.0,Yes,3
467020,Male,Yes,79,Yes,Lawyer,0.0,High,4.0,Yes,3
465428,Female,No,36,Yes,Engineer,0.0,Low,1.0,No,0
467003,Female,Yes,61,Yes,Artist,,Low,2.0,No,4
463777,Female,Yes,46,Yes,Artist,2.0,Low,2.0,No,4
461785,Female,Yes,87,Yes,Artist,1.0,Average,2.0,No,4
466828,Male,Yes,51,Yes,Executive,1.0,High,4.0,Yes,1
466826,Male,Yes,43,Yes,Entertainment,0.0,Low,2.0,No,1
464959,Female,Yes,40,Yes,Engineer,1.0,Average,5.0,Yes,4
463273,Male,Yes,37,Yes,Entertainment,8.0,Average,2.0,No,1
462630,Male,No,32,No,Doctor,,Low,6.0,No,2
462918,Male,No,38,Yes,Doctor,11.0,Average,4.0,Yes,0
465592,Male,Yes,65,Yes,Entertainment,1.0,Low,1.0,No,1
459439,Female,Yes,46,Yes,Artist,1.0,Average,2.0,No,4
467570,Male,No,18,No,Healthcare,14.0,Low,,No,2
462811,Male,Yes,32,Yes,Marketing,,High,3.0,Yes,1
460297,Female,Yes,46,Yes,Artist,8.0,Low,2.0,No,4
462199,Female,No,33,No,Healthcare,8.0,Low,3.0,No,2
467528,Male,Yes,80,Yes,Executive,0.0,High,3.0,Yes,3
464868,Male,Yes,36,Yes,Entertainment,6.0,Low,6.0,No,1
466818,Male,Yes,82,No,Executive,0.0,High,2.0,Yes,3
465908,Female,No,50,No,Engineer,1.0,Low,1.0,No,0
464901,Female,Yes,80,No,Executive,1.0,High,3.0,Yes,3
460219,Female,Yes,51,Yes,Entertainment,8.0,Average,2.0,No,4
460647,Female,Yes,22,No,Doctor,0.0,Average,1.0,Yes,4
460819,Female,No,28,No,Marketing,0.0,High,5.0,Yes,2
467119,Male,Yes,41,Yes,Marketing,2.0,High,3.0,Yes,3
465228,Male,Yes,63,Yes,Artist,1.0,High,2.0,Yes,1
460591,Female,Yes,38,Yes,Doctor,1.0,Low,4.0,No,4
464566,Male,Yes,35,Yes,Executive,0.0,High,4.0,Yes,1
464826,Male,No,23,No,Healthcare,6.0,Low,5.0,No,2
459220,Female,Yes,77,No,Lawyer,3.0,High,3.0,Yes,3
459130,Female,Yes,73,No,Lawyer,0.0,High,2.0,Yes,3
460081,Male,Yes,38,Yes,Artist,10.0,High,3.0,Yes,1
467098,Male,Yes,87,No,Executive,1.0,Low,2.0,No,3
465413,Female,Yes,42,Yes,Engineer,0.0,High,3.0,Yes,4
465470,Female,Yes,57,No,Engineer,0.0,Average,1.0,Yes,4
460539,Female,Yes,35,Yes,Homemaker,,Low,,No,4
461760,Male,Yes,80,Yes,Artist,0.0,High,1.0,Yes,1
465606,Male,Yes,38,Yes,Engineer,1.0,Average,3.0,Yes,1
462880,Male,Yes,25,No,Executive,1.0,High,3.0,Yes,1
465518,Female,Yes,43,Yes,Artist,1.0,Average,3.0,No,4
467638,Male,Yes,71,Yes,Artist,1.0,Average,2.0,No,1
464477,Male,Yes,36,No,Entertainment,,Low,2.0,No,1
461175,Male,Yes,57,Yes,Healthcare,1.0,Low,3.0,No,1
465803,Male,No,33,,,2.0,High,4.0,Yes,1
465707,Male,Yes,39,Yes,Entertainment,1.0,Average,4.0,No,1
465103,Male,Yes,80,Yes,Lawyer,2.0,High,1.0,Yes,3
460918,Female,No,27,Yes,Doctor,14.0,Low,8.0,No,2
463660,Male,Yes,85,Yes,Lawyer,1.0,Low,1.0,No,3
464675,Female,Yes,41,Yes,Doctor,0.0,Average,10.0,Yes,4
466951,Female,Yes,56,Yes,Artist,0.0,High,4.0,Yes,4
465100,Male,Yes,54,Yes,Artist,2.0,High,1.0,Yes,1
466232,Male,Yes,60,No,Executive,2.0,High,2.0,Yes,3
463078,Male,Yes,80,No,Executive,0.0,High,2.0,Yes,3
463708,Female,Yes,28,No,Engineer,1.0,Average,2.0,Yes,4
464431,Male,,70,Yes,Executive,1.0,High,4.0,Yes,3
463501,Male,Yes,52,Yes,Executive,0.0,High,2.0,Yes,1
460422,Female,Yes,58,Yes,Entertainment,3.0,High,,Yes,4
462611,Female,Yes,41,No,Executive,0.0,High,8.0,Yes,4
467033,Male,Yes,37,Yes,Entertainment,8.0,Average,2.0,No,1
459631,Female,,55,Yes,Executive,,High,4.0,Yes,4
467661,Female,Yes,46,Yes,Artist,,High,,Yes,4
464735,Female,No,38,Yes,Marketing,8.0,Low,3.0,No,0
460775,Male,Yes,59,Yes,Artist,0.0,Low,2.0,No,1
465447,Male,Yes,56,Yes,Engineer,0.0,Average,3.0,Yes,1
462743,Male,No,26,No,Healthcare,3.0,Low,4.0,No,2
464279,Male,Yes,53,No,Executive,1.0,Low,5.0,No,1
464995,Male,Yes,40,No,Executive,5.0,High,3.0,Yes,1
462920,Male,Yes,47,No,Executive,2.0,High,6.0,Yes,1
461694,Male,No,32,Yes,Doctor,0.0,Low,4.0,No,0
460812,Male,Yes,59,No,Entertainment,1.0,Low,2.0,No,1
464679,Male,Yes,41,Yes,Artist,0.0,Average,4.0,No,1
459349,Female,Yes,51,Yes,Artist,0.0,High,4.0,Yes,4
460620,Male,Yes,55,Yes,Entertainment,0.0,Average,4.0,No,1
466980,Male,Yes,70,Yes,Lawyer,2.0,High,1.0,Yes,3
459256,Female,Yes,43,Yes,Artist,2.0,High,5.0,Yes,4
463548,Female,No,18,No,Healthcare,3.0,Low,4.0,No,2
463526,Male,No,41,Yes,Doctor,0.0,Low,1.0,No,0
467265,Female,No,28,No,Healthcare,1.0,Low,3.0,No,2
460207,Male,No,41,Yes,Entertainment,11.0,Low,4.0,No,0
463020,Male,Yes,31,Yes,Artist,0.0,Average,3.0,No,1
465660,Male,Yes,48,Yes,Artist,1.0,Low,3.0,No,1
462606,Male,Yes,38,Yes,Executive,3.0,High,4.0,Yes,1
460261,Female,Yes,56,Yes,Lawyer,1.0,High,5.0,Yes,3
464509,Male,Yes,53,Yes,Artist,0.0,High,4.0,Yes,1
460140,Female,Yes,36,Yes,Artist,5.0,Low,2.0,No,4
459694,Male,Yes,77,No,Lawyer,0.0,Low,,No,3
459031,Male,Yes,40,Yes,Executive,1.0,High,6.0,Yes,1
462881,Female,Yes,66,Yes,Artist,0.0,High,3.0,Yes,4
460135,Female,No,31,Yes,Healthcare,4.0,Low,3.0,No,0
462639,Female,Yes,39,No,Engineer,,Average,1.0,Yes,4
461667,Male,Yes,40,Yes,Doctor,0.0,Average,2.0,Yes,1
464776,Female,Yes,47,No,Engineer,,Average,5.0,Yes,4
462018,Male,No,22,No,Healthcare,8.0,Low,5.0,No,2
464635,Male,Yes,40,Yes,Healthcare,2.0,High,4.0,Yes,1
459918,Female,No,43,Yes,Artist,1.0,Low,1.0,No,0
463577,Female,Yes,40,Yes,Doctor,3.0,Average,2.0,Yes,4
464897,Male,Yes,71,Yes,Executive,0.0,High,1.0,Yes,3
463418,Male,Yes,53,No,Executive,3.0,High,4.0,Yes,1
462760,Male,No,22,No,Healthcare,1.0,Low,5.0,No,2
463881,Female,Yes,41,No,Engineer,1.0,Average,5.0,Yes,4
462828,Male,No,25,No,Marketing,3.0,Low,3.0,No,2
467043,Male,No,53,Yes,Entertainment,4.0,Low,1.0,No,0
463328,Female,No,23,No,Healthcare,0.0,Low,4.0,No,2
460584,Female,No,33,Yes,Homemaker,1.0,Low,1.0,No,0
463060,Female,Yes,32,Yes,Homemaker,12.0,High,2.0,Yes,4
463759,Male,Yes,49,Yes,Executive,7.0,High,4.0,Yes,1
460015,Female,Yes,43,No,Entertainment,5.0,Low,1.0,No,4
461105,Female,No,49,Yes,Entertainment,0.0,Low,1.0,No,0
460718,Male,Yes,55,No,Executive,3.0,Low,,No,1
462200,Female,Yes,52,Yes,Doctor,1.0,Low,3.0,No,4
462342,Female,Yes,75,Yes,Lawyer,7.0,High,1.0,Yes,3
462715,Female,Yes,55,Yes,Artist,1.0,High,4.0,Yes,4
459595,Female,Yes,36,Yes,Artist,4.0,High,7.0,Yes,4
462644,Male,Yes,21,No,Engineer,,Average,4.0,Yes,1
466146,Female,Yes,41,No,Engineer,8.0,Average,3.0,Yes,4
465364,Female,No,38,Yes,Doctor,5.0,Low,5.0,No,0
462561,Female,Yes,48,Yes,Artist,4.0,Average,2.0,No,4
459609,Female,No,43,Yes,Artist,1.0,Low,1.0,No,0
459393,Female,No,40,No,Healthcare,8.0,Low,3.0,No,2
465130,Female,Yes,50,Yes,Artist,0.0,Average,9.0,No,4
460626,Male,Yes,44,No,Doctor,7.0,High,3.0,Yes,1
462416,Male,Yes,45,No,Artist,0.0,Low,2.0,No,1
465838,Female,Yes,57,Yes,Doctor,2.0,Average,2.0,Yes,4
465220,Male,Yes,61,No,Executive,0.0,High,2.0,Yes,3
464958,Female,Yes,41,No,Engineer,0.0,Average,6.0,Yes,4
459868,Female,Yes,49,Yes,Engineer,0.0,Average,3.0,Yes,4
461790,Male,Yes,65,Yes,Artist,0.0,High,2.0,Yes,1
459750,Female,No,42,Yes,Engineer,1.0,Average,3.0,Yes,0
464333,Male,Yes,59,Yes,Executive,0.0,High,2.0,Yes,3
464861,Male,No,32,No,Homemaker,,Low,2.0,No,2
465113,Male,Yes,66,Yes,Lawyer,1.0,High,2.0,Yes,3
459615,Male,Yes,84,No,Lawyer,1.0,Low,1.0,No,3
462598,Female,No,40,No,Doctor,11.0,Average,4.0,Yes,2
467434,Male,No,39,Yes,Entertainment,0.0,Low,3.0,No,0
464563,Male,Yes,42,Yes,Artist,0.0,Average,2.0,No,1
467162,Female,No,26,No,Homemaker,9.0,Low,,No,2
463422,Male,Yes,39,No,Executive,,High,4.0,Yes,1
464184,Female,Yes,34,No,Engineer,3.0,Average,3.0,Yes,4
462784,Female,No,30,No,Executive,,Low,1.0,No,2
460920,Male,Yes,79,Yes,Lawyer,2.0,High,3.0,Yes,3
461467,Female,Yes,76,,Lawyer,,High,3.0,Yes,3
463365,Male,Yes,67,No,Executive,1.0,High,2.0,Yes,3
464860,Female,Yes,51,No,Engineer,,Average,3.0,Yes,4
464121,Female,Yes,62,Yes,Engineer,1.0,Low,1.0,No,4
462521,Female,No,32,No,Homemaker,9.0,Low,1.0,No,0
462752,Female,No,26,No,Healthcare,,Low,1.0,No,2
467485,Female,Yes,62,Yes,Lawyer,0.0,High,3.0,Yes,3
459836,Male,,36,Yes,Healthcare,6.0,High,4.0,Yes,1
459352,Male,Yes,37,Yes,Doctor,3.0,Average,4.0,Yes,1
462306,Male,Yes,80,No,Lawyer,6.0,High,1.0,Yes,3
464769,Female,,51,No,Engineer,9.0,Average,4.0,Yes,4
464192,Male,Yes,65,No,Lawyer,0.0,High,2.0,Yes,3
467540,Male,Yes,52,Yes,Healthcare,0.0,Average,4.0,No,1
459703,Male,Yes,37,Yes,Artist,0.0,Low,3.0,No,1
463259,Male,Yes,75,Yes,Lawyer,0.0,Low,1.0,No,3
459525,Male,Yes,58,Yes,Artist,,High,2.0,Yes,1
466127,Male,Yes,54,Yes,Doctor,0.0,Average,5.0,Yes,1
466373,Female,Yes,68,Yes,Executive,0.0,High,2.0,Yes,3
460229,Female,Yes,68,Yes,Lawyer,0.0,High,1.0,Yes,3
465100,Male,Yes,56,Yes,Artist,0.0,High,3.0,Yes,1
466014,Female,Yes,42,No,Engineer,0.0,High,1.0,Yes,4
467543,Male,Yes,68,Yes,Lawyer,0.0,High,2.0,Yes,3
462699,Female,Yes,56,Yes,Lawyer,,High,4.0,Yes,3
462465,Male,Yes,51,Yes,Engineer,1.0,Low,2.0,No,1
464900,Male,Yes,71,No,Lawyer,1.0,Low,2.0,No,3
467353,Male,Yes,26,No,Artist,3.0,Low,2.0,No,1
467538,Male,Yes,50,Yes,Artist,0.0,Low,3.0,No,1
466491,Male,Yes,80,No,Executive,0.0,High,2.0,Yes,3
464055,Male,Yes,32,Yes,Doctor,0.0,Low,,No,1
463873,Male,Yes,57,Yes,Artist,1.0,Average,5.0,No,1
461593,Female,Yes,39,Yes,Doctor,9.0,Average,3.0,Yes,4
467171,Female,No,30,Yes,Doctor,1.0,Low,2.0,No,0
467857,Female,Yes,28,Yes,Engineer,0.0,Low,2.0,No,4
461747,Male,Yes,67,Yes,Artist,0.0,High,1.0,Yes,1
462881,Female,Yes,63,Yes,Artist,2.0,High,2.0,Yes,4
462722,Female,No,27,No,Homemaker,,Low,4.0,No,2
462932,Female,Yes,37,Yes,Homemaker,3.0,High,3.0,Yes,4
464146,Male,No,38,Yes,Entertainment,1.0,Low,2.0,No,0
463500,Female,Yes,34,Yes,Executive,0.0,High,4.0,Yes,4
467201,Female,No,33,Yes,Engineer,,Low,5.0,No,2
461204,Female,Yes,86,Yes,Artist,,Low,4.0,No,4
464301,Female,Yes,49,Yes,Doctor,1.0,Average,3.0,Yes,4
465616,Male,Yes,42,Yes,Doctor,9.0,Low,2.0,No,1
462633,Female,,29,Yes,Doctor,,High,9.0,Yes,4
464749,Female,Yes,51,No,Engineer,9.0,Average,3.0,Yes,4
465458,Female,Yes,80,Yes,Artist,1.0,High,3.0,Yes,4
463528,Male,Yes,68,No,Executive,,High,2.0,Yes,3
460735,Male,Yes,40,Yes,Engineer,2.0,Average,4.0,Yes,1
467034,Male,No,80,No,Executive,1.0,High,1.0,Yes,3
459017,Male,Yes,53,Yes,Executive,,High,6.0,Yes,1
461818,Female,Yes,43,Yes,Artist,2.0,Average,2.0,No,4
461011,Female,No,60,No,Executive,0.0,High,5.0,Yes,2
459476,Male,Yes,45,Yes,Artist,0.0,High,4.0,Yes,1
464148,Female,Yes,45,Yes,Executive,11.0,High,2.0,Yes,4
467746,Male,Yes,55,No,Executive,0.0,High,2.0,Yes,3
467617,Male,Yes,82,Yes,Lawyer,1.0,Low,1.0,No,3
459003,Male,Yes,51,Yes,Doctor,0.0,High,5.0,Yes,1
462478,Male,Yes,28,Yes,Doctor,,Average,1.0,Yes,1
463518,Male,Yes,30,No,Executive,5.0,High,4.0,Yes,1
461020,Female,,20,No,,,High,,Yes,4
464535,Male,Yes,54,Yes,Lawyer,3.0,High,2.0,Yes,3
459028,Male,Yes,57,Yes,Executive,1.0,High,4.0,Yes,1
459849,Female,No,45,Yes,Artist,1.0,High,4.0,Yes,4
463525,Female,Yes,40,No,Engineer,0.0,Low,3.0,No,4
459633,Male,No,19,No,Healthcare,1.0,Low,2.0,No,2
461397,Male,No,20,No,Healthcare,0.0,Low,4.0,No,2
460122,Female,No,41,No,Artist,0.0,Low,1.0,No,0
466764,Male,Yes,66,Yes,Lawyer,9.0,High,2.0,Yes,3
464850,Female,,51,No,Artist,,Average,3.0,No,4
460605,Male,Yes,28,Yes,Doctor,7.0,Average,2.0,Yes,1
467929,Female,Yes,42,Yes,Artist,1.0,Average,2.0,No,4
462434,Male,Yes,57,Yes,Artist,0.0,Average,4.0,No,1
465457,Female,No,32,Yes,Engineer,0.0,Low,1.0,No,0
467262,Female,Yes,80,No,Lawyer,2.0,High,3.0,Yes,3
462170,Male,Yes,76,No,Executive,0.0,High,4.0,Yes,3
467413,Female,Yes,75,Yes,Lawyer,2.0,High,4.0,Yes,3
461732,Female,Yes,46,Yes,Artist,1.0,Average,2.0,No,4
463068,Male,Yes,26,Yes,Artist,9.0,Average,2.0,No,1
462593,Female,Yes,60,No,Engineer,1.0,Average,5.0,Yes,4
467669,Male,Yes,82,No,Lawyer,0.0,High,2.0,Yes,3
463258,Female,Yes,53,Yes,Artist,1.0,Average,3.0,No,4
460697,Male,Yes,40,Yes,Artist,4.0,Average,4.0,No,1
464502,Male,Yes,35,Yes,Healthcare,6.0,Average,2.0,No,1
466876,Female,Yes,43,Yes,Entertainment,0.0,Average,2.0,No,4
466648,Male,Yes,35,Yes,Executive,7.0,High,3.0,Yes,1
465693,Female,Yes,25,Yes,Healthcare,2.0,High,5.0,Yes,4
461457,Female,Yes,32,No,Doctor,1.0,Low,5.0,No,4
462551,Female,Yes,58,Yes,Doctor,12.0,Average,1.0,Yes,4
466127,Male,Yes,55,Yes,Doctor,1.0,Average,5.0,Yes,1
459341,Male,Yes,72,Yes,Lawyer,0.0,High,2.0,Yes,3
463075,Male,Yes,52,Yes,Artist,0.0,Low,4.0,No,1
466625,Male,Yes,49,Yes,Artist,0.0,Average,2.0,No,1
465232,Male,Yes,51,Yes,Executive,0.0,High,5.0,Yes,1
462012,Female,No,25,No,Healthcare,0.0,Low,8.0,No,2
462970,Male,Yes,28,No,Doctor,1.0,Average,2.0,Yes,1
463368,Female,Yes,42,Yes,Artist,3.0,High,3.0,Yes,4
464623,Male,Yes,35,Yes,Entertainment,9.0,High,2.0,Yes,1
467622,Male,Yes,76,Yes,Lawyer,3.0,High,2.0,Yes,3
459790,Male,No,28,No,Doctor,10.0,Low,3.0,No,2
463240,Female,Yes,53,No,Engineer,0.0,Average,3.0,Yes,4
461357,Male,No,28,Yes,Healthcare,0.0,Low,4.0,No,2
459980,Male,No,40,No,Engineer,1.0,Low,2.0,No,2
464635,Male,Yes,43,Yes,Healthcare,1.0,High,4.0,Yes,1
464163,Male,Yes,67,Yes,Executive,0.0,High,4.0,Yes,1
465306,Male,Yes,69,No,Executive,0.0,Average,4.0,No,3
461806,Male,No,27,Yes,Healthcare,9.0,Low,2.0,No,0
466492,Female,Yes,80,Yes,Lawyer,1.0,High,1.0,Yes,3
467824,Male,Yes,70,Yes,Lawyer,3.0,Low,1.0,No,3
465195,Male,Yes,54,Yes,Executive,0.0,High,3.0,Yes,1
464525,Male,No,33,Yes,Entertainment,9.0,Low,2.0,No,0
466138,Male,Yes,67,No,Lawyer,1.0,High,2.0,Yes,3
463230,Male,Yes,38,Yes,Engineer,5.0,High,3.0,Yes,1
459786,Male,Yes,59,No,Marketing,0.0,High,4.0,Yes,3
461626,Male,Yes,68,Yes,Executive,0.0,High,2.0,Yes,3
460782,Male,Yes,77,Yes,Artist,1.0,High,2.0,Yes,1
466046,Female,Yes,36,No,Entertainment,1.0,Average,2.0,No,4
461589,Male,Yes,41,Yes,Artist,1.0,Average,2.0,No,1
467513,Female,Yes,38,No,Engineer,,Average,3.0,Yes,4
459207,Male,Yes,64,,Doctor,2.0,Average,5.0,Yes,1
467742,Male,Yes,61,Yes,Artist,6.0,High,4.0,Yes,1
461287,Male,Yes,39,Yes,Executive,2.0,High,6.0,Yes,1
459490,Female,Yes,33,No,Engineer,,Average,1.0,Yes,4
462319,Male,Yes,47,Yes,Artist,1.0,Average,2.0,No,1
459793,Male,Yes,36,Yes,Artist,0.0,High,,Yes,1
461524,Male,No,68,Yes,Lawyer,1.0,Low,1.0,No,0
461688,Male,Yes,46,Yes,Executive,5.0,High,1.0,Yes,1
463508,Female,Yes,31,No,Artist,0.0,Low,3.0,No,4
463136,Male,Yes,35,Yes,Artist,1.0,High,3.0,Yes,1
466038,Female,No,27,No,Homemaker,9.0,Low,1.0,No,0
459529,Female,Yes,80,No,Lawyer,2.0,High,1.0,Yes,3
459871,Female,Yes,78,No,Entertainment,3.0,Average,2.0,No,3
464656,Female,No,33,No,Healthcare,1.0,Low,7.0,No,2
467213,Female,Yes,80,Yes,Lawyer,3.0,High,2.0,Yes,3
459567,Male,Yes,48,Yes,Doctor,1.0,Average,2.0,Yes,1
467541,Male,Yes,43,Yes,Artist,1.0,High,3.0,Yes,1
459486,Male,Yes,75,Yes,Lawyer,,High,1.0,Yes,3
463948,Male,Yes,39,No,Executive,2.0,High,5.0,Yes,1
461384,Male,Yes,66,Yes,Lawyer,1.0,High,,Yes,3
464841,Male,,19,No,Entertainment,0.0,High,3.0,Yes,1
461338,Male,Yes,43,Yes,Artist,1.0,Average,4.0,No,1
464063,Female,No,26,Yes,Doctor,1.0,Low,1.0,No,0
463017,Female,Yes,80,No,Lawyer,0.0,High,1.0,Yes,3
462249,Male,No,29,No,Entertainment,0.0,Low,3.0,No,2
465283,Male,No,52,No,Executive,1.0,High,3.0,Yes,1
461772,Female,Yes,41,Yes,Engineer,1.0,Average,3.0,Yes,4
463116,Male,Yes,62,Yes,Artist,1.0,High,2.0,Yes,1
463836,Female,Yes,38,Yes,Artist,0.0,Low,1.0,No,4
466143,Female,Yes,52,No,Engineer,2.0,Average,5.0,Yes,4
467801,Female,Yes,45,Yes,Doctor,2.0,Average,1.0,Yes,4
461786,Male,Yes,69,Yes,Lawyer,1.0,High,3.0,Yes,3
460846,Female,No,19,No,Marketing,1.0,Low,4.0,No,2
465000,Male,Yes,48,Yes,Executive,0.0,High,4.0,Yes,1
460466,Female,No,19,No,Healthcare,8.0,Low,,No,2
463762,Male,Yes,36,No,Executive,2.0,High,2.0,Yes,1
463657,Male,Yes,39,Yes,Executive,2.0,High,1.0,Yes,1
467763,Female,No,48,Yes,Artist,1.0,Low,1.0,No,0
462188,Female,Yes,56,No,Engineer,0.0,Average,5.0,Yes,4
459656,Male,No,22,No,,,Low,6.0,No,2
466086,Male,Yes,79,Yes,Lawyer,0.0,High,2.0,Yes,3
459208,Male,Yes,57,Yes,Artist,1.0,High,3.0,Yes,1
465990,Male,No,43,No,Executive,0.0,High,1.0,Yes,1
467955,Female,Yes,39,Yes,Artist,9.0,Low,,No,4
460982,Male,Yes,79,No,Lawyer,0.0,High,3.0,Yes,3
462268,Female,Yes,76,Yes,Lawyer,8.0,High,3.0,Yes,3
466930,Male,No,31,No,Healthcare,2.0,Low,2.0,No,2
467213,Female,Yes,80,Yes,Lawyer,0.0,High,2.0,Yes,3
466836,Female,No,42,Yes,Doctor,0.0,Low,1.0,No,0
464577,Female,Yes,30,No,Healthcare,11.0,High,1.0,Yes,4
466237,Male,No,18,No,Healthcare,0.0,Low,3.0,No,2
464363,Female,Yes,41,Yes,Artist,9.0,Low,1.0,No,4
464490,Male,Yes,85,Yes,Artist,1.0,High,4.0,Yes,1
461251,Female,No,46,Yes,Marketing,0.0,Low,,No,0
466452,Female,No,33,Yes,Engineer,0.0,Low,3.0,No,0
459029,Male,No,66,No,Executive,,High,2.0,Yes,3
467515,Female,Yes,23,Yes,Engineer,0.0,Average,3.0,Yes,4
459369,Male,Yes,35,No,Engineer,,Average,7.0,Yes,1
461132,Male,Yes,68,Yes,Artist,2.0,Low,1.0,No,1
462162,Male,Yes,38,No,Artist,1.0,Low,2.0,No,1
461320,Female,No,39,Yes,Artist,0.0,Low,3.0,No,0
467816,Female,No,73,Yes,Artist,0.0,Low,1.0,No,0
465001,Male,Yes,78,Yes,Lawyer,1.0,High,1.0,Yes,3
465607,Female,No,37,Yes,Artist,7.0,Low,2.0,No,0
466591,Female,No,23,No,Healthcare,0.0,Low,4.0,No,2
464849,Male,Yes,40,Yes,Artist,0.0,Average,4.0,No,1
465939,Female,No,32,Yes,Engineer,0.0,Low,2.0,No,0
462257,Female,Yes,81,Yes,Lawyer,,High,2.0,Yes,3
466539,Female,Yes,76,No,Lawyer,2.0,High,3.0,Yes,3
464141,Male,Yes,30,Yes,Entertainment,10.0,High,1.0,Yes,1
465591,Male,Yes,65,No,Artist,0.0,Average,2.0,No,1
465677,Male,Yes,39,No,Artist,,Low,2.0,No,1
461303,Female,No,23,No,Doctor,7.0,Low,4.0,No,2
461309,Female,No,21,No,Healthcare,1.0,Low,4.0,No,2
459325,Male,Yes,30,No,Executive,10.0,High,5.0,Yes,1
461305,Male,No,22,No,Healthcare,1.0,Low,3.0,No,2
460604,Female,Yes,41,No,Entertainment,9.0,High,2.0,Yes,4
462776,Female,Yes,58,Yes,Engineer,0.0,Average,2.0,Yes,4
459261,Female,No,32,Yes,Doctor,0.0,Low,3.0,No,0
464172,Male,Yes,55,Yes,Artist,3.0,High,4.0,Yes,1
464864,Female,No,27,No,Engineer,14.0,Low,8.0,No,2
459274,Female,Yes,80,Yes,Lawyer,0.0,High,2.0,Yes,3
464959,Female,Yes,44,Yes,Engineer,3.0,Average,5.0,Yes,4
463592,Female,No,27,Yes,Engineer,11.0,Low,1.0,No,0
459729,Female,No,41,Yes,Healthcare,1.0,Low,1.0,No,0
463035,Female,Yes,42,No,Homemaker,3.0,Average,4.0,No,4
461467,Female,Yes,73,,Lawyer,,High,2.0,Yes,3
464642,Female,Yes,26,Yes,Engineer,6.0,High,7.0,Yes,4
462976,Female,Yes,50,Yes,Engineer,0.0,Average,2.0,Yes,4
460824,Male,Yes,66,Yes,,0.0,Low,2.0,No,1
463102,Male,No,41,No,Entertainment,0.0,Low,2.0,No,2
461762,Female,Yes,63,Yes,Artist,0.0,High,2.0,Yes,4
464867,Female,Yes,52,Yes,Doctor,0.0,Average,2.0,Yes,4
464761,Female,Yes,55,No,Engineer,,Average,3.0,Yes,4
461987,Female,Yes,48,No,Engineer,2.0,Average,3.0,Yes,4
462785,Female,Yes,35,No,Engineer,,Average,6.0,Yes,4
467619,Male,Yes,70,No,Lawyer,1.0,High,2.0,Yes,3
462999,Female,,28,No,Engineer,0.0,High,5.0,Yes,4
465967,Male,Yes,36,No,Doctor,6.0,Low,3.0,No,1
461331,Male,Yes,64,Yes,Executive,0.0,High,6.0,Yes,1
463734,Male,Yes,38,No,Executive,0.0,Average,3.0,No,1
463169,Female,Yes,85,Yes,Lawyer,0.0,Low,1.0,No,3
464955,Female,Yes,38,No,Engineer,1.0,Average,6.0,Yes,4
466880,Male,Yes,39,Yes,Artist,4.0,Average,,No,1
466924,Female,No,22,No,Healthcare,0.0,Low,6.0,No,2
461483,Female,No,28,Yes,Doctor,1.0,Low,4.0,No,0
463484,Female,Yes,30,No,Engineer,2.0,High,1.0,Yes,4
464798,Male,Yes,52,,Entertainment,,Average,5.0,No,1
464776,Female,No,48,No,Engineer,,Average,5.0,Yes,2
462083,Male,No,19,No,Healthcare,1.0,Low,5.0,No,2
467082,Female,Yes,70,Yes,Artist,0.0,High,3.0,Yes,4
461646,Female,Yes,58,Yes,Artist,,High,5.0,Yes,4
460316,Female,No,39,No,Healthcare,4.0,Low,3.0,No,2
467723,Male,Yes,83,No,Executive,0.0,Low,7.0,No,1
463590,Male,No,18,No,Healthcare,,Low,3.0,No,2
464172,Female,Yes,56,Yes,Artist,3.0,High,4.0,Yes,4
461765,Female,No,36,Yes,Artist,1.0,Low,1.0,No,0
463677,Male,Yes,37,No,Executive,0.0,High,5.0,Yes,1
462415,Male,No,32,No,Doctor,0.0,Low,1.0,No,0
463895,Female,Yes,70,No,Doctor,0.0,Average,2.0,Yes,4
461820,Male,Yes,42,Yes,Doctor,0.0,Average,3.0,Yes,1
464777,Female,Yes,54,No,Engineer,7.0,Average,4.0,Yes,4
467264,Male,Yes,19,No,Marketing,2.0,High,5.0,Yes,1
463943,Male,No,71,Yes,Entertainment,1.0,Low,2.0,No,0
464183,Female,No,37,No,Artist,4.0,Low,2.0,No,0
465117,Female,Yes,74,Yes,Artist,2.0,High,3.0,Yes,4
459543,Male,Yes,70,No,Executive,1.0,High,2.0,Yes,3
459834,Male,Yes,50,No,Doctor,1.0,Average,4.0,Yes,1
465362,Female,Yes,48,Yes,Engineer,1.0,Average,4.0,Yes,4
459097,Male,Yes,88,Yes,Lawyer,0.0,High,2.0,Yes,3
459595,Female,Yes,32,Yes,Artist,2.0,High,6.0,Yes,4
465838,Female,Yes,48,No,Doctor,1.0,Average,3.0,Yes,4
462705,Female,No,74,No,Lawyer,0.0,Average,1.0,Yes,3
467164,Male,Yes,42,Yes,Artist,0.0,High,2.0,Yes,1
460866,Male,No,28,Yes,Doctor,1.0,Low,9.0,No,2
465008,Female,Yes,70,Yes,Artist,0.0,High,2.0,Yes,4
461270,Male,Yes,40,Yes,Artist,1.0,Low,1.0,No,1
462595,Female,No,29,Yes,Artist,7.0,Low,7.0,No,2
465136,Male,Yes,47,Yes,Artist,0.0,Average,2.0,No,1
459640,Female,No,70,Yes,Doctor,,High,3.0,Yes,4
464916,Female,,30,,Doctor,8.0,High,2.0,Yes,4
466543,Male,No,31,Yes,Doctor,14.0,Low,2.0,No,0
467656,Male,No,31,Yes,Healthcare,1.0,Low,5.0,No,2
459618,Male,Yes,63,Yes,Doctor,0.0,Average,1.0,Yes,1
466993,Female,Yes,43,Yes,Engineer,9.0,Average,2.0,Yes,4
461610,Male,No,36,Yes,Doctor,0.0,Low,1.0,No,0
465195,Female,Yes,58,Yes,Executive,2.0,High,3.0,Yes,4
465485,Male,No,29,Yes,Healthcare,0.0,Low,4.0,No,2
462664,Male,Yes,69,No,Artist,2.0,Low,2.0,No,1
460576,Male,Yes,49,No,Executive,9.0,High,5.0,Yes,1
467184,Female,Yes,48,No,Engineer,1.0,Average,2.0,Yes,4
463538,Male,Yes,62,No,Executive,2.0,High,3.0,Yes,3
467352,Female,Yes,50,Yes,Executive,0.0,High,5.0,Yes,4
464227,Male,Yes,80,Yes,Lawyer,1.0,High,3.0,Yes,3
459576,Female,Yes,85,No,Lawyer,,Low,,No,3
463486,Male,Yes,43,No,Executive,,High,8.0,Yes,1
460985,Female,Yes,61,Yes,Engineer,0.0,Average,2.0,Yes,4
464083,Male,Yes,65,No,Lawyer,0.0,High,3.0,Yes,3
459808,Male,Yes,35,No,Doctor,,Average,5.0,Yes,1
467632,Female,Yes,88,Yes,Artist,1.0,High,2.0,Yes,4
465153,Male,Yes,35,Yes,Artist,1.0,Average,2.0,No,1
467543,Male,No,64,Yes,Lawyer,0.0,High,1.0,Yes,3
465955,Male,No,25,Yes,Marketing,8.0,Low,3.0,No,0
464684,Female,No,40,No,Engineer,9.0,Low,5.0,No,2
459958,Male,No,37,Yes,Healthcare,8.0,Low,3.0,No,0
466975,Male,Yes,51,Yes,Artist,0.0,Average,2.0,No,1
465030,Male,Yes,31,Yes,Executive,8.0,High,3.0,Yes,1
461057,Male,Yes,43,Yes,Artist,0.0,High,3.0,Yes,1
460588,Male,No,21,No,Healthcare,0.0,Low,4.0,No,2
466851,Male,No,38,Yes,Healthcare,8.0,Low,1.0,No,0
462486,Male,Yes,51,Yes,Executive,1.0,Average,5.0,No,1
459336,Male,Yes,26,Yes,Artist,6.0,Average,2.0,No,1
461022,Male,Yes,69,Yes,Artist,0.0,Low,1.0,No,1
460245,Female,Yes,52,Yes,Artist,3.0,Low,2.0,No,4
467695,Male,Yes,43,No,Marketing,1.0,Low,2.0,No,3
465399,Male,No,39,Yes,Entertainment,1.0,Low,1.0,No,0
460769,Female,Yes,71,No,Lawyer,1.0,High,3.0,Yes,3
465615,Male,Yes,61,Yes,Artist,3.0,Average,2.0,No,1
460134,Male,Yes,38,Yes,Entertainment,10.0,High,2.0,Yes,1
463521,Male,Yes,41,Yes,Executive,0.0,High,4.0,Yes,1
459134,Female,Yes,67,Yes,Lawyer,1.0,High,3.0,Yes,3
459797,Male,Yes,66,Yes,Entertainment,0.0,Average,3.0,No,1
465025,Male,Yes,73,Yes,Executive,0.0,High,2.0,Yes,3
466939,Male,Yes,66,No,Lawyer,0.0,High,2.0,Yes,3
467420,Male,Yes,52,Yes,Executive,1.0,High,4.0,Yes,1
461494,Female,Yes,36,No,Engineer,0.0,Average,3.0,Yes,4
464972,Male,Yes,62,Yes,Lawyer,2.0,High,10.0,Yes,1
459208,Male,No,58,Yes,Artist,2.0,High,3.0,Yes,1
459359,Male,Yes,46,Yes,Entertainment,,Average,4.0,No,1
463551,Male,Yes,45,Yes,Doctor,8.0,Average,2.0,Yes,1
459979,Female,No,41,No,Marketing,0.0,Low,2.0,No,2
464142,Female,Yes,76,Yes,Artist,1.0,High,2.0,Yes,4
465472,Female,Yes,80,No,Entertainment,,High,3.0,Yes,3
460779,Female,No,28,No,Entertainment,1.0,Low,2.0,No,2
467582,Female,Yes,37,Yes,Executive,2.0,High,4.0,Yes,4
460543,Male,Yes,80,No,Lawyer,7.0,Low,,No,3
461057,Male,Yes,46,Yes,Artist,0.0,High,4.0,Yes,1
459054,Male,Yes,37,Yes,Executive,9.0,High,4.0,Yes,1
467908,Female,Yes,44,Yes,Engineer,1.0,High,3.0,Yes,4
465432,Female,Yes,56,Yes,Engineer,1.0,Average,4.0,Yes,4
459503,Female,Yes,30,Yes,Healthcare,7.0,High,4.0,Yes,4
464682,Male,Yes,50,,Executive,4.0,Average,9.0,No,1
461913,Male,No,37,Yes,Entertainment,6.0,Low,4.0,No,0
459124,Female,Yes,79,Yes,Artist,0.0,High,4.0,Yes,4
461606,Male,Yes,69,Yes,Lawyer,2.0,High,3.0,Yes,3
461327,Female,Yes,35,Yes,Artist,1.0,Average,3.0,No,4
466864,Female,No,32,No,Homemaker,8.0,Low,1.0,No,0
462278,Male,No,31,Yes,Healthcare,0.0,Low,4.0,No,2
464930,Male,No,25,No,Marketing,0.0,Low,2.0,No,2
465240,Male,Yes,58,Yes,Artist,3.0,High,1.0,Yes,1
467159,Female,Yes,39,Yes,Homemaker,8.0,High,2.0,Yes,4
466099,Female,Yes,73,Yes,Lawyer,1.0,Low,1.0,No,3
466705,Male,Yes,69,No,Lawyer,0.0,Low,3.0,No,3
461816,Female,No,49,Yes,Marketing,0.0,Low,5.0,No,2
465622,Female,Yes,42,Yes,Artist,5.0,Low,2.0,No,4
460456,Male,Yes,36,No,Executive,1.0,High,6.0,Yes,1
464651,Female,Yes,26,No,Doctor,0.0,Average,3.0,Yes,4
466616,Male,No,18,No,Healthcare,8.0,Low,9.0,No,2
462831,Male,Yes,29,No,Executive,1.0,High,3.0,Yes,1
467952,Female,Yes,80,Yes,Lawyer,0.0,High,2.0,Yes,3
464441,Male,Yes,35,Yes,Artist,0.0,Low,2.0,No,1
459154,Male,Yes,80,Yes,Lawyer,0.0,High,3.0,Yes,3
464646,Male,Yes,61,No,Engineer,5.0,Average,6.0,Yes,1
467551,Female,Yes,80,No,Lawyer,2.0,High,3.0,Yes,3
459548,Female,Yes,50,Yes,Engineer,1.0,Low,2.0,No,4
461061,Female,No,38,Yes,Engineer,3.0,Low,1.0,No,0
466309,Male,No,21,No,Healthcare,1.0,Low,4.0,No,2
462781,Male,No,50,No,Marketing,1.0,Low,2.0,No,2
464460,Female,No,26,Yes,Healthcare,1.0,Low,2.0,No,0
461147,Male,Yes,33,Yes,Artist,2.0,Low,,No,1
467749,Male,No,19,No,Healthcare,1.0,Low,9.0,No,2
459852,Male,No,40,Yes,Artist,7.0,Low,1.0,No,0
466760,Male,Yes,47,Yes,Doctor,0.0,Average,4.0,Yes,1
467226,Female,No,20,No,Entertainment,1.0,Low,4.0,No,2
465548,Female,No,40,Yes,Artist,0.0,Low,4.0,No,0
463775,Female,No,33,No,Engineer,,Low,3.0,No,2
466296,Male,Yes,68,Yes,Executive,2.0,High,3.0,Yes,3
462865,Female,No,25,Yes,Healthcare,,Low,1.0,No,0
459461,Female,Yes,39,Yes,Artist,0.0,Low,1.0,No,4
465062,Male,Yes,56,No,Executive,0.0,High,5.0,Yes,1
464747,Female,Yes,69,No,Engineer,0.0,Average,4.0,Yes,4
467477,Male,Yes,43,Yes,Healthcare,5.0,Average,2.0,No,1
463929,Male,Yes,48,Yes,Doctor,9.0,Average,1.0,Yes,1
464791,Male,Yes,42,No,Marketing,0.0,High,6.0,Yes,3
465804,Female,Yes,68,No,Engineer,0.0,Low,1.0,No,4
465497,Male,No,25,No,Homemaker,14.0,Low,3.0,No,2
461875,Male,No,33,No,Doctor,0.0,Low,3.0,No,2
460968,Male,Yes,27,Yes,Doctor,9.0,Average,2.0,Yes,1
465614,Male,Yes,43,Yes,Artist,9.0,Low,2.0,No,1
465589,Male,Yes,40,Yes,Artist,0.0,Average,3.0,No,1
460964,Male,Yes,80,No,Lawyer,0.0,High,1.0,Yes,3
467002,Female,No,26,Yes,Homemaker,9.0,Low,,No,0
460053,Male,Yes,55,Yes,Artist,9.0,Average,2.0,No,1
460875,Male,No,35,Yes,Entertainment,0.0,Low,3.0,No,0
461329,Male,Yes,55,Yes,Executive,3.0,High,4.0,Yes,1
466314,Male,No,18,No,Healthcare,5.0,Low,4.0,No,2
463174,Female,Yes,58,Yes,Engineer,1.0,Low,1.0,No,4
462491,Male,No,31,Yes,Artist,1.0,Low,5.0,No,2
464172,Male,Yes,62,Yes,Artist,3.0,High,2.0,Yes,1
465019,Male,Yes,53,Yes,Artist,0.0,Low,3.0,No,1
459009,Female,Yes,50,Yes,Artist,1.0,Average,3.0,No,4
459178,Male,Yes,53,Yes,Executive,0.0,High,5.0,Yes,1
462302,Female,No,25,No,Doctor,,Low,7.0,No,2
465802,Male,Yes,25,Yes,Healthcare,9.0,Low,2.0,No,1
464328,Male,Yes,80,No,Lawyer,3.0,High,2.0,Yes,3
463364,Female,Yes,74,Yes,Lawyer,3.0,High,3.0,Yes,3
459127,Male,No,43,Yes,Healthcare,1.0,Low,7.0,No,2
466907,Male,Yes,57,Yes,Artist,,Average,2.0,No,1
463978,Male,Yes,38,Yes,Artist,1.0,Average,3.0,No,1
465038,Male,Yes,49,No,Executive,1.0,High,4.0,Yes,1
461979,Male,Yes,35,Yes,Artist,9.0,Average,2.0,No,1
459503,Male,Yes,35,Yes,Healthcare,5.0,High,4.0,Yes,1
465942,Female,Yes,28,Yes,Marketing,9.0,High,1.0,Yes,4
463117,Female,No,26,No,Engineer,0.0,Low,3.0,No,2
462004,Female,Yes,53,Yes,Artist,,High,6.0,Yes,4
461390,Female,Yes,70,Yes,Artist,0.0,High,2.0,Yes,4
467735,Male,No,26,Yes,Doctor,1.0,Low,2.0,No,0
467639,Male,Yes,50,Yes,Entertainment,0.0,Average,4.0,No,1
459530,Female,Yes,42,No,Lawyer,3.0,High,3.0,Yes,3
462922,Male,No,26,No,Doctor,8.0,Low,1.0,No,0
464972,Male,No,64,No,Lawyer,0.0,High,10.0,Yes,2
467747,Female,Yes,54,Yes,Artist,,High,3.0,Yes,4
459442,Male,Yes,85,Yes,Executive,0.0,High,2.0,Yes,3
462888,Male,Yes,41,Yes,Executive,,High,4.0,Yes,1
467756,Male,Yes,56,Yes,Artist,1.0,Average,2.0,No,1
464285,Female,No,25,Yes,Artist,9.0,Low,1.0,No,0
460001,Male,Yes,41,Yes,Artist,4.0,Average,2.0,No,1
462366,Male,Yes,50,No,Engineer,1.0,Low,2.0,No,1
460938,Male,No,38,Yes,Artist,,Low,1.0,No,0
466166,Male,Yes,80,Yes,Lawyer,2.0,High,2.0,Yes,3
462765,Female,Yes,49,Yes,Artist,3.0,High,9.0,Yes,4
461692,Female,Yes,87,No,Artist,0.0,Low,1.0,No,4
462598,Female,Yes,40,No,Doctor,7.0,Average,5.0,Yes,4
464189,Female,No,42,Yes,Artist,1.0,Low,2.0,No,0
464949,Male,Yes,18,No,Executive,0.0,High,3.0,Yes,1
459303,Male,Yes,55,Yes,Artist,0.0,Low,1.0,No,1
459697,Female,Yes,77,No,Lawyer,0.0,High,3.0,Yes,3
467971,Female,No,31,Yes,Artist,1.0,Low,4.0,No,0
466411,Male,Yes,58,Yes,Artist,1.0,Average,3.0,No,1
465284,Female,No,31,No,Marketing,8.0,Low,4.0,No,2
459329,Female,Yes,68,No,Engineer,3.0,High,3.0,Yes,4
460883,Male,Yes,70,Yes,Artist,0.0,High,2.0,Yes,1
461106,Male,No,18,No,Healthcare,1.0,Low,4.0,No,2
466813,Male,Yes,59,Yes,Artist,1.0,Low,,No,1
466594,Male,Yes,70,No,Executive,1.0,High,2.0,Yes,3
465479,Male,No,27,No,Artist,1.0,Low,1.0,No,0
467466,Female,No,19,No,Doctor,6.0,Low,2.0,No,0
459203,Male,Yes,35,Yes,Engineer,0.0,Low,2.0,No,1
460786,Female,Yes,76,Yes,Lawyer,0.0,High,2.0,Yes,3
466191,Male,Yes,44,Yes,Executive,0.0,High,4.0,Yes,1
461016,Male,No,32,No,Healthcare,7.0,Low,5.0,No,2
463425,Male,Yes,43,No,Entertainment,3.0,Low,,No,1
464454,Female,Yes,52,Yes,Engineer,7.0,High,4.0,Yes,4
462850,Male,No,21,No,Healthcare,1.0,Low,4.0,No,2
461587,Male,No,26,Yes,Healthcare,0.0,Low,3.0,No,2
463145,Female,No,38,Yes,Homemaker,0.0,Low,4.0,No,2
462831,Male,Yes,34,No,Executive,0.0,High,2.0,Yes,1
465860,Female,,31,Yes,Doctor,1.0,Low,3.0,No,4
467239,Female,No,33,No,Engineer,1.0,Low,3.0,No,2
464427,Male,Yes,62,Yes,Doctor,1.0,Average,4.0,Yes,1
463466,Male,No,21,No,Healthcare,13.0,Low,6.0,No,2
460313,Male,No,32,Yes,Artist,13.0,Low,3.0,No,0
461017,Female,No,40,Yes,Homemaker,13.0,Low,1.0,No,0
464340,Male,Yes,70,Yes,Artist,2.0,High,1.0,Yes,1
467127,Male,Yes,70,No,Lawyer,,Low,1.0,No,3
460088,Female,Yes,32,Yes,Homemaker,,High,1.0,Yes,4
464277,Male,No,25,Yes,Artist,2.0,Low,1.0,No,0
465500,Male,Yes,69,Yes,Entertainment,2.0,High,3.0,Yes,1
466126,Female,Yes,57,No,Engineer,0.0,Low,1.0,No,4
459784,Female,Yes,52,Yes,Engineer,0.0,High,5.0,Yes,4
464580,Male,No,27,No,Artist,8.0,Low,4.0,No,2
464690,Male,Yes,45,No,Engineer,4.0,Average,,Yes,1
463462,Female,Yes,41,No,Engineer,0.0,Average,4.0,Yes,4
465103,Male,Yes,86,Yes,Lawyer,1.0,High,2.0,Yes,3
467884,Female,Yes,32,Yes,Engineer,9.0,High,7.0,Yes,4
467773,Male,Yes,74,Yes,Lawyer,0.0,High,3.0,Yes,3
461427,Female,No,42,Yes,Artist,1.0,Low,2.0,No,0
461575,Male,No,31,No,Doctor,1.0,Low,4.0,No,2
461000,Male,Yes,59,No,Marketing,2.0,High,2.0,Yes,3
465225,Male,No,48,Yes,Engineer,0.0,Low,1.0,No,0
465291,Female,Yes,45,Yes,Artist,5.0,Average,3.0,No,4
466389,Female,Yes,49,Yes,Engineer,0.0,Average,2.0,Yes,4
467237,Male,Yes,77,Yes,Lawyer,2.0,High,1.0,Yes,3
459217,Female,Yes,60,No,Lawyer,1.0,Average,3.0,Yes,3
461734,Female,Yes,80,No,,,High,1.0,Yes,4
461423,Male,No,28,Yes,Artist,0.0,Low,3.0,No,0
465229,Male,Yes,40,Yes,Executive,0.0,High,4.0,Yes,1
467259,Male,Yes,74,Yes,Lawyer,1.0,High,3.0,Yes,3
463500,Male,Yes,35,No,Executive,1.0,High,4.0,Yes,1
463181,Male,Yes,48,Yes,Doctor,5.0,Average,3.0,Yes,1
460107,Male,Yes,56,Yes,Engineer,3.0,Average,6.0,Yes,1
462006,Male,Yes,28,Yes,Artist,1.0,Average,2.0,No,1
461168,Female,Yes,25,No,Engineer,7.0,Average,3.0,Yes,4
463956,Female,No,28,No,Entertainment,0.0,Low,5.0,No,2
464487,Male,No,53,No,Engineer,1.0,Low,3.0,No,2
466607,Male,No,18,No,Marketing,2.0,Low,2.0,No,2
467922,Male,Yes,80,Yes,Entertainment,0.0,High,2.0,Yes,3
462672,Male,No,25,No,Healthcare,7.0,Low,4.0,No,2
467717,Female,Yes,71,No,Engineer,0.0,High,5.0,Yes,4
459838,Female,Yes,86,No,Lawyer,0.0,High,2.0,Yes,3
460781,Female,Yes,32,Yes,Entertainment,3.0,High,3.0,Yes,4
467513,Female,Yes,36,Yes,Engineer,,Average,3.0,Yes,4
463736,Male,Yes,48,No,Entertainment,,Average,5.0,No,1
464402,Male,No,37,Yes,Entertainment,7.0,Low,1.0,No,0
461618,Female,Yes,45,Yes,Artist,,High,2.0,Yes,4
460781,Female,Yes,30,No,Entertainment,1.0,High,4.0,Yes,4
467543,Male,Yes,68,Yes,Lawyer,0.0,High,1.0,Yes,3
463698,Female,Yes,58,No,Engineer,0.0,Average,3.0,Yes,4
462115,Male,No,18,No,Healthcare,0.0,Low,3.0,No,2
466546,Female,Yes,69,Yes,Lawyer,1.0,High,2.0,Yes,3
465382,Female,No,39,Yes,Artist,0.0,Low,,No,0
467187,Male,Yes,45,No,Engineer,2.0,Average,2.0,Yes,1
466069,Female,Yes,49,Yes,Artist,0.0,High,4.0,Yes,4
465537,Female,Yes,57,Yes,Artist,2.0,High,6.0,Yes,4
465710,Female,No,49,Yes,Artist,1.0,Low,1.0,No,0
460022,Female,Yes,39,Yes,Healthcare,4.0,Low,2.0,No,4
465036,Male,Yes,65,Yes,Artist,0.0,Average,2.0,No,1
462804,Male,Yes,39,No,Executive,5.0,High,3.0,Yes,1
462895,Male,No,32,No,Entertainment,1.0,Low,3.0,No,2
461160,Male,Yes,49,Yes,Artist,1.0,Low,2.0,No,1
463966,Female,No,31,Yes,Artist,9.0,Low,1.0,No,0
462531,Female,Yes,59,No,Homemaker,,High,2.0,Yes,3
459418,Male,Yes,66,No,Executive,1.0,High,2.0,Yes,3
463970,Female,No,25,No,Healthcare,1.0,Low,5.0,No,2
462880,Male,Yes,22,No,Executive,1.0,High,3.0,Yes,1
467887,Female,No,42,Yes,Artist,0.0,Low,2.0,No,0
464898,Male,No,31,Yes,Healthcare,0.0,Low,2.0,No,0
466487,Female,No,27,Yes,Healthcare,0.0,Low,5.0,No,2
462864,Female,No,30,Yes,Healthcare,12.0,Low,6.0,No,2
466160,Female,Yes,51,Yes,Engineer,1.0,Average,2.0,Yes,4
460566,Male,Yes,36,Yes,Homemaker,,Average,2.0,No,1
463812,Female,Yes,27,Yes,Artist,0.0,Average,2.0,No,4
465183,Female,Yes,38,Yes,Artist,3.0,Low,2.0,No,4
460096,Female,Yes,78,No,Lawyer,1.0,Low,1.0,No,3
460499,Female,,58,No,Marketing,14.0,High,6.0,Yes,3
467207,Female,No,27,Yes,Artist,8.0,Low,1.0,No,0
463636,Male,No,33,No,Doctor,1.0,Low,6.0,No,2
464631,Male,No,59,Yes,Artist,1.0,Low,2.0,No,0
459015,Male,No,19,No,Healthcare,0.0,Low,3.0,No,2
466200,Male,Yes,51,Yes,Doctor,8.0,Average,3.0,Yes,1
467781,Male,Yes,32,Yes,Healthcare,1.0,High,2.0,Yes,1
463480,Female,Yes,27,No,Healthcare,0.0,Low,2.0,No,2
463060,Female,Yes,28,Yes,Homemaker,10.0,High,1.0,Yes,4
461626,Female,Yes,65,Yes,Executive,2.0,High,1.0,Yes,3
464257,Male,Yes,40,,Entertainment,0.0,High,3.0,Yes,1
465388,Female,No,31,Yes,Marketing,0.0,Low,1.0,No,0
461186,Female,No,18,No,Healthcare,,Low,3.0,No,2
463671,Male,Yes,37,Yes,Entertainment,0.0,Average,3.0,No,1
462960,Female,Yes,57,Yes,Entertainment,0.0,Average,2.0,No,4
467213,Female,Yes,80,Yes,Lawyer,0.0,High,3.0,Yes,3
463386,Female,Yes,43,Yes,Doctor,6.0,Low,1.0,No,4
466392,Female,Yes,46,No,Engineer,2.0,Average,,Yes,4
466498,Male,Yes,80,Yes,Lawyer,4.0,High,3.0,Yes,3
463007,Male,No,24,No,Executive,,High,4.0,Yes,2
462239,Male,Yes,47,Yes,Executive,1.0,High,6.0,Yes,1
465884,Male,Yes,37,Yes,Executive,6.0,High,3.0,Yes,1
467020,Male,Yes,80,Yes,Lawyer,2.0,High,4.0,Yes,3
467471,Male,Yes,52,No,Entertainment,4.0,Average,5.0,No,1
466100,Male,Yes,66,Yes,Executive,1.0,Low,2.0,No,1
467879,Female,Yes,47,Yes,Artist,,High,3.0,Yes,4
463963,Female,Yes,35,No,Engineer,3.0,High,3.0,Yes,4
462604,Female,No,39,No,Doctor,0.0,Average,3.0,Yes,2
464451,Female,Yes,74,Yes,Artist,0.0,Average,2.0,No,4
463555,Female,No,31,Yes,Artist,0.0,Low,2.0,No,0
463852,Male,Yes,51,Yes,Entertainment,,High,4.0,Yes,1
466532,Female,No,19,No,Engineer,1.0,Low,4.0,No,2
465117,Female,Yes,73,Yes,Artist,1.0,High,2.0,Yes,4
462908,Male,Yes,32,No,Executive,11.0,High,3.0,Yes,1
464137,Female,Yes,74,No,Artist,5.0,High,2.0,Yes,4
463292,Male,Yes,33,No,Executive,0.0,High,3.0,Yes,1
464782,Male,Yes,35,No,Marketing,0.0,Low,3.0,No,2
464352,Male,Yes,58,Yes,Doctor,0.0,Average,1.0,Yes,1
463828,Male,Yes,43,No,Engineer,0.0,Average,2.0,Yes,1
460250,Male,No,27,Yes,Healthcare,8.0,Low,4.0,No,0
465822,Female,Yes,55,Yes,Engineer,0.0,Average,5.0,Yes,4
461460,Male,Yes,38,Yes,Executive,5.0,High,3.0,Yes,1
465365,Male,No,31,No,Entertainment,1.0,Low,4.0,No,2
462869,Male,No,31,Yes,Doctor,8.0,Low,1.0,No,0
461687,Female,Yes,77,Yes,Artist,0.0,High,2.0,Yes,4
462849,Male,Yes,50,Yes,Artist,0.0,Average,4.0,No,1
464725,Male,Yes,41,No,Executive,9.0,High,8.0,Yes,1
466636,Female,No,23,No,Marketing,3.0,Low,3.0,No,2
464455,Female,Yes,74,Yes,Lawyer,1.0,High,2.0,Yes,3
465232,Male,Yes,56,Yes,Executive,0.0,High,4.0,Yes,1
466852,Female,No,23,No,Marketing,4.0,Low,4.0,No,2
462783,Female,No,33,No,Marketing,0.0,Low,4.0,No,2
465795,Male,No,29,No,Entertainment,1.0,Low,4.0,No,2
461416,Female,No,31,Yes,Artist,13.0,Low,2.0,No,0
460104,Male,No,53,Yes,Entertainment,1.0,Low,3.0,No,0
460892,Male,Yes,46,Yes,Engineer,,Average,3.0,Yes,1
467673,Male,Yes,50,No,Executive,0.0,High,4.0,Yes,1
461708,Male,No,80,No,Lawyer,1.0,High,2.0,Yes,3
466315,Female,Yes,67,Yes,Engineer,1.0,Low,1.0,No,4
465029,Female,Yes,70,No,Lawyer,0.0,High,1.0,Yes,3
460112,Male,Yes,28,Yes,Engineer,9.0,Average,2.0,Yes,1
462314,Female,No,28,No,Doctor,14.0,Low,1.0,No,0
465060,Male,Yes,80,Yes,Lawyer,16.0,High,4.0,Yes,3
459590,Male,Yes,21,No,Executive,0.0,High,4.0,Yes,1
466159,Female,Yes,54,No,Engineer,2.0,Average,3.0,Yes,4
462606,Male,Yes,36,No,Executive,2.0,High,3.0,Yes,1
467155,Male,Yes,51,No,Executive,0.0,High,3.0,Yes,1
459687,Male,Yes,53,No,Executive,,High,4.0,Yes,1
466847,Female,No,33,No,Doctor,,Low,2.0,No,0
465752,Male,Yes,42,Yes,Artist,5.0,Average,2.0,No,1
460370,Female,Yes,28,Yes,Executive,8.0,High,2.0,Yes,4
460545,Female,Yes,80,No,Lawyer,1.0,High,2.0,Yes,3
467259,Male,Yes,70,Yes,Lawyer,1.0,High,2.0,Yes,3
459483,Male,Yes,55,Yes,Artist,1.0,Average,2.0,No,1
460169,Female,Yes,80,No,Lawyer,2.0,High,3.0,Yes,3
464320,Male,Yes,69,No,Lawyer,2.0,High,1.0,Yes,3
459820,Female,Yes,73,Yes,Artist,,Average,3.0,No,4
460624,Female,Yes,53,Yes,Homemaker,7.0,High,1.0,Yes,3
463755,Female,Yes,62,No,Artist,0.0,High,2.0,Yes,4
462799,Male,No,26,No,Healthcare,,Low,,No,2
462099,Female,Yes,42,No,Doctor,,Average,4.0,Yes,4
460502,Female,Yes,50,Yes,Engineer,3.0,Average,3.0,Yes,4
462225,Male,Yes,49,No,Engineer,0.0,Average,8.0,Yes,1
467775,Female,No,41,Yes,Artist,0.0,Low,1.0,No,0
459004,Female,Yes,56,Yes,Artist,0.0,High,5.0,Yes,4
465449,Female,No,43,Yes,Artist,9.0,Low,2.0,No,0
465137,Male,Yes,57,Yes,Artist,1.0,Average,4.0,No,1
462122,Male,Yes,42,No,Entertainment,6.0,Low,3.0,No,1
461760,Male,Yes,80,Yes,Artist,0.0,High,3.0,Yes,1
462753,Male,Yes,28,No,Executive,0.0,Average,3.0,No,1
466883,Female,Yes,37,Yes,Artist,2.0,Average,2.0,No,4
465217,Male,Yes,54,No,Executive,3.0,High,6.0,Yes,1
466301,Male,Yes,50,Yes,Artist,0.0,Average,3.0,No,1
465590,Male,Yes,40,Yes,Artist,1.0,Average,5.0,No,1
461666,Female,Yes,34,Yes,Artist,2.0,High,1.0,Yes,4
459981,Male,No,41,Yes,Artist,7.0,Low,1.0,No,0
466504,Male,Yes,33,No,Executive,8.0,High,5.0,Yes,1
467214,Male,No,26,No,Engineer,0.0,Low,4.0,No,2
462613,Female,Yes,35,Yes,Engineer,2.0,Average,4.0,Yes,4
459960,Female,Yes,56,Yes,,1.0,Low,1.0,No,4
462478,Male,No,25,No,Doctor,,Average,2.0,Yes,2
466008,Male,Yes,36,Yes,Artist,1.0,Low,2.0,No,1
466187,Female,Yes,56,Yes,Artist,4.0,Average,2.0,No,4
462500,Male,Yes,49,Yes,Doctor,1.0,Average,2.0,Yes,1
459395,Male,Yes,42,No,Executive,8.0,Low,2.0,No,1
463852,Male,Yes,56,Yes,Entertainment,,High,5.0,Yes,1
467485,Male,Yes,59,No,Lawyer,0.0,High,3.0,Yes,3
464705,Male,No,32,No,Artist,3.0,Low,7.0,No,2
465596,Male,,40,Yes,Healthcare,6.0,High,1.0,Yes,1
464270,Female,No,45,Yes,Artist,3.0,Low,1.0,No,0
466555,Male,No,18,No,Healthcare,1.0,Low,3.0,No,2
467463,Female,Yes,39,Yes,Artist,8.0,Average,3.0,No,4
462532,Male,No,32,Yes,Doctor,0.0,Low,4.0,No,0
460391,Male,Yes,21,No,Entertainment,0.0,Low,3.0,No,2
464110,Male,Yes,59,Yes,Doctor,0.0,High,3.0,Yes,1
459756,Female,Yes,56,No,Lawyer,1.0,High,4.0,Yes,3
465283,Male,Yes,54,No,Executive,1.0,High,1.0,Yes,3
464762,Male,Yes,48,No,Engineer,7.0,Average,5.0,Yes,1
461293,Male,No,22,No,Healthcare,0.0,Low,4.0,No,2
466166,Male,Yes,80,Yes,Lawyer,2.0,High,2.0,Yes,3
464276,Female,Yes,67,Yes,Marketing,1.0,High,2.0,Yes,3
466939,Male,Yes,61,No,Lawyer,0.0,High,3.0,Yes,3
465016,Male,Yes,73,No,Executive,0.0,High,3.0,Yes,3
463456,Male,Yes,46,No,Entertainment,1.0,High,3.0,Yes,1
460604,Female,Yes,43,No,Entertainment,7.0,High,2.0,Yes,4
459485,Female,Yes,80,Yes,Lawyer,,High,2.0,Yes,3
467376,Female,No,46,Yes,Doctor,8.0,Average,1.0,Yes,0
463392,Female,Yes,36,Yes,Artist,5.0,Low,2.0,No,4
464990,Female,Yes,72,No,Executive,0.0,High,1.0,Yes,3
463269,Male,Yes,36,Yes,Entertainment,2.0,Average,2.0,No,1
466436,Male,Yes,37,No,Doctor,0.0,Average,2.0,Yes,1
459267,Female,No,31,No,Healthcare,4.0,Low,3.0,No,2
464648,Male,Yes,28,No,Executive,0.0,High,4.0,Yes,1
462147,Female,Yes,82,Yes,Lawyer,,Low,1.0,No,3
467677,Male,Yes,57,No,Entertainment,0.0,High,3.0,Yes,1
461523,Male,Yes,78,Yes,Lawyer,1.0,High,6.0,Yes,3
464904,Female,Yes,28,No,Engineer,9.0,Average,2.0,Yes,4
461448,Male,Yes,74,Yes,Doctor,0.0,High,4.0,Yes,1
466052,Female,Yes,37,Yes,Homemaker,5.0,Low,2.0,No,4
463607,Female,No,29,Yes,Engineer,1.0,Low,5.0,No,2
464035,Male,Yes,64,Yes,Executive,3.0,High,4.0,Yes,1
466648,Male,No,37,Yes,Executive,7.0,High,1.0,Yes,0
465480,Male,No,38,Yes,Doctor,0.0,High,2.0,Yes,1
459875,Female,Yes,73,No,Lawyer,0.0,High,,Yes,3
463785,Female,No,27,No,Healthcare,0.0,Low,4.0,No,2
464510,Female,Yes,75,No,Lawyer,0.0,High,2.0,Yes,3
464845,Male,Yes,30,No,Engineer,1.0,Average,3.0,Yes,1
466160,Female,Yes,56,No,Engineer,2.0,Average,2.0,Yes,4
460631,Male,,43,Yes,Marketing,,High,1.0,Yes,3
461019,Male,No,18,No,Healthcare,0.0,Low,3.0,No,2
466044,Male,Yes,27,No,Entertainment,0.0,Average,4.0,No,1
466272,Female,Yes,72,Yes,Lawyer,2.0,Average,2.0,Yes,3
460947,Male,Yes,44,Yes,Executive,5.0,High,6.0,Yes,1
461170,Female,No,40,No,Engineer,0.0,Low,3.0,No,2
460647,Female,Yes,27,No,Doctor,2.0,Average,1.0,Yes,4
465400,Female,Yes,38,Yes,Doctor,7.0,High,4.0,Yes,4
467145,Female,Yes,52,Yes,Doctor,1.0,Average,3.0,Yes,4
461747,Male,Yes,66,Yes,Artist,1.0,High,2.0,Yes,1
463839,Female,Yes,57,No,Engineer,0.0,Low,3.0,No,4
461764,Female,No,41,Yes,Artist,0.0,Low,1.0,No,0
467093,Female,Yes,53,Yes,Artist,8.0,Average,2.0,No,4
461447,Female,No,71,Yes,Lawyer,1.0,High,2.0,Yes,3
460471,Female,No,18,No,,0.0,Low,6.0,No,2
459384,Male,Yes,52,Yes,Artist,0.0,Average,3.0,No,1
461434,Male,Yes,31,Yes,Executive,5.0,High,2.0,Yes,1
463834,Female,Yes,44,Yes,Engineer,3.0,Average,4.0,Yes,4
462621,Female,Yes,53,No,Engineer,3.0,Average,6.0,Yes,4
462135,Female,No,36,Yes,Healthcare,6.0,Low,3.0,No,0
465659,Female,No,55,Yes,Doctor,3.0,Low,,No,0
459390,Female,No,41,No,Artist,,Low,2.0,No,0
461519,Male,No,35,No,Doctor,,Low,3.0,No,2
464304,Male,Yes,35,Yes,Artist,1.0,Low,1.0,No,1
466667,Female,No,42,No,Marketing,5.0,Low,2.0,No,2
462509,Female,Yes,46,Yes,Artist,0.0,Average,2.0,No,4
464839,Female,No,20,No,Healthcare,1.0,Low,5.0,No,2
467107,Male,Yes,35,Yes,Engineer,2.0,Average,3.0,Yes,1
466972,Male,Yes,25,Yes,Artist,12.0,Low,2.0,No,1
464794,Female,Yes,47,No,Engineer,8.0,Average,,Yes,4
465160,Male,Yes,57,Yes,Executive,2.0,High,2.0,Yes,1
461687,Male,Yes,74,Yes,Artist,0.0,High,1.0,Yes,1
462554,Male,No,28,No,Healthcare,1.0,Low,8.0,No,2
465085,Male,Yes,80,Yes,Lawyer,,High,2.0,Yes,3
462759,Male,No,22,No,Healthcare,,Low,5.0,No,2
459542,Male,No,23,No,Healthcare,2.0,Low,5.0,No,2
466544,Male,Yes,41,Yes,Executive,1.0,Average,3.0,No,1
467310,Female,Yes,88,Yes,Lawyer,0.0,High,3.0,Yes,3
460061,Male,No,45,Yes,Marketing,0.0,Low,1.0,No,0
466056,Female,No,36,Yes,Artist,1.0,Low,1.0,No,0
464150,Female,Yes,59,Yes,Artist,0.0,Average,3.0,No,4
463904,Male,Yes,77,Yes,Executive,1.0,Low,1.0,No,3
462633,Female,,25,Yes,Doctor,,High,9.0,Yes,4
461898,Male,Yes,55,No,Executive,7.0,High,3.0,Yes,1
466226,Female,Yes,45,Yes,Artist,0.0,Average,5.0,No,4
465262,Male,Yes,60,Yes,Entertainment,7.0,Average,4.0,No,1
463325,Male,Yes,22,No,Doctor,1.0,Low,4.0,No,1
466053,Female,No,25,No,Doctor,2.0,Low,1.0,No,0
465117,Female,Yes,69,Yes,Artist,3.0,High,3.0,Yes,4
464813,Male,Yes,45,Yes,Engineer,5.0,Average,5.0,Yes,1
461471,Female,Yes,73,Yes,Artist,1.0,Average,2.0,No,4
465283,Male,Yes,53,No,Executive,0.0,High,2.0,Yes,3
462228,Female,No,29,No,Homemaker,0.0,Low,4.0,No,2
462121,Female,No,60,Yes,Artist,1.0,Low,3.0,No,0
460017,Male,Yes,39,Yes,Artist,8.0,High,1.0,Yes,1
459603,Female,Yes,80,No,Lawyer,1.0,High,1.0,Yes,3
464716,Male,Yes,43,Yes,Marketing,0.0,High,6.0,Yes,1
459223,Male,Yes,48,Yes,Doctor,2.0,Average,4.0,Yes,1
460567,Male,No,39,,Entertainment,8.0,Low,4.0,No,0
464091,Male,Yes,74,Yes,Lawyer,0.0,High,3.0,Yes,3
459473,Male,Yes,76,No,Lawyer,,High,2.0,Yes,3
460538,Female,,25,No,Healthcare,0.0,High,2.0,Yes,4
463638,Female,Yes,27,No,Doctor,2.0,Average,2.0,Yes,4
460813,Female,Yes,80,No,Lawyer,0.0,High,2.0,Yes,3
463960,Male,Yes,26,Yes,Doctor,1.0,Average,2.0,Yes,1
465336,Female,No,41,Yes,Doctor,9.0,Low,1.0,No,0
465525,Female,Yes,38,Yes,Healthcare,3.0,Average,3.0,No,4
464493,Male,No,71,Yes,Lawyer,4.0,Average,3.0,Yes,3
459214,Female,No,26,Yes,Engineer,0.0,Low,3.0,No,0
459204,Female,Yes,32,Yes,Engineer,2.0,Average,2.0,Yes,4
466207,Female,Yes,33,Yes,Doctor,11.0,Average,5.0,Yes,4
460310,Male,No,32,No,Healthcare,12.0,Low,4.0,No,2
467848,Male,No,37,Yes,Artist,12.0,Low,1.0,No,0
464517,Male,No,26,Yes,Healthcare,1.0,Low,,No,2
467856,Male,Yes,59,Yes,Artist,1.0,Low,2.0,No,1
461527,Female,No,35,Yes,Artist,1.0,Low,1.0,No,0
464358,Male,Yes,58,Yes,Artist,0.0,Average,2.0,No,1
467133,Male,Yes,77,Yes,Lawyer,0.0,High,,Yes,3
467153,Female,Yes,51,Yes,Artist,0.0,Low,,No,4
467536,Male,Yes,82,No,Executive,1.0,Low,1.0,No,3
464855,Male,Yes,39,No,Engineer,,Average,10.0,Yes,1
464482,Male,Yes,58,Yes,Artist,0.0,Low,1.0,No,1
464049,Female,No,32,Yes,Healthcare,1.0,Low,3.0,No,0
459913,Female,Yes,55,No,Healthcare,0.0,High,4.0,Yes,3
465550,Female,No,30,Yes,Healthcare,1.0,Low,6.0,No,2
459010,Female,Yes,48,Yes,Artist,,Average,3.0,No,4
461460,Male,Yes,43,Yes,Executive,7.0,High,3.0,Yes,1
461077,Male,No,39,Yes,Entertainment,1.0,Low,8.0,No,2
461372,Male,No,27,Yes,Artist,3.0,Low,1.0,No,0
459963,Female,No,40,Yes,Engineer,9.0,Low,1.0,No,0
459755,Female,Yes,56,No,Artist,,Average,3.0,No,4
467423,Male,Yes,61,Yes,Artist,0.0,Low,1.0,No,1
464885,Female,No,35,No,Engineer,1.0,Low,2.0,No,2
460324,Female,No,33,Yes,Entertainment,12.0,Low,2.0,No,0
461332,Male,No,30,No,Healthcare,1.0,Low,4.0,No,2
464329,Male,Yes,81,No,Lawyer,1.0,Low,2.0,No,3
462342,Male,Yes,72,Yes,Lawyer,7.0,High,2.0,Yes,3
459831,Male,Yes,36,No,Engineer,9.0,Average,3.0,Yes,1
463656,Male,Yes,53,Yes,Doctor,0.0,Low,3.0,No,1
467318,Male,Yes,41,Yes,Doctor,,Low,2.0,No,1
467784,Female,Yes,45,Yes,Artist,9.0,Low,1.0,No,4
464148,Male,Yes,52,Yes,Executive,8.0,High,3.0,Yes,1
460579,Female,Yes,41,No,Engineer,0.0,Average,6.0,Yes,4
463936,Male,Yes,32,No,Entertainment,1.0,Average,2.0,No,1
465143,Male,No,26,Yes,Engineer,0.0,Low,5.0,No,2
465216,Male,No,31,Yes,Executive,10.0,High,3.0,Yes,0
462670,Male,Yes,89,Yes,Doctor,,Low,1.0,No,1
466583,Female,Yes,33,Yes,Doctor,0.0,Average,3.0,Yes,4
459428,Female,No,43,No,Marketing,0.0,Low,2.0,No,2
459606,Male,Yes,38,Yes,Artist,1.0,Average,3.0,No,1
466800,Female,No,18,No,Healthcare,6.0,Low,3.0,No,2
462089,Female,Yes,42,Yes,Artist,0.0,Average,2.0,No,4
465437,Male,Yes,50,No,Executive,0.0,High,4.0,Yes,1
463843,Male,Yes,54,Yes,Executive,1.0,High,4.0,Yes,1
460307,Male,No,27,No,Entertainment,6.0,Low,2.0,No,2
459587,Female,No,32,Yes,Artist,7.0,Low,3.0,No,0
464298,Male,No,26,No,Doctor,1.0,Low,1.0,No,0
466559,Male,No,32,No,Healthcare,0.0,Low,4.0,No,2
466081,Female,Yes,25,Yes,Artist,8.0,Average,2.0,No,4
466664,Male,Yes,44,Yes,Doctor,0.0,Average,1.0,Yes,1
464998,Male,Yes,58,Yes,Artist,0.0,High,1.0,Yes,1
467215,Female,Yes,78,Yes,Lawyer,2.0,High,1.0,Yes,3
467486,Female,Yes,43,No,Engineer,1.0,Average,6.0,Yes,4
465944,Female,Yes,32,No,Engineer,4.0,High,2.0,Yes,4
461182,Male,No,18,No,Healthcare,,Low,,No,2
462224,Female,Yes,62,No,Engineer,6.0,Average,8.0,Yes,4
466184,Female,No,35,Yes,Artist,3.0,Low,1.0,No,0
463040,Male,Yes,72,No,Lawyer,2.0,High,3.0,Yes,3
465608,Male,No,20,No,Healthcare,,Low,5.0,No,2
466964,Male,No,45,Yes,Artist,5.0,Low,1.0,No,0
460011,Male,Yes,43,Yes,Entertainment,1.0,Average,5.0,No,1
466853,Male,No,32,Yes,Healthcare,1.0,Low,3.0,No,0
465211,Male,No,43,No,Artist,6.0,Low,2.0,No,0
459259,Female,Yes,70,Yes,Lawyer,,High,3.0,Yes,3
460760,Male,Yes,61,No,Artist,0.0,High,4.0,Yes,1
463370,Male,Yes,46,Yes,Doctor,2.0,Low,4.0,No,1
460445,Male,No,29,Yes,Engineer,0.0,Low,4.0,No,2
460239,Male,Yes,42,Yes,Artist,5.0,Average,2.0,No,1
466339,Male,No,23,No,Healthcare,0.0,Low,2.0,No,2
466938,Male,Yes,63,Yes,Artist,8.0,Low,1.0,No,1
466388,Male,,20,No,Healthcare,0.0,Low,2.0,No,2
463314,Female,No,27,No,Healthcare,0.0,Low,4.0,No,2
467094,Female,No,27,No,Homemaker,8.0,Low,,No,2
460473,Male,Yes,58,Yes,Artist,0.0,Average,2.0,No,1
459029,Male,Yes,75,No,Executive,,High,2.0,Yes,3
466227,Male,Yes,61,Yes,Artist,0.0,Average,5.0,No,1
463596,Female,No,31,No,Healthcare,0.0,Low,4.0,No,2
464668,Male,Yes,27,Yes,Healthcare,0.0,High,4.0,Yes,1
467673,Male,Yes,48,No,Executive,1.0,High,4.0,Yes,1
459159,Male,Yes,80,Yes,Lawyer,1.0,Low,1.0,No,3
463008,Male,No,53,No,Entertainment,1.0,Low,,No,2
459695,Male,Yes,34,Yes,Artist,,High,3.0,Yes,1
465814,Female,Yes,50,No,Artist,0.0,Average,5.0,No,4
467715,Male,Yes,53,Yes,Executive,2.0,High,4.0,Yes,1
461157,Male,No,37,No,Healthcare,0.0,Low,5.0,No,2
466375,Male,Yes,52,Yes,Entertainment,1.0,Low,4.0,No,1
466715,Male,Yes,76,No,Executive,0.0,High,5.0,Yes,3
467338,Female,No,27,Yes,Healthcare,2.0,Low,6.0,No,2
460703,Female,Yes,32,Yes,Engineer,6.0,Average,6.0,Yes,4
460169,Male,Yes,80,Yes,Lawyer,3.0,High,1.0,Yes,3
467788,Male,No,22,No,Healthcare,0.0,Low,4.0,No,2
462920,Male,Yes,55,No,Executive,0.0,High,4.0,Yes,1
461068,Male,No,46,No,Marketing,1.0,Low,4.0,No,2
464369,Male,Yes,35,Yes,Executive,1.0,High,4.0,Yes,1
466595,Male,No,80,Yes,Executive,0.0,High,1.0,Yes,3
466293,Male,Yes,77,No,Lawyer,0.0,High,1.0,Yes,3
463017,Female,Yes,81,No,Lawyer,0.0,High,2.0,Yes,3
460260,Male,No,20,No,Healthcare,0.0,Low,3.0,No,2
463484,Female,Yes,35,No,Engineer,1.0,High,2.0,Yes,4
462387,Female,Yes,28,Yes,Artist,0.0,Low,2.0,No,4
462924,Female,Yes,31,No,Homemaker,8.0,Average,2.0,No,4
461954,Male,Yes,32,No,Engineer,2.0,Average,7.0,Yes,1
467724,Male,Yes,45,No,Artist,0.0,High,4.0,Yes,1
459081,Male,Yes,63,Yes,Artist,0.0,Average,4.0,No,1
464238,Male,Yes,87,Yes,Lawyer,0.0,High,2.0,Yes,3
461909,Female,No,30,No,Marketing,0.0,Low,4.0,No,2
461772,Female,Yes,37,Yes,Engineer,2.0,Average,3.0,Yes,4
467600,Male,Yes,42,Yes,Engineer,,Average,6.0,Yes,1
465715,Female,Yes,69,Yes,Artist,7.0,Low,1.0,No,4
462992,Female,Yes,59,Yes,Engineer,,High,3.0,Yes,4
467034,Male,Yes,80,No,Executive,0.0,High,1.0,Yes,3
464945,Female,Yes,40,Yes,Artist,1.0,Average,2.0,No,4
463787,Female,Yes,43,Yes,Artist,1.0,Low,2.0,No,4
460666,Female,Yes,49,Yes,Homemaker,14.0,Low,1.0,No,4
467867,Female,No,18,No,Healthcare,0.0,Low,4.0,No,2
459258,Female,No,72,Yes,Lawyer,3.0,High,,Yes,3
463426,Male,Yes,43,Yes,Executive,0.0,High,4.0,Yes,1
464995,Male,Yes,40,No,Executive,4.0,High,3.0,Yes,1
466146,Female,Yes,41,No,Engineer,10.0,Average,3.0,Yes,4
464315,Male,Yes,71,No,Executive,1.0,Average,2.0,No,3
464575,Male,No,42,Yes,Artist,8.0,Low,1.0,No,0
462523,Male,Yes,57,No,Doctor,4.0,Low,3.0,No,1
466668,Female,Yes,49,Yes,Engineer,0.0,Low,1.0,No,4
465089,Male,Yes,72,No,Executive,1.0,High,3.0,Yes,3
466002,Male,Yes,51,Yes,Doctor,1.0,High,2.0,Yes,1
459028,Male,Yes,57,Yes,Executive,1.0,High,3.0,Yes,1
467136,Male,Yes,41,No,Entertainment,0.0,Average,4.0,No,1
461619,Male,Yes,51,Yes,Executive,,High,2.0,Yes,1
467623,Male,Yes,75,Yes,,2.0,High,1.0,Yes,1
461833,Female,No,27,Yes,Healthcare,5.0,Low,,No,0
463488,Female,No,29,No,Engineer,9.0,Low,4.0,No,2
465836,Male,No,19,No,Executive,13.0,Low,3.0,No,2
464494,Female,Yes,55,Yes,Artist,1.0,Average,4.0,No,4
467770,Male,Yes,43,Yes,Artist,7.0,High,4.0,Yes,1
465340,Female,No,28,Yes,Artist,3.0,Low,4.0,No,0
466160,Female,Yes,56,Yes,Engineer,3.0,Average,3.0,Yes,4
465501,Female,Yes,35,Yes,Artist,12.0,High,1.0,Yes,4
460865,Male,No,18,No,Healthcare,1.0,Low,3.0,No,2
461155,Female,Yes,51,Yes,Artist,3.0,Low,2.0,No,4
466772,Male,Yes,58,Yes,Entertainment,1.0,Average,4.0,No,1
464151,Male,No,40,Yes,Doctor,12.0,Low,1.0,No,0
459575,Male,No,35,Yes,Artist,0.0,Low,1.0,No,0
464191,Female,No,45,Yes,Engineer,1.0,Low,1.0,No,0
464235,Female,Yes,59,No,Engineer,,Average,4.0,Yes,4
463071,Male,Yes,69,No,Executive,,Low,4.0,No,1
460376,Female,No,29,Yes,Healthcare,3.0,Low,4.0,No,0
464992,Male,Yes,67,Yes,Executive,0.0,High,2.0,Yes,3
464781,Male,No,32,No,Marketing,0.0,Low,3.0,No,2
462426,Female,Yes,52,Yes,Artist,2.0,Average,4.0,No,4
466201,Male,Yes,38,Yes,Doctor,1.0,Average,5.0,Yes,1
461041,Female,Yes,72,No,Lawyer,0.0,High,7.0,Yes,3
466168,Female,Yes,45,Yes,Executive,1.0,High,3.0,Yes,4
465894,Male,No,27,Yes,Artist,8.0,Low,6.0,No,2
462008,Female,Yes,37,Yes,Artist,4.0,Low,4.0,No,4
464343,Female,No,51,Yes,Artist,1.0,Low,1.0,No,0
459380,Male,Yes,62,Yes,Artist,1.0,Low,1.0,No,1
467758,Female,Yes,50,Yes,Doctor,1.0,Low,,No,4
466435,Male,Yes,28,No,Executive,1.0,High,4.0,Yes,1
467859,Male,Yes,39,Yes,Doctor,4.0,Average,3.0,Yes,1
465191,Female,No,58,Yes,Engineer,1.0,Low,1.0,No,0
462148,Male,Yes,62,Yes,Artist,0.0,Average,,No,1
467024,Male,Yes,40,Yes,Entertainment,9.0,Average,5.0,No,1
464879,Female,Yes,28,Yes,Doctor,1.0,Average,2.0,Yes,4
466022,Female,Yes,72,No,Engineer,,High,2.0,Yes,3
459216,Female,No,42,Yes,Artist,1.0,Low,2.0,No,0
467890,Male,Yes,62,Yes,Entertainment,0.0,Average,4.0,No,1
464403,Female,Yes,65,Yes,Lawyer,0.0,High,3.0,Yes,3
462932,Female,No,38,Yes,Homemaker,2.0,High,4.0,Yes,4
461489,Female,Yes,75,Yes,Lawyer,0.0,High,1.0,Yes,3
464736,Male,No,28,Yes,Engineer,0.0,Low,5.0,No,2
459908,Male,Yes,89,No,Lawyer,0.0,Low,,No,3
460974,Male,Yes,79,No,Lawyer,1.0,Low,1.0,No,3
466962,Male,Yes,48,Yes,Artist,8.0,Average,2.0,No,1
464855,Female,No,41,No,Engineer,,Average,8.0,Yes,2
460840,Male,Yes,86,Yes,Lawyer,0.0,Low,1.0,No,3
461776,Male,Yes,72,No,Engineer,0.0,High,4.0,Yes,1
464640,Female,No,28,No,Marketing,0.0,Low,5.0,No,2
461760,Male,Yes,79,No,Artist,0.0,High,2.0,Yes,1
464915,Male,Yes,45,No,Executive,,High,5.0,Yes,1
461187,Male,No,29,No,Healthcare,9.0,Low,4.0,No,2
467440,Male,Yes,49,Yes,Entertainment,0.0,Low,1.0,No,1
467777,Male,No,49,Yes,Doctor,,Low,1.0,No,0
466780,Female,No,36,Yes,Artist,11.0,Low,,No,0
467810,Male,Yes,42,Yes,Artist,0.0,Average,5.0,No,1
465384,Male,Yes,56,Yes,Artist,0.0,High,2.0,Yes,1
462645,Female,Yes,43,No,Engineer,,Average,7.0,Yes,4
464241,Female,Yes,80,,Artist,2.0,High,2.0,Yes,4
464193,Female,Yes,36,Yes,Doctor,13.0,Low,2.0,No,4
459545,Female,No,20,No,Doctor,,Low,4.0,No,2
459879,Female,No,26,Yes,Healthcare,,Low,1.0,No,0
464837,Male,Yes,61,Yes,Artist,1.0,Average,5.0,No,1
459519,Female,Yes,45,Yes,Artist,,Average,2.0,No,4
465666,Female,No,35,Yes,Entertainment,9.0,Low,4.0,No,0
461331,Female,Yes,60,Yes,Executive,0.0,High,6.0,Yes,4
462045,Female,No,46,Yes,Artist,9.0,Low,1.0,No,0
465646,Female,No,40,Yes,Artist,6.0,Low,2.0,No,0
463695,Female,No,30,Yes,Doctor,1.0,Low,4.0,No,0
466503,Male,Yes,45,Yes,Artist,7.0,Average,5.0,No,1
466403,Male,Yes,45,No,Engineer,2.0,Average,3.0,Yes,1
461934,Female,Yes,46,Yes,Artist,8.0,Average,2.0,No,4
462961,Female,Yes,51,No,Engineer,3.0,Average,5.0,Yes,4
465089,Male,Yes,71,No,Executive,2.0,High,5.0,Yes,3
463929,Male,Yes,48,Yes,Doctor,10.0,Average,1.0,Yes,1
461299,Female,Yes,76,Yes,Lawyer,1.0,High,2.0,Yes,3
463668,Female,No,29,No,Engineer,0.0,Low,6.0,No,2
459301,Female,No,33,Yes,Healthcare,0.0,Low,3.0,No,0
464313,Male,Yes,30,No,Homemaker,1.0,Average,3.0,No,1
467598,Male,Yes,68,Yes,Artist,1.0,Low,1.0,No,1
466941,Male,Yes,81,Yes,Lawyer,,High,2.0,Yes,3
464254,Male,Yes,63,Yes,Entertainment,0.0,Average,3.0,No,1
459517,Male,No,31,Yes,Healthcare,1.0,Low,4.0,No,2
465953,Female,No,50,Yes,Artist,1.0,Low,1.0,No,0
458987,Female,Yes,72,Yes,Lawyer,0.0,High,2.0,Yes,3
463147,Male,No,31,No,Healthcare,,Low,4.0,No,2
461885,Female,Yes,53,Yes,Artist,3.0,High,4.0,Yes,4
461608,Female,Yes,51,Yes,Executive,,High,3.0,Yes,4
463946,Male,No,25,No,Healthcare,4.0,Low,3.0,No,2
467167,Male,Yes,73,Yes,Artist,1.0,Average,,No,1
459927,Female,No,27,No,Engineer,0.0,Low,2.0,No,2
462156,Female,Yes,43,Yes,Artist,4.0,Average,2.0,No,4
459827,Female,No,33,No,,,Low,1.0,No,0
460506,Female,Yes,52,Yes,Engineer,0.0,Low,3.0,No,4
466159,Female,No,46,Yes,Engineer,4.0,Average,2.0,Yes,0
463136,Male,Yes,37,Yes,Artist,1.0,High,4.0,Yes,1
462395,Male,Yes,53,Yes,Artist,1.0,High,2.0,Yes,1
462696,Male,Yes,53,Yes,Artist,0.0,High,2.0,Yes,1
467251,Female,No,21,No,Engineer,1.0,Low,6.0,No,2
459529,Female,Yes,89,No,Lawyer,1.0,High,2.0,Yes,3
464645,Male,,52,Yes,Artist,1.0,Average,5.0,No,1
462996,Female,Yes,49,Yes,Homemaker,9.0,Average,3.0,No,4
462373,Female,Yes,36,Yes,Entertainment,11.0,High,4.0,Yes,4
467215,Female,Yes,75,Yes,Lawyer,1.0,High,3.0,Yes,3
460123,Female,Yes,33,Yes,Engineer,9.0,Low,2.0,No,4
463232,Female,No,23,No,Healthcare,2.0,Low,5.0,No,2
459315,Female,Yes,27,Yes,Doctor,1.0,Low,2.0,No,4
464741,Male,Yes,71,No,Executive,2.0,High,,Yes,3
462255,Male,Yes,73,Yes,Executive,3.0,High,2.0,Yes,3
459932,Female,No,46,Yes,Artist,9.0,Low,1.0,No,0
464666,Male,Yes,41,Yes,Entertainment,2.0,Average,3.0,No,1
465519,Male,No,75,No,Lawyer,0.0,High,2.0,Yes,3
463919,Female,No,31,Yes,Homemaker,9.0,Low,1.0,No,0
459325,Male,Yes,27,Yes,Executive,8.0,High,4.0,Yes,1
462685,Female,No,32,No,Healthcare,,Low,3.0,No,2
467688,Female,Yes,47,Yes,Engineer,0.0,Average,2.0,Yes,4
464211,Male,Yes,55,Yes,Doctor,2.0,Average,4.0,Yes,1
461948,Female,Yes,45,Yes,Artist,1.0,Average,4.0,No,4
463905,Female,Yes,32,Yes,Engineer,1.0,Average,5.0,Yes,4
461138,Male,Yes,63,Yes,Entertainment,1.0,High,2.0,Yes,1
459990,Male,Yes,37,Yes,Healthcare,1.0,Average,2.0,No,1
465179,Female,Yes,58,Yes,Artist,1.0,High,1.0,Yes,4
464786,Male,No,33,No,Marketing,1.0,Low,3.0,No,2
467082,Male,Yes,79,Yes,Artist,2.0,High,3.0,Yes,1
463368,Female,Yes,47,No,Artist,4.0,High,4.0,Yes,4
464400,Male,No,31,Yes,Entertainment,0.0,Low,4.0,No,2
467259,Male,Yes,73,Yes,Lawyer,3.0,High,1.0,Yes,3
459687,Male,Yes,55,No,Executive,,High,5.0,Yes,1
461822,Male,Yes,37,Yes,Artist,9.0,High,2.0,Yes,1
466651,Male,No,40,No,Entertainment,5.0,Low,1.0,No,0
460757,Female,Yes,23,No,Homemaker,11.0,High,3.0,Yes,4
466749,Male,No,21,,Healthcare,1.0,Low,5.0,No,2
463202,Male,No,33,No,Marketing,0.0,Low,3.0,No,2
460199,Female,Yes,39,Yes,Entertainment,5.0,Low,2.0,No,4
466613,Male,No,23,No,Healthcare,8.0,Low,3.0,No,2
459256,Female,Yes,46,Yes,Artist,0.0,High,4.0,Yes,4
465298,Female,Yes,56,Yes,Doctor,1.0,Average,2.0,Yes,4
461687,Female,No,75,Yes,Artist,0.0,High,1.0,Yes,4
467049,Male,No,50,Yes,Artist,1.0,Low,1.0,No,0
465095,Female,Yes,51,Yes,Executive,0.0,High,5.0,Yes,4
467667,Male,Yes,28,No,Doctor,8.0,Low,2.0,No,1
466897,Male,,55,No,Doctor,1.0,High,3.0,Yes,1
463593,Female,No,22,No,Doctor,1.0,Low,5.0,No,2
465182,Female,No,65,Yes,Lawyer,0.0,Low,1.0,No,0
466637,Male,Yes,53,Yes,Artist,0.0,High,4.0,Yes,1
459099,Male,Yes,30,Yes,Doctor,8.0,Average,2.0,Yes,1
464513,Female,Yes,35,Yes,Executive,8.0,High,3.0,Yes,4
459556,Male,Yes,82,Yes,Lawyer,,Low,2.0,No,3
462093,Male,No,33,Yes,Artist,1.0,Low,,No,0
464976,Male,Yes,75,No,Lawyer,1.0,Low,1.0,No,3
463087,Female,Yes,35,Yes,Homemaker,9.0,Average,2.0,No,4
460921,Male,Yes,46,No,Executive,0.0,High,4.0,Yes,1
467328,Female,Yes,52,Yes,Doctor,2.0,Average,3.0,Yes,4
463382,Male,Yes,48,Yes,Engineer,3.0,High,2.0,Yes,1
459448,Male,Yes,40,Yes,Executive,,High,3.0,Yes,1
464766,Female,Yes,50,No,Engineer,6.0,Average,6.0,Yes,4
463565,Female,No,33,Yes,Entertainment,1.0,Low,4.0,No,0
459544,Female,No,23,No,Healthcare,,Low,4.0,No,2
464586,Female,No,46,Yes,Artist,1.0,Low,1.0,No,0
463078,Male,Yes,80,No,Executive,0.0,High,3.0,Yes,3
459692,Female,Yes,68,Yes,Lawyer,9.0,High,1.0,Yes,3
460715,Female,Yes,80,No,Lawyer,0.0,High,2.0,Yes,3
459494,Female,Yes,69,No,Engineer,9.0,Low,3.0,No,4
465612,Male,Yes,37,Yes,Artist,9.0,Average,2.0,No,1
461890,Female,Yes,45,Yes,Artist,0.0,Average,2.0,No,4
466967,Male,Yes,49,Yes,Artist,1.0,Low,1.0,No,1
461330,Male,Yes,57,No,Executive,1.0,High,3.0,Yes,1
464507,Male,Yes,52,Yes,Artist,1.0,High,2.0,Yes,1
462776,Female,Yes,53,Yes,Engineer,1.0,Average,3.0,Yes,4
462855,Male,No,20,No,Healthcare,,Low,,No,2
463868,Male,Yes,48,No,Engineer,0.0,Average,8.0,Yes,1
466728,Female,Yes,27,No,Doctor,0.0,Average,2.0,Yes,4
460176,Female,No,28,Yes,Entertainment,0.0,Low,4.0,No,0
459959,Male,Yes,25,Yes,Artist,9.0,Low,4.0,No,1
464987,Male,Yes,50,No,Executive,0.0,High,4.0,Yes,1
461412,Female,Yes,41,Yes,Artist,5.0,High,3.0,Yes,4
466861,Female,No,21,No,Healthcare,8.0,Low,7.0,No,2
465554,Female,No,85,Yes,Lawyer,0.0,Low,3.0,No,3
465047,Male,Yes,55,Yes,Executive,8.0,High,2.0,Yes,1
462600,Male,Yes,32,No,Engineer,4.0,Average,3.0,Yes,1
464986,Male,Yes,66,No,Lawyer,,High,3.0,Yes,3
464978,Male,Yes,62,No,Executive,0.0,High,2.0,Yes,3
463070,Male,Yes,68,No,Entertainment,1.0,Low,1.0,No,1
467072,Male,Yes,63,No,Executive,1.0,High,3.0,Yes,3
465519,Female,Yes,78,No,Lawyer,3.0,High,3.0,Yes,3
467482,Female,Yes,34,Yes,Executive,2.0,High,4.0,Yes,4
467942,Female,Yes,41,Yes,Artist,1.0,High,4.0,Yes,4
461844,Male,Yes,51,No,Artist,2.0,Average,4.0,No,1
462680,Male,Yes,44,Yes,Doctor,,Average,3.0,Yes,1
461743,Male,Yes,67,Yes,Doctor,1.0,High,2.0,Yes,1
459137,Male,Yes,42,Yes,Artist,7.0,Average,2.0,No,1
463521,Male,Yes,47,Yes,Executive,0.0,High,4.0,Yes,1
465228,Male,No,59,Yes,Artist,0.0,High,1.0,Yes,1
461135,Female,No,19,No,Healthcare,0.0,Low,3.0,No,2
460968,Male,Yes,35,No,Doctor,11.0,Average,2.0,Yes,1
464943,Male,Yes,42,No,Engineer,2.0,Average,7.0,Yes,1
462550,Female,No,23,No,Healthcare,2.0,Low,6.0,No,2
459342,Female,Yes,80,No,Lawyer,2.0,High,3.0,Yes,3
463759,Male,Yes,50,Yes,Executive,9.0,High,5.0,Yes,1
461205,Male,No,27,Yes,Healthcare,,Low,3.0,No,2
463032,Female,Yes,78,No,Lawyer,0.0,High,2.0,Yes,3
464236,Female,Yes,62,Yes,Artist,1.0,High,2.0,Yes,4
462308,Male,No,30,Yes,Healthcare,0.0,High,1.0,Yes,0
463877,Male,Yes,42,No,Entertainment,0.0,Average,4.0,No,1
460937,Male,Yes,43,No,Artist,1.0,High,9.0,Yes,1
460088,Female,Yes,34,Yes,Homemaker,,High,1.0,Yes,4
467499,Male,Yes,40,Yes,Artist,,Low,3.0,No,1
465216,Male,Yes,35,Yes,Executive,8.0,High,4.0,Yes,1
460164,Male,Yes,66,No,Engineer,1.0,Low,2.0,No,1
466185,Male,Yes,56,Yes,Doctor,0.0,Average,3.0,Yes,1
463842,Female,Yes,43,Yes,Engineer,1.0,High,3.0,Yes,4
463119,Female,Yes,88,Yes,Lawyer,,High,2.0,Yes,3
465206,Male,Yes,47,Yes,Artist,13.0,Low,1.0,No,1
461935,Male,Yes,51,Yes,Artist,1.0,Low,3.0,No,1
463864,Male,Yes,81,No,Executive,,High,2.0,Yes,3
463171,Male,Yes,40,No,Entertainment,2.0,High,4.0,Yes,1
461669,Female,Yes,45,No,Engineer,0.0,Average,3.0,Yes,4
464357,Male,No,40,Yes,Artist,7.0,Low,1.0,No,0
463962,Female,,35,Yes,Artist,12.0,Low,2.0,No,4
464230,Male,No,33,No,Engineer,0.0,Low,4.0,No,2
466546,Female,Yes,67,Yes,Lawyer,0.0,High,1.0,Yes,3
459943,Male,No,42,Yes,Entertainment,2.0,Low,3.0,No,0
463820,Male,Yes,42,Yes,Executive,10.0,High,5.0,Yes,1
464920,Male,No,36,Yes,Artist,2.0,Low,1.0,No,0
463726,Female,No,33,No,Healthcare,1.0,Low,3.0,No,2
464888,Male,Yes,37,No,Entertainment,0.0,Low,5.0,No,1
465286,Male,No,36,Yes,Artist,8.0,Low,1.0,No,0
463185,Female,Yes,58,Yes,Artist,1.0,Average,2.0,No,4
459955,Male,No,47,Yes,Engineer,1.0,Low,2.0,No,0
465124,Female,Yes,29,Yes,Healthcare,6.0,Average,2.0,No,4
459986,Male,Yes,60,Yes,Artist,0.0,Low,1.0,No,1
466816,Male,Yes,80,Yes,Lawyer,0.0,High,1.0,Yes,3
467056,Female,No,31,No,Homemaker,8.0,Low,1.0,No,0
459433,Male,No,26,No,Doctor,1.0,Low,4.0,No,2
463732,Male,No,21,No,Healthcare,0.0,Low,4.0,No,2
459783,Female,Yes,18,Yes,Artist,,High,,Yes,4
460494,Female,No,28,No,Marketing,1.0,Low,4.0,No,2
461092,Female,Yes,28,Yes,Homemaker,1.0,High,1.0,Yes,4
467649,Male,Yes,38,Yes,Doctor,0.0,Average,5.0,Yes,1
464249,Male,Yes,80,No,Lawyer,,High,1.0,Yes,3
467328,Female,Yes,55,Yes,Doctor,0.0,Average,4.0,Yes,4
466803,Female,,41,Yes,Marketing,0.0,Low,2.0,No,3
463761,Male,Yes,33,Yes,Artist,1.0,Average,3.0,No,1
460094,Female,No,39,Yes,Artist,0.0,Low,1.0,No,0
462988,Female,Yes,24,Yes,Healthcare,9.0,High,2.0,Yes,4
464172,Female,Yes,59,Yes,Artist,2.0,High,4.0,Yes,4
467855,Male,Yes,31,Yes,Engineer,1.0,Low,2.0,No,1
460836,Female,Yes,33,No,Artist,6.0,Average,2.0,No,4
465742,Female,Yes,45,Yes,Artist,3.0,Low,3.0,No,4
466351,Female,No,22,No,Healthcare,2.0,Low,3.0,No,2
466807,Female,,41,Yes,Healthcare,0.0,Low,1.0,No,4
459198,Female,Yes,66,Yes,Artist,0.0,Average,3.0,No,4
459093,Female,Yes,36,Yes,Doctor,10.0,Average,2.0,Yes,4
460783,Male,Yes,82,Yes,Lawyer,0.0,Low,1.0,No,3
460958,Male,No,26,Yes,Healthcare,1.0,Low,5.0,No,2
464860,Female,Yes,54,No,Engineer,,Average,2.0,Yes,4
459931,Male,Yes,50,Yes,Artist,0.0,Low,1.0,No,1
466417,Female,Yes,79,No,Lawyer,0.0,High,4.0,Yes,3
464896,Male,Yes,76,No,Executive,1.0,High,2.0,Yes,3
459423,Male,No,19,No,Healthcare,9.0,Low,5.0,No,2
460815,Male,No,60,Yes,Artist,0.0,High,1.0,Yes,1
460894,Male,Yes,35,No,Executive,7.0,High,3.0,Yes,1
464243,Female,No,49,Yes,Artist,1.0,Low,2.0,No,0
467110,Male,,64,Yes,Lawyer,0.0,High,1.0,Yes,3
464152,Male,Yes,41,Yes,Artist,0.0,High,5.0,Yes,1
459352,Male,Yes,42,No,Doctor,4.0,Average,5.0,Yes,1
461885,Female,Yes,46,Yes,Artist,4.0,High,5.0,Yes,4
459987,Male,Yes,48,Yes,Healthcare,,High,2.0,Yes,1
464987,Male,Yes,50,Yes,Executive,2.0,High,4.0,Yes,1
467868,Female,Yes,74,Yes,Entertainment,0.0,High,2.0,Yes,3
459559,Female,Yes,43,No,Engineer,,Average,2.0,Yes,4
464481,Male,Yes,44,Yes,Executive,0.0,High,2.0,Yes,1
460615,Female,No,25,Yes,Healthcare,,Low,,No,0
465890,Female,No,39,Yes,Artist,9.0,Low,1.0,No,0
464157,Male,Yes,88,Yes,Marketing,0.0,High,2.0,Yes,3
467501,Male,No,48,Yes,Entertainment,1.0,Low,2.0,No,0
461539,Male,Yes,42,No,Entertainment,6.0,Average,2.0,No,1
465528,Female,Yes,46,Yes,,0.0,Low,2.0,No,4
460932,Female,No,32,Yes,Doctor,8.0,Low,1.0,No,0
467528,Male,Yes,80,Yes,Executive,2.0,High,3.0,Yes,3
463846,Female,Yes,45,Yes,Artist,4.0,Low,1.0,No,4
462068,Male,Yes,55,Yes,Executive,1.0,High,3.0,Yes,1
459296,Male,Yes,70,Yes,Artist,1.0,Average,2.0,No,1
459567,Male,Yes,43,Yes,Doctor,3.0,Average,1.0,Yes,1
463518,Male,Yes,35,No,Executive,5.0,High,5.0,Yes,1
462680,Male,Yes,43,Yes,Doctor,,Average,3.0,Yes,1
460975,Male,Yes,80,,Lawyer,3.0,High,2.0,Yes,3
467611,Male,No,39,Yes,Artist,9.0,Low,1.0,No,0
466201,Male,Yes,45,Yes,Doctor,1.0,Average,6.0,Yes,1
459334,Male,Yes,36,Yes,Healthcare,3.0,Low,3.0,No,1
462244,Male,Yes,80,No,Executive,0.0,High,2.0,Yes,3
463339,Female,Yes,27,Yes,Engineer,4.0,Low,2.0,No,4
460438,Male,Yes,56,No,Executive,0.0,High,4.0,Yes,1
460678,Female,No,31,No,Doctor,6.0,Low,2.0,No,0
465344,Female,Yes,73,Yes,Lawyer,0.0,High,1.0,Yes,3
463772,Female,No,31,No,Healthcare,1.0,Low,3.0,No,2
466623,Male,Yes,56,,Entertainment,4.0,Average,4.0,No,1
464210,Male,No,43,Yes,Marketing,0.0,Low,2.0,No,0
463043,Female,Yes,86,Yes,Lawyer,9.0,High,2.0,Yes,3
461140,Female,No,30,No,Homemaker,3.0,Low,,No,2
462973,Male,Yes,39,Yes,Artist,9.0,Average,2.0,No,1
465445,Female,No,27,Yes,Homemaker,6.0,Low,7.0,No,2
465035,Female,Yes,75,Yes,Lawyer,14.0,High,2.0,Yes,3
459419,Male,Yes,67,Yes,Doctor,0.0,Average,1.0,Yes,1
465167,Female,Yes,42,Yes,Artist,9.0,Average,3.0,No,4
462742,Male,No,18,No,Healthcare,0.0,Low,3.0,No,2
464359,Female,No,37,Yes,Artist,0.0,Low,3.0,No,0
467020,Male,Yes,77,Yes,Lawyer,0.0,High,2.0,Yes,3
467802,Female,Yes,43,Yes,Artist,2.0,High,4.0,Yes,4
464137,Female,Yes,69,Yes,Artist,6.0,High,2.0,Yes,4
462292,Male,Yes,65,Yes,Artist,1.0,Low,1.0,No,1
466092,Male,Yes,65,Yes,Artist,1.0,Average,4.0,No,1
465883,Male,Yes,33,No,Artist,,Low,4.0,No,1
459236,Female,Yes,86,No,Lawyer,0.0,High,2.0,Yes,3
461364,Female,No,46,No,Doctor,0.0,Low,2.0,No,0
462495,Male,Yes,80,No,Lawyer,1.0,High,2.0,Yes,3
465032,Male,Yes,72,Yes,Executive,0.0,High,2.0,Yes,3
466353,Female,No,38,Yes,Engineer,0.0,Average,2.0,Yes,0
465083,Male,Yes,56,No,Artist,1.0,Average,3.0,No,1
460205,Male,Yes,55,Yes,Artist,4.0,Low,2.0,No,1
459162,Female,Yes,80,Yes,Lawyer,0.0,High,3.0,Yes,3
465342,Male,Yes,80,Yes,Executive,2.0,High,3.0,Yes,3
460968,Male,Yes,32,No,Doctor,10.0,Average,2.0,Yes,1
464197,Male,Yes,29,No,Healthcare,5.0,Low,2.0,No,1
462572,Female,Yes,34,No,Engineer,3.0,Average,6.0,Yes,4
460735,Male,Yes,35,Yes,Engineer,0.0,Average,4.0,Yes,1
459232,Female,Yes,61,Yes,Artist,0.0,High,2.0,Yes,4
462388,Female,Yes,48,Yes,Artist,1.0,High,6.0,Yes,4
463949,Female,Yes,54,No,Executive,0.0,High,4.0,Yes,4
464244,Female,Yes,73,Yes,Executive,1.0,High,4.0,Yes,3
462661,Female,Yes,61,Yes,Artist,1.0,High,4.0,Yes,4
463140,Male,Yes,31,No,Engineer,5.0,Average,3.0,Yes,1
459356,Male,No,63,Yes,Artist,4.0,Low,1.0,No,0
464273,Female,No,26,No,Artist,2.0,Low,2.0,No,0
465017,Male,Yes,53,Yes,Executive,1.0,High,5.0,Yes,1
460111,Male,Yes,69,Yes,Executive,9.0,High,3.0,Yes,1
466022,Female,Yes,63,No,Engineer,,High,3.0,Yes,4
464185,Male,Yes,60,Yes,Artist,5.0,High,1.0,Yes,1
462541,Male,Yes,72,Yes,Engineer,5.0,High,1.0,Yes,1
463404,Male,Yes,26,Yes,Doctor,,High,3.0,Yes,1
465761,Female,No,42,Yes,Artist,12.0,Low,2.0,No,0
460487,Female,No,42,No,Homemaker,,Low,1.0,No,2
461487,Male,Yes,50,Yes,Artist,1.0,Average,4.0,No,1
466058,Male,Yes,35,No,Entertainment,1.0,Low,,No,1
461832,Male,No,31,Yes,Healthcare,,Low,3.0,No,0
466827,Male,Yes,37,No,Entertainment,0.0,Average,4.0,No,1
462243,Male,Yes,43,No,Executive,1.0,Low,4.0,No,1
463704,Male,No,45,Yes,Artist,1.0,Low,2.0,No,0
462791,Female,No,33,No,Healthcare,7.0,Low,4.0,No,2
459762,Female,Yes,45,Yes,Artist,8.0,Average,2.0,No,4
465050,Male,Yes,78,Yes,Lawyer,0.0,High,2.0,Yes,3
464802,Male,No,40,No,Entertainment,1.0,Low,1.0,No,0
459388,Female,,25,Yes,Homemaker,,Low,1.0,No,4
466696,Female,Yes,48,Yes,Artist,2.0,Average,4.0,No,4
462351,Male,Yes,77,No,Lawyer,1.0,High,2.0,Yes,3
466303,Female,Yes,72,No,Lawyer,0.0,High,1.0,Yes,3
464137,Female,Yes,70,No,Artist,4.0,High,1.0,Yes,4
467314,Male,Yes,43,No,Artist,0.0,Average,2.0,No,1
462297,Female,No,29,Yes,Artist,14.0,Low,2.0,No,0
467721,Male,No,41,Yes,Entertainment,0.0,Low,1.0,No,0
464004,Female,Yes,26,No,Marketing,0.0,Low,5.0,No,2
467624,Male,Yes,35,No,Entertainment,0.0,Average,5.0,No,1
461581,Female,Yes,56,Yes,Lawyer,1.0,High,4.0,Yes,3
462577,Female,Yes,65,Yes,Marketing,0.0,High,1.0,Yes,3
459228,Female,Yes,52,Yes,Artist,0.0,Average,4.0,No,4
463901,Male,Yes,35,No,Artist,0.0,Low,6.0,No,1
462581,Female,No,28,No,Engineer,1.0,Low,4.0,No,2
460319,Female,Yes,38,No,Doctor,2.0,Average,1.0,Yes,4
464032,Male,No,20,No,Healthcare,1.0,Low,3.0,No,2
463860,Female,Yes,37,No,Healthcare,1.0,High,4.0,Yes,4
466403,Female,Yes,49,No,Engineer,1.0,Average,4.0,Yes,4
463293,Female,No,20,No,Healthcare,1.0,Low,3.0,No,2
465145,Male,Yes,45,Yes,Artist,0.0,Average,2.0,No,1
459270,Male,Yes,61,Yes,Homemaker,2.0,High,2.0,Yes,3
459407,Female,No,37,Yes,Doctor,0.0,Low,3.0,No,0
466359,Male,No,22,No,Healthcare,0.0,Low,4.0,No,2
463376,Female,Yes,46,Yes,Executive,9.0,High,3.0,Yes,4
464841,Male,,18,Yes,Entertainment,0.0,High,2.0,Yes,1
461351,Female,No,26,No,Doctor,0.0,Low,2.0,No,2
459618,Male,Yes,55,No,Doctor,1.0,Average,3.0,Yes,1
466830,Male,No,28,Yes,Healthcare,5.0,Low,4.0,No,2
459194,Male,Yes,80,Yes,Lawyer,2.0,High,3.0,Yes,3
464998,Male,Yes,59,Yes,Artist,1.0,High,2.0,Yes,1
467713,Female,Yes,38,No,Executive,,Average,4.0,No,4
458982,Male,Yes,58,Yes,Executive,3.0,High,3.0,Yes,1
465217,Male,No,57,No,Executive,2.0,High,5.0,Yes,2
461361,Female,No,31,Yes,Healthcare,9.0,Low,7.0,No,2
466139,Female,No,51,No,Doctor,0.0,Average,3.0,Yes,2
461838,Male,Yes,49,Yes,Artist,0.0,Low,1.0,No,1
461337,Male,Yes,50,Yes,Executive,1.0,High,3.0,Yes,1
460442,Male,Yes,37,Yes,Entertainment,0.0,Average,3.0,No,1
458990,Female,Yes,76,No,Lawyer,3.0,High,3.0,Yes,3
463850,Male,Yes,26,No,Entertainment,0.0,High,2.0,Yes,1
467184,Male,Yes,55,No,Engineer,2.0,Average,3.0,Yes,1
459154,Male,Yes,80,Yes,Lawyer,0.0,High,2.0,Yes,3
460074,Female,No,48,Yes,Lawyer,4.0,Low,1.0,No,0
461915,Male,Yes,51,No,Artist,,Average,2.0,No,1
461845,Female,Yes,46,Yes,Doctor,1.0,Average,4.0,Yes,4
461969,Female,Yes,46,No,Engineer,9.0,Average,1.0,Yes,4
461597,Female,Yes,36,Yes,Doctor,0.0,Average,4.0,Yes,4
462908,Male,Yes,22,Yes,Executive,9.0,High,4.0,Yes,1
462936,Female,No,43,Yes,Engineer,,Low,1.0,No,0
466922,Female,No,22,No,Healthcare,0.0,Low,,No,2
464508,Male,Yes,48,No,Executive,2.0,High,4.0,Yes,1
461232,Female,Yes,36,Yes,Executive,,High,,Yes,4
462613,Female,Yes,35,No,Engineer,0.0,Average,5.0,Yes,4
460921,Male,Yes,43,No,Executive,0.0,High,3.0,Yes,1
464322,Male,Yes,79,Yes,Lawyer,0.0,Low,2.0,No,3
460427,Male,Yes,46,Yes,Artist,1.0,Average,3.0,No,1
462474,Female,Yes,25,No,Engineer,1.0,Average,2.0,Yes,4
461685,Female,No,30,Yes,Healthcare,4.0,Low,4.0,No,0
464188,Female,No,33,No,Doctor,1.0,Low,3.0,No,2
467825,Female,No,21,No,Marketing,1.0,Low,8.0,No,2
459662,Male,Yes,55,Yes,Entertainment,2.0,High,4.0,Yes,1
467220,Female,No,36,No,,,Low,,No,2
463100,Female,No,37,No,Homemaker,8.0,Low,1.0,No,0
466470,Male,Yes,67,Yes,Homemaker,1.0,Average,2.0,No,3
467863,Male,Yes,34,Yes,Doctor,0.0,Average,4.0,Yes,1
463094,Male,Yes,37,Yes,Engineer,11.0,Average,4.0,Yes,1
466985,Female,Yes,45,No,Engineer,0.0,Average,7.0,Yes,4
461522,Male,Yes,80,No,Executive,1.0,High,2.0,Yes,3
465765,Male,Yes,52,No,Entertainment,0.0,Average,2.0,No,1
464977,Female,Yes,66,No,,1.0,Average,2.0,No,4
465536,Female,Yes,33,Yes,Doctor,,Average,2.0,Yes,4
462488,Male,No,33,Yes,Healthcare,0.0,Low,5.0,No,2
464896,Male,Yes,75,No,Executive,0.0,High,2.0,Yes,3
459225,Female,Yes,49,Yes,Artist,0.0,Average,4.0,No,4
467132,Female,Yes,66,Yes,Engineer,0.0,Low,2.0,No,4
467922,Male,Yes,80,Yes,Entertainment,0.0,High,1.0,Yes,3
463459,Male,Yes,73,Yes,Artist,5.0,High,3.0,Yes,1
463108,Male,Yes,64,Yes,Lawyer,7.0,High,1.0,Yes,3
464220,Male,Yes,65,Yes,Executive,1.0,High,2.0,Yes,3
466446,Female,No,45,Yes,Artist,2.0,High,3.0,Yes,4
463377,Female,Yes,30,Yes,Homemaker,3.0,High,1.0,Yes,4
461861,Female,No,26,Yes,Healthcare,1.0,Low,5.0,No,2
460457,Female,No,43,Yes,Entertainment,8.0,Low,,No,0
467972,Male,No,22,No,Artist,1.0,Low,3.0,No,2
464111,Male,Yes,57,Yes,Artist,0.0,Average,3.0,No,1
459272,Female,Yes,60,Yes,Artist,0.0,High,2.0,Yes,4
467708,Female,No,42,Yes,Healthcare,8.0,Low,1.0,No,0
462049,Male,Yes,39,Yes,Artist,14.0,Average,2.0,No,1
460075,Female,No,25,Yes,Artist,,Low,1.0,No,0
466941,Male,Yes,80,Yes,Lawyer,,High,2.0,Yes,3
460448,Female,No,38,Yes,Artist,9.0,Low,1.0,No,0
462872,Female,Yes,47,No,Engineer,10.0,Low,2.0,No,4
462176,Male,Yes,29,No,Executive,0.0,Average,2.0,No,1
461310,Male,No,20,No,Marketing,,Low,5.0,No,2
466593,Male,Yes,70,Yes,Lawyer,0.0,High,3.0,Yes,3
460831,Male,No,21,No,Healthcare,0.0,Low,4.0,No,2
460713,Male,Yes,50,Yes,Doctor,0.0,Average,2.0,Yes,1
466913,Male,Yes,65,Yes,Lawyer,0.0,Low,1.0,No,3
466361,Female,Yes,72,Yes,Lawyer,1.0,High,2.0,Yes,3
464506,Male,No,32,Yes,Healthcare,8.0,Low,2.0,No,0
464394,Male,Yes,78,Yes,Lawyer,0.0,High,1.0,Yes,3
462886,Male,Yes,67,No,Doctor,2.0,High,2.0,Yes,1
459928,Female,No,35,Yes,Artist,7.0,Low,1.0,No,0
463323,Male,Yes,31,Yes,Healthcare,2.0,Low,2.0,No,1
463295,Male,No,28,No,Entertainment,0.0,Low,3.0,No,2
464436,Male,Yes,80,Yes,Lawyer,2.0,High,2.0,Yes,3
466825,Female,Yes,41,Yes,Artist,1.0,Low,2.0,No,4
464566,Male,Yes,35,Yes,Executive,0.0,High,4.0,Yes,1
463650,Male,No,29,No,Doctor,1.0,Low,3.0,No,2
465952,Male,No,25,Yes,Healthcare,8.0,Low,3.0,No,0
462639,Male,Yes,48,No,Engineer,,Average,3.0,Yes,1
463441,Male,Yes,46,Yes,Artist,8.0,High,3.0,Yes,1
466648,Female,Yes,40,Yes,Executive,7.0,High,3.0,Yes,4
464815,Male,Yes,26,No,Doctor,3.0,High,10.0,Yes,1
461688,Male,Yes,37,Yes,Executive,7.0,High,1.0,Yes,1
463359,Male,No,23,No,Healthcare,1.0,Low,4.0,No,2
466956,Female,Yes,55,Yes,Artist,1.0,Low,1.0,No,4
464762,Male,Yes,48,No,Engineer,8.0,Average,4.0,Yes,1
464132,Male,No,28,No,Entertainment,1.0,Low,2.0,No,2
462145,Female,No,39,Yes,Homemaker,10.0,Low,1.0,No,0
467305,Female,Yes,38,Yes,Homemaker,8.0,Average,3.0,No,4
464164,Female,Yes,79,Yes,Lawyer,0.0,High,3.0,Yes,3
459745,Male,Yes,47,No,Artist,0.0,Low,4.0,No,1
460119,Male,No,26,Yes,Healthcare,0.0,Low,4.0,No,2
463701,Male,Yes,50,Yes,Marketing,0.0,High,4.0,Yes,3
467378,Female,Yes,56,Yes,Artist,1.0,Average,2.0,No,4
460060,Male,Yes,26,No,Engineer,5.0,Average,3.0,Yes,1
459487,Male,Yes,67,No,Lawyer,,Low,,No,3
467149,Male,Yes,43,Yes,Artist,9.0,Average,3.0,No,1
464749,Female,Yes,42,No,Engineer,7.0,Average,3.0,Yes,4
460813,Female,Yes,80,No,Lawyer,0.0,High,3.0,Yes,3
463988,Female,Yes,35,Yes,Entertainment,9.0,Average,2.0,No,4
466721,Male,Yes,36,Yes,Doctor,7.0,Average,2.0,Yes,1
464093,Female,No,25,No,Engineer,1.0,Low,,No,2
460129,Female,No,25,Yes,Engineer,8.0,Low,2.0,No,0
466229,Male,Yes,58,Yes,Executive,0.0,High,2.0,Yes,1
461964,Female,No,23,No,Healthcare,0.0,Low,4.0,No,2
463452,Female,Yes,80,Yes,Lawyer,0.0,High,1.0,Yes,3
459695,Female,Yes,30,Yes,Artist,,High,1.0,Yes,4
465214,Male,Yes,25,No,Engineer,14.0,Low,1.0,No,1
459192,Male,Yes,35,Yes,Artist,3.0,Average,3.0,No,1
467801,Male,Yes,48,Yes,Doctor,0.0,Average,2.0,Yes,1
463884,Female,No,26,No,Artist,1.0,Low,1.0,No,0
459149,Male,Yes,48,No,Executive,1.0,High,5.0,Yes,1
460985,Male,Yes,59,Yes,Engineer,0.0,Average,3.0,Yes,1
459061,Male,Yes,40,Yes,Healthcare,7.0,High,2.0,Yes,1
463692,Female,Yes,26,Yes,Healthcare,7.0,High,6.0,Yes,4
465466,Male,,31,No,Healthcare,1.0,Low,3.0,No,2
467742,Male,Yes,56,Yes,Artist,2.0,High,3.0,Yes,1
462619,Male,,66,No,,2.0,High,,Yes,1
461284,Male,No,23,No,Artist,1.0,Low,4.0,No,2
461475,Female,Yes,48,Yes,Doctor,0.0,Average,3.0,Yes,4
462868,Male,Yes,36,No,Entertainment,0.0,Average,4.0,No,1
464630,Female,Yes,52,No,Engineer,0.0,Low,6.0,No,4
467340,Female,Yes,77,Yes,Lawyer,0.0,High,2.0,Yes,3
465676,Female,Yes,51,Yes,Entertainment,,Average,2.0,No,4
461716,Male,Yes,59,Yes,Lawyer,5.0,High,9.0,Yes,1
459245,Female,Yes,38,No,Engineer,0.0,Average,4.0,Yes,4
462815,Male,Yes,84,No,Lawyer,1.0,Low,1.0,No,3
460581,Male,Yes,27,Yes,Healthcare,2.0,Average,2.0,No,1
466539,Female,Yes,78,No,Lawyer,0.0,High,3.0,Yes,3
461025,Male,Yes,37,Yes,Executive,0.0,High,5.0,Yes,1
466062,Male,Yes,56,Yes,Artist,4.0,Low,3.0,No,1
467015,Male,Yes,49,Yes,Artist,0.0,Average,2.0,No,1
461231,Male,Yes,52,Yes,Artist,2.0,High,1.0,Yes,1
465035,Female,Yes,74,Yes,Lawyer,10.0,High,2.0,Yes,3
463103,Male,Yes,45,No,Executive,1.0,Average,4.0,No,1
467342,Female,No,33,Yes,Artist,1.0,Low,2.0,No,0
460757,Male,Yes,31,Yes,Homemaker,8.0,High,3.0,Yes,1
459207,Female,Yes,63,,Doctor,0.0,Average,3.0,Yes,4
460858,Male,No,19,No,Healthcare,1.0,Low,4.0,No,2
463523,Male,Yes,60,Yes,Executive,1.0,High,4.0,Yes,1
465682,Male,Yes,39,Yes,Artist,0.0,Low,4.0,No,1
466604,Male,No,32,Yes,Healthcare,1.0,Low,,No,0
467642,Male,Yes,46,Yes,Artist,2.0,Average,4.0,No,1
467544,Male,Yes,56,No,Artist,0.0,Low,2.0,No,1
459117,Male,Yes,69,Yes,Artist,1.0,High,1.0,Yes,1
465016,Male,Yes,78,No,Executive,0.0,High,2.0,Yes,3
464694,Female,No,30,No,Engineer,1.0,Low,3.0,No,2
459838,Female,Yes,80,No,Lawyer,0.0,High,2.0,Yes,3
460981,Female,Yes,42,No,Marketing,0.0,Average,2.0,No,3
460522,Female,Yes,29,No,Homemaker,,Average,2.0,No,4
465105,Male,Yes,69,No,Executive,9.0,Average,2.0,No,1
462291,Female,No,36,Yes,Marketing,,Low,3.0,No,2
467910,Female,No,21,No,Doctor,1.0,Low,3.0,No,2
464450,Female,Yes,58,Yes,Artist,0.0,High,2.0,Yes,4
465389,Male,Yes,46,Yes,Artist,1.0,Low,2.0,No,1
467039,Male,Yes,26,No,Homemaker,9.0,Average,2.0,No,1
464678,Male,Yes,47,Yes,Executive,1.0,High,5.0,Yes,1
460231,Male,Yes,63,Yes,Executive,13.0,High,3.0,Yes,1
467573,Male,Yes,45,Yes,Artist,6.0,Average,4.0,No,1
461041,Female,Yes,70,No,Lawyer,0.0,High,7.0,Yes,3
464249,Female,Yes,80,No,Lawyer,,High,3.0,Yes,3
463137,Female,No,31,Yes,Homemaker,8.0,Low,1.0,No,0
459687,Male,Yes,50,No,Executive,,High,4.0,Yes,1
463584,Female,No,22,No,Engineer,,Low,3.0,No,2
464418,Male,Yes,43,Yes,Artist,8.0,Average,2.0,No,1
463291,Male,Yes,33,No,Engineer,5.0,Average,3.0,Yes,1
461167,Male,No,25,Yes,Marketing,1.0,High,3.0,Yes,2
464325,Male,Yes,30,Yes,Healthcare,6.0,High,3.0,Yes,1
467328,Female,Yes,54,No,Doctor,1.0,Average,3.0,Yes,4
459586,Male,Yes,73,No,Executive,1.0,Low,,No,3
463693,Male,No,35,No,Artist,7.0,High,3.0,Yes,1
462614,Male,Yes,51,No,Entertainment,1.0,Average,5.0,No,1
460867,Male,Yes,39,No,Doctor,1.0,Average,5.0,Yes,1
461033,Male,Yes,55,Yes,Doctor,6.0,Average,2.0,Yes,1
461021,Female,,58,No,Executive,1.0,Average,3.0,No,4
463587,Female,No,27,No,Engineer,1.0,Low,4.0,No,2
466047,Male,No,32,No,,0.0,Low,5.0,No,2
462418,Male,Yes,63,No,Engineer,8.0,Average,4.0,Yes,1
463148,Male,Yes,63,Yes,Marketing,3.0,High,4.0,Yes,3
459248,Male,Yes,58,Yes,Executive,3.0,Average,4.0,No,1
459229,Female,Yes,65,Yes,Lawyer,0.0,Average,4.0,Yes,3
465222,Male,Yes,69,No,Doctor,8.0,Low,2.0,No,1
460411,Female,Yes,42,Yes,Healthcare,6.0,High,2.0,Yes,4
463690,Female,No,28,No,Healthcare,7.0,Low,4.0,No,2
465448,Male,No,32,No,Healthcare,0.0,Low,3.0,No,2
462621,Female,Yes,49,No,Engineer,4.0,Average,4.0,Yes,4
462019,Female,Yes,56,Yes,Artist,5.0,Average,4.0,No,4
466445,Female,,21,No,Healthcare,,Low,4.0,No,2
460330,Female,No,51,Yes,Entertainment,4.0,Low,1.0,No,0
465974,Male,Yes,52,Yes,Executive,7.0,High,4.0,Yes,1
466840,Male,No,20,No,Healthcare,4.0,Low,5.0,No,2
464962,Male,Yes,53,Yes,Executive,1.0,High,4.0,Yes,1
461525,Male,Yes,68,Yes,Entertainment,1.0,Low,2.0,No,1
459805,Female,Yes,45,No,Artist,4.0,Average,4.0,No,4
467269,Male,Yes,65,Yes,Artist,0.0,Average,2.0,No,1
463606,Male,No,22,No,Marketing,0.0,Low,4.0,No,2
459156,Female,Yes,79,Yes,Lawyer,1.0,High,2.0,Yes,3
465706,Female,Yes,46,Yes,Artist,1.0,Average,3.0,No,4
459563,Male,Yes,72,Yes,Entertainment,7.0,Low,2.0,No,1
463927,Female,No,53,Yes,Engineer,1.0,Low,2.0,No,0
464994,Male,Yes,58,Yes,Executive,8.0,High,5.0,Yes,1
460819,Female,Yes,22,No,Marketing,2.0,High,4.0,Yes,4
463725,Male,Yes,46,Yes,Artist,1.0,Low,2.0,No,1
460512,Female,Yes,45,Yes,Engineer,0.0,High,4.0,Yes,4
464730,Male,Yes,41,No,Executive,0.0,High,6.0,Yes,1
465452,Male,Yes,47,No,Entertainment,0.0,High,5.0,Yes,1
462037,Female,Yes,59,No,Engineer,3.0,High,4.0,Yes,4
465797,Male,Yes,36,Yes,Artist,1.0,Average,2.0,No,1
462022,Female,Yes,37,Yes,Artist,1.0,Average,3.0,No,4
461562,Male,Yes,51,Yes,Artist,,Average,4.0,No,1
465621,Male,No,42,Yes,Doctor,8.0,Low,1.0,No,0
461358,Male,No,42,No,Entertainment,1.0,Low,3.0,No,2
461177,Male,Yes,36,No,Executive,8.0,Average,4.0,No,1
464943,Female,Yes,37,No,Engineer,1.0,Average,6.0,Yes,4
467532,Male,Yes,53,Yes,Artist,8.0,Low,1.0,No,1
464182,Male,Yes,35,Yes,Artist,4.0,Average,2.0,No,1
462934,Female,Yes,57,No,Executive,,High,3.0,Yes,4
459695,Female,Yes,32,Yes,Artist,,High,3.0,Yes,4
463446,Male,Yes,58,Yes,Artist,0.0,Average,3.0,No,1
461480,Female,Yes,67,Yes,Artist,2.0,High,4.0,Yes,4
465523,Female,Yes,42,Yes,Engineer,0.0,High,6.0,Yes,4
461734,Female,Yes,80,No,,,High,3.0,Yes,4
461769,Male,No,40,Yes,Artist,0.0,Low,1.0,No,0
459699,Female,,61,Yes,Engineer,9.0,Average,3.0,Yes,4
460328,Female,No,52,Yes,Artist,1.0,Low,2.0,No,0
465465,Female,Yes,28,Yes,Artist,8.0,Low,2.0,No,4
465716,Female,No,59,Yes,Artist,0.0,Low,2.0,No,0
461145,Female,Yes,36,Yes,Entertainment,0.0,Low,2.0,No,4
461779,Female,Yes,78,Yes,Lawyer,0.0,High,1.0,Yes,3
462683,Female,Yes,38,No,Engineer,1.0,Low,5.0,No,4
467034,Male,Yes,80,No,Executive,0.0,High,3.0,Yes,3
466159,Female,Yes,50,Yes,Engineer,4.0,Average,4.0,Yes,4
459178,Male,Yes,43,Yes,Executive,0.0,High,5.0,Yes,1
459500,Male,Yes,37,Yes,Entertainment,1.0,Average,4.0,No,1
462133,Male,Yes,48,Yes,Doctor,7.0,High,4.0,Yes,1
463685,Female,No,27,Yes,Healthcare,1.0,Low,5.0,No,2
462938,Female,No,50,Yes,Artist,6.0,Low,1.0,No,0
465945,Female,No,52,Yes,Artist,0.0,Low,1.0,No,0
462518,Female,No,26,No,Healthcare,0.0,Low,6.0,No,2
466443,Female,Yes,68,Yes,Artist,4.0,Low,2.0,No,4
462747,Male,No,25,No,Doctor,7.0,Low,4.0,No,2
462634,Female,Yes,43,No,Artist,0.0,Average,3.0,No,4
462225,Male,Yes,54,No,Engineer,0.0,Average,7.0,Yes,1
464704,Male,Yes,42,Yes,Healthcare,0.0,Average,4.0,No,1
467157,Male,No,39,Yes,Executive,11.0,High,7.0,Yes,1
464102,Female,Yes,63,Yes,Artist,7.0,Average,3.0,No,4
465803,Male,Yes,32,,,2.0,High,5.0,Yes,1
466390,Female,Yes,61,Yes,Homemaker,1.0,Average,,No,3
463414,Male,Yes,25,No,Executive,0.0,High,3.0,Yes,1
467111,Male,Yes,72,Yes,Artist,0.0,Low,1.0,No,1
466240,Male,No,21,No,Healthcare,0.0,Low,3.0,No,2
459062,Male,Yes,50,Yes,Executive,,High,5.0,Yes,1
461588,Male,No,33,Yes,Marketing,0.0,Low,4.0,No,2
463651,Female,No,36,Yes,Healthcare,1.0,Low,2.0,No,0
461488,Male,Yes,53,Yes,Artist,6.0,Average,2.0,No,1
460159,Female,No,18,No,Entertainment,1.0,Low,7.0,No,2
466570,Female,Yes,40,Yes,Artist,0.0,Average,3.0,No,4
464385,Male,Yes,67,No,Engineer,0.0,Average,3.0,Yes,1
466988,Female,No,72,Yes,Lawyer,0.0,Low,,No,0
463439,Male,Yes,42,Yes,Artist,9.0,Average,3.0,No,1
462396,Male,No,53,No,Doctor,,Average,3.0,Yes,2
467478,Female,Yes,39,Yes,Artist,0.0,Average,4.0,No,4
462498,Female,Yes,53,Yes,Doctor,0.0,Average,3.0,Yes,4
462651,Male,Yes,38,No,Executive,,High,6.0,Yes,1
462860,Male,No,30,Yes,Healthcare,8.0,Low,5.0,No,2
462590,Female,Yes,26,No,Engineer,,Average,3.0,Yes,4
465918,Female,No,39,Yes,Artist,5.0,Low,3.0,No,0
460735,Male,Yes,39,No,Engineer,1.0,Average,3.0,Yes,1
459711,Male,Yes,37,No,Executive,8.0,High,7.0,Yes,1
466353,Female,Yes,36,Yes,Engineer,1.0,Average,2.0,Yes,4
464454,Female,Yes,52,Yes,Engineer,9.0,High,4.0,Yes,4
463922,Female,No,32,No,Healthcare,2.0,Low,5.0,No,2
465780,Female,No,23,No,Healthcare,1.0,Low,4.0,No,2
464886,Male,No,43,Yes,Engineer,1.0,Average,3.0,Yes,0
466681,Male,No,19,No,Healthcare,2.0,Low,4.0,No,2
459079,Male,Yes,80,Yes,Lawyer,,High,1.0,Yes,3
459739,Male,No,71,Yes,Engineer,2.0,High,,Yes,1
459036,Female,Yes,20,Yes,Lawyer,1.0,Average,3.0,Yes,4
463823,Female,No,29,No,Marketing,8.0,Low,4.0,No,2
464218,Female,Yes,80,No,Lawyer,1.0,High,1.0,Yes,3
460035,Female,No,25,Yes,Artist,0.0,Low,6.0,No,2
461790,Male,Yes,75,Yes,Artist,0.0,High,3.0,Yes,1
461405,Male,No,39,Yes,Artist,1.0,Low,1.0,No,0
460081,Male,No,33,No,Artist,8.0,High,2.0,Yes,0
459676,Female,No,28,Yes,Artist,,Low,2.0,No,0
467940,Female,No,29,No,Marketing,9.0,Low,4.0,No,2
467405,Female,No,37,Yes,Artist,1.0,Low,1.0,No,0
459320,Male,Yes,26,Yes,Executive,0.0,Low,3.0,No,1
462708,Male,No,27,Yes,Executive,10.0,High,2.0,Yes,0
461226,Male,Yes,51,Yes,,1.0,Low,2.0,No,1
467070,Male,Yes,40,No,Executive,5.0,Low,4.0,No,1
462146,Male,Yes,69,Yes,Lawyer,0.0,High,4.0,Yes,3
467736,Female,Yes,76,Yes,Lawyer,2.0,High,,Yes,3
463341,Female,Yes,50,No,Engineer,1.0,Average,5.0,Yes,4
463318,Male,Yes,65,Yes,Lawyer,0.0,Low,2.0,No,3
463142,Female,No,33,Yes,Artist,5.0,Low,2.0,No,0
463030,Male,Yes,55,Yes,Executive,3.0,High,2.0,Yes,1
461736,Male,Yes,47,Yes,Entertainment,1.0,Average,4.0,No,1
464079,Female,Yes,38,No,Doctor,14.0,Average,1.0,Yes,4
460552,Male,Yes,61,Yes,Artist,0.0,Low,2.0,No,1
463542,Female,Yes,29,No,Artist,7.0,High,6.0,Yes,4
465213,Male,Yes,38,Yes,Entertainment,2.0,Average,2.0,No,1
460891,Female,Yes,36,No,Artist,2.0,Average,4.0,No,4
463934,Female,Yes,43,Yes,Artist,3.0,Average,2.0,No,4
461612,Female,No,31,Yes,Healthcare,8.0,Low,5.0,No,2
467155,Male,Yes,48,No,Executive,2.0,High,3.0,Yes,1
464955,Female,Yes,36,No,Engineer,2.0,Average,5.0,Yes,4
464331,Female,No,53,Yes,Engineer,0.0,Low,1.0,No,0
462863,Male,No,29,Yes,Homemaker,5.0,Low,1.0,No,0
467912,Male,Yes,61,Yes,Entertainment,1.0,Low,2.0,No,1
467596,Male,Yes,37,No,Artist,1.0,Low,5.0,No,1
460861,Male,No,21,No,Healthcare,1.0,Low,3.0,No,2
463406,Male,No,33,No,Marketing,0.0,Low,4.0,No,2
464500,Female,,39,Yes,Artist,1.0,Low,3.0,No,4
462035,Female,No,37,Yes,Artist,3.0,Low,1.0,No,0
462427,Male,Yes,87,Yes,Lawyer,9.0,Low,4.0,No,3
463045,Female,Yes,34,Yes,Homemaker,14.0,High,8.0,Yes,4
465481,Female,No,28,No,Artist,1.0,Low,4.0,No,2
459259,Male,Yes,74,Yes,Lawyer,,High,2.0,Yes,3
461236,Female,No,30,Yes,Healthcare,9.0,Low,1.0,No,0
467628,Male,Yes,73,No,Executive,,High,3.0,Yes,3
467486,Female,Yes,51,Yes,Engineer,0.0,Average,4.0,Yes,4
462920,Male,Yes,47,No,Executive,2.0,High,6.0,Yes,1
461476,Male,Yes,53,Yes,Artist,1.0,Average,4.0,No,1
466098,Male,Yes,78,Yes,Lawyer,1.0,High,2.0,Yes,3
461392,Male,Yes,71,Yes,Artist,0.0,Average,5.0,No,1
463530,Female,No,32,No,Entertainment,12.0,Low,5.0,No,2
461467,Female,Yes,78,,Lawyer,,High,1.0,Yes,3
460169,Female,Yes,80,Yes,Lawyer,1.0,High,1.0,Yes,3
465604,Female,Yes,44,No,Engineer,10.0,Average,3.0,Yes,4
463663,Female,No,37,Yes,,0.0,Low,2.0,No,0
459677,Male,Yes,25,Yes,Artist,8.0,Average,2.0,No,1
459324,Female,No,18,No,Healthcare,1.0,Low,3.0,No,2
462611,Male,Yes,39,No,Executive,1.0,High,7.0,Yes,1
460911,Male,No,25,Yes,Healthcare,1.0,Low,4.0,No,2
463693,Male,Yes,40,Yes,Artist,8.0,High,2.0,Yes,1
459044,Male,Yes,38,Yes,Artist,4.0,Average,3.0,No,1
467382,Male,No,38,Yes,Doctor,10.0,Average,3.0,Yes,0
466436,Male,Yes,41,No,Doctor,1.0,Average,3.0,Yes,1
467761,Male,No,39,Yes,Artist,1.0,Low,2.0,No,0
463766,Female,Yes,57,Yes,Artist,1.0,Average,3.0,No,4
459172,Male,No,21,No,Healthcare,3.0,Low,3.0,No,2
464767,Female,Yes,58,No,Engineer,9.0,Average,3.0,Yes,4
459031,Female,Yes,44,No,Executive,3.0,High,5.0,Yes,4
467563,Male,Yes,39,Yes,Artist,0.0,Average,2.0,No,1
464588,Female,Yes,35,Yes,Artist,0.0,Low,2.0,No,4
466785,Male,No,41,Yes,Marketing,0.0,Low,2.0,No,0
459811,Male,Yes,46,Yes,Artist,2.0,High,4.0,Yes,1
460156,Male,No,32,Yes,Healthcare,1.0,Low,3.0,No,0
463655,Male,Yes,39,Yes,Artist,13.0,Low,2.0,No,1
463239,Female,No,30,No,Doctor,1.0,Low,3.0,No,2
464815,Male,Yes,22,No,Doctor,2.0,High,9.0,Yes,1
463088,Female,No,80,Yes,Lawyer,0.0,High,3.0,Yes,3
459903,Male,Yes,27,Yes,Entertainment,9.0,Low,4.0,No,1
465691,Male,No,26,Yes,Artist,,Low,,No,0
464047,Male,No,43,Yes,Healthcare,3.0,Low,3.0,No,0
462208,Female,Yes,33,No,Engineer,7.0,Average,5.0,Yes,4
461745,Male,Yes,46,No,Entertainment,8.0,Low,1.0,No,1
461827,Male,Yes,57,Yes,Artist,0.0,Low,1.0,No,1
459425,Female,Yes,87,Yes,Lawyer,0.0,High,2.0,Yes,3
460315,Female,No,40,No,Doctor,14.0,Low,6.0,No,2
465268,Male,Yes,29,No,Executive,12.0,Low,3.0,No,1
460177,Male,No,48,Yes,Artist,1.0,Low,1.0,No,0
464421,Female,Yes,23,No,Marketing,,High,3.0,Yes,3
461662,Female,Yes,89,Yes,Lawyer,1.0,High,2.0,Yes,3
466594,Male,Yes,72,Yes,Executive,1.0,High,2.0,Yes,3
463558,Female,Yes,80,Yes,Lawyer,1.0,Average,2.0,Yes,3
461563,Female,Yes,60,Yes,Artist,1.0,High,2.0,Yes,4
464221,Male,Yes,56,Yes,Entertainment,0.0,Low,,No,1
459191,Male,Yes,49,Yes,Artist,0.0,Low,1.0,No,1
460598,Female,No,33,Yes,Doctor,2.0,Average,3.0,Yes,0
460606,Male,No,20,No,Healthcare,,Low,5.0,No,2
460607,Male,Yes,36,Yes,Artist,9.0,Average,4.0,No,1
463898,Female,No,38,Yes,Healthcare,0.0,Low,2.0,No,0
464896,Male,Yes,73,No,Executive,1.0,High,1.0,Yes,3
459425,Female,Yes,80,Yes,Lawyer,0.0,High,1.0,Yes,3
463551,Male,Yes,44,No,Doctor,6.0,Average,1.0,Yes,1
464982,Male,Yes,71,Yes,Executive,1.0,High,4.0,Yes,3
461874,Male,Yes,48,Yes,Doctor,0.0,Average,3.0,Yes,1
466816,Male,Yes,78,Yes,Lawyer,3.0,High,2.0,Yes,3
461866,Male,No,25,No,Healthcare,0.0,Low,4.0,No,2
464923,Male,Yes,47,No,Executive,7.0,High,3.0,Yes,1
460962,Male,Yes,55,Yes,Executive,9.0,High,4.0,Yes,1
466014,Female,Yes,42,No,Engineer,0.0,High,2.0,Yes,4
466816,Male,Yes,80,Yes,Lawyer,1.0,High,1.0,Yes,3
461432,Female,Yes,40,Yes,Artist,1.0,Average,2.0,No,4
467432,Male,No,29,Yes,Healthcare,,Low,3.0,No,0
459925,Male,No,71,No,Executive,0.0,High,2.0,Yes,3
463191,Male,No,26,No,Healthcare,1.0,Low,1.0,No,2
459673,Female,Yes,83,Yes,Lawyer,1.0,Low,1.0,No,3
460579,Female,Yes,40,No,Engineer,2.0,Average,5.0,Yes,4
467157,Male,Yes,41,Yes,Executive,11.0,High,7.0,Yes,1
467668,Female,Yes,49,Yes,Artist,,Average,3.0,No,4
466605,Female,No,32,No,Healthcare,0.0,Low,4.0,No,2
462785,Female,Yes,45,Yes,Engineer,,Average,4.0,Yes,4
459418,Male,Yes,71,Yes,Executive,2.0,High,1.0,Yes,3
461756,Female,Yes,35,Yes,Engineer,0.0,Average,2.0,Yes,4
461747,Male,No,61,No,Artist,2.0,High,3.0,Yes,1
463441,Male,Yes,44,Yes,Artist,7.0,High,5.0,Yes,1
462474,Female,Yes,20,No,Engineer,0.0,Average,1.0,Yes,4
464134,Female,No,43,Yes,Entertainment,0.0,Low,6.0,No,2
465845,Female,Yes,40,Yes,Entertainment,,Low,2.0,No,4
466065,Male,,19,No,Healthcare,9.0,Low,3.0,No,2
465400,Female,Yes,38,Yes,Doctor,8.0,High,5.0,Yes,4
462846,Female,No,20,No,Marketing,7.0,Low,2.0,No,2
461171,Male,Yes,41,Yes,Artist,,Average,3.0,No,1
462334,Male,No,47,Yes,Artist,9.0,Low,2.0,No,0
464323,Female,No,29,Yes,Artist,12.0,Low,1.0,No,0
460801,Female,Yes,30,No,Entertainment,3.0,High,2.0,Yes,4
464087,Female,No,32,No,Engineer,,Low,4.0,No,2
462626,Female,No,26,Yes,Engineer,0.0,Low,6.0,No,2
459972,Male,No,35,Yes,Artist,5.0,Low,2.0,No,0
462058,Male,Yes,42,Yes,Entertainment,9.0,Low,2.0,No,1
461224,Female,Yes,30,Yes,Doctor,6.0,High,1.0,Yes,4
461688,Male,Yes,40,No,Executive,9.0,High,3.0,Yes,1
459187,Female,No,47,No,Doctor,0.0,Average,3.0,Yes,2
463583,Male,Yes,58,Yes,Artist,9.0,Average,4.0,No,1
462585,Male,Yes,42,No,,8.0,Low,,No,1
464069,Female,Yes,80,Yes,Lawyer,1.0,High,1.0,Yes,3
467250,Male,Yes,63,Yes,Entertainment,6.0,Low,2.0,No,1
466057,Male,Yes,33,Yes,Doctor,0.0,Average,3.0,Yes,1
462188,Female,Yes,53,No,Engineer,0.0,Average,4.0,Yes,4
462999,Male,,32,No,Engineer,0.0,High,3.0,Yes,1
466766,Male,Yes,71,Yes,Lawyer,1.0,High,5.0,Yes,3
460648,Female,,29,No,Homemaker,8.0,Low,1.0,No,4
460676,Female,Yes,51,Yes,Marketing,9.0,Average,1.0,No,3
464760,Female,Yes,50,No,Engineer,8.0,Average,3.0,Yes,4
460635,Male,Yes,32,Yes,Healthcare,,High,1.0,Yes,1
466715,Male,Yes,72,Yes,Executive,1.0,High,4.0,Yes,3
466806,Male,Yes,40,Yes,Healthcare,0.0,Low,1.0,No,1
463755,Female,Yes,67,No,Artist,2.0,High,2.0,Yes,4
466034,Female,Yes,71,No,Engineer,2.0,Low,1.0,No,4
463793,Male,No,26,No,Healthcare,1.0,Low,6.0,No,2
467117,Male,No,48,Yes,Artist,0.0,Low,1.0,No,0
460813,Male,Yes,80,No,Lawyer,2.0,High,1.0,Yes,3
460111,Male,No,69,Yes,Executive,7.0,High,2.0,Yes,3
464369,Male,Yes,40,No,Executive,0.0,High,4.0,Yes,1
459130,Male,Yes,71,No,Lawyer,1.0,High,3.0,Yes,3
462453,Male,No,22,No,Healthcare,9.0,Low,5.0,No,2
464811,Female,Yes,45,No,Engineer,,Average,,Yes,4
460220,Female,No,37,Yes,Entertainment,1.0,Low,2.0,No,0
461780,Female,No,65,Yes,Lawyer,0.0,Low,5.0,No,2
467818,Female,Yes,35,Yes,Artist,5.0,High,3.0,Yes,4
466022,Female,Yes,67,No,Engineer,,High,3.0,Yes,4
467213,Female,Yes,80,Yes,Lawyer,2.0,High,1.0,Yes,3
465647,Male,No,31,Yes,Artist,9.0,Low,1.0,No,0
466496,Male,Yes,72,Yes,Artist,0.0,Average,2.0,No,1
462206,Female,No,29,Yes,Artist,,Low,1.0,No,0
460647,Female,Yes,24,No,Doctor,1.0,Average,2.0,Yes,4
460351,Male,Yes,70,Yes,Lawyer,0.0,Low,1.0,No,3
459245,Male,Yes,35,No,Engineer,0.0,Average,3.0,Yes,1
460727,Male,Yes,69,No,Executive,0.0,High,4.0,Yes,3
461922,Male,Yes,67,No,Lawyer,2.0,High,4.0,Yes,3
462072,Male,No,39,Yes,Artist,0.0,Low,1.0,No,0
463872,Male,Yes,77,No,Lawyer,0.0,High,1.0,Yes,3
461512,Male,No,33,Yes,Doctor,,Low,4.0,No,0
467330,Male,Yes,33,Yes,Executive,0.0,High,3.0,Yes,1
459833,Male,Yes,70,Yes,Executive,1.0,High,2.0,Yes,3
464959,Female,Yes,38,Yes,Engineer,2.0,Average,7.0,Yes,4
464437,Female,Yes,44,Yes,Engineer,0.0,Average,3.0,Yes,4
460078,Female,Yes,39,Yes,Healthcare,8.0,High,2.0,Yes,4
466137,Female,,31,No,Healthcare,0.0,Low,4.0,No,2
464251,Male,Yes,65,Yes,Artist,0.0,Average,4.0,No,1
467474,Male,No,18,No,Healthcare,3.0,Low,5.0,No,2
463030,Male,Yes,54,Yes,Executive,0.0,High,3.0,Yes,1
466416,Male,Yes,80,No,Executive,0.0,High,4.0,Yes,3
464468,Male,Yes,50,Yes,Artist,1.0,Low,3.0,No,1
466817,Female,Yes,80,No,Lawyer,0.0,High,1.0,Yes,3
460885,Male,Yes,53,No,Artist,8.0,Average,3.0,No,1
465513,Male,No,43,Yes,Entertainment,1.0,Low,2.0,No,0
464869,Male,Yes,37,Yes,Entertainment,0.0,Low,2.0,No,1
461774,Female,Yes,80,Yes,Lawyer,2.0,High,3.0,Yes,3
461706,Male,No,25,Yes,Healthcare,0.0,Low,3.0,No,2
466981,Female,Yes,53,No,Engineer,0.0,Low,3.0,No,4
461431,Male,Yes,47,Yes,Doctor,2.0,Average,2.0,Yes,1
466529,Female,Yes,28,Yes,Doctor,0.0,Average,2.0,Yes,4
467231,Male,No,22,No,Healthcare,,Low,4.0,No,2
461775,Female,Yes,80,No,Lawyer,0.0,High,1.0,Yes,3
464714,Female,No,43,Yes,Doctor,1.0,Low,6.0,No,2
460632,Female,No,22,No,Healthcare,0.0,Low,3.0,No,2
459153,Female,Yes,70,Yes,,1.0,High,2.0,Yes,4
465102,Male,Yes,53,Yes,Lawyer,0.0,High,1.0,Yes,3
464031,Female,No,23,No,Healthcare,1.0,Low,4.0,No,2
462461,Male,No,28,Yes,Doctor,1.0,Low,3.0,No,0
463374,Female,No,19,No,Healthcare,0.0,Low,3.0,No,2
465665,Female,Yes,83,Yes,Lawyer,1.0,Low,1.0,No,3
467928,Male,Yes,35,Yes,Artist,2.0,Average,2.0,No,1
461822,Male,Yes,34,Yes,Artist,10.0,High,1.0,Yes,1
466153,Male,Yes,65,No,Entertainment,0.0,Average,2.0,No,1
465235,Male,Yes,46,Yes,Healthcare,1.0,High,3.0,Yes,1
463113,Female,No,32,Yes,Doctor,1.0,Low,6.0,No,2
467539,Male,Yes,48,Yes,Artist,,Average,4.0,No,1
459278,Male,Yes,70,No,Executive,,High,2.0,Yes,3
464070,Male,No,39,Yes,Artist,5.0,Low,2.0,No,0
462540,Male,Yes,32,Yes,Entertainment,6.0,Low,2.0,No,1
462690,Male,Yes,38,Yes,Engineer,,Average,4.0,Yes,1
461313,Male,Yes,57,Yes,Artist,1.0,Average,,No,1
466467,Female,Yes,36,Yes,Artist,1.0,Average,3.0,No,4
461759,Male,Yes,49,Yes,Artist,1.0,Low,2.0,No,1
466890,Male,Yes,47,Yes,Artist,0.0,Average,6.0,No,1
464879,Female,Yes,28,Yes,Doctor,0.0,Average,3.0,Yes,4
462203,Male,Yes,72,No,Executive,1.0,High,6.0,Yes,1
462836,Male,No,19,No,Healthcare,1.0,Low,3.0,No,2
460636,Male,Yes,45,Yes,Artist,2.0,Average,3.0,No,1
466534,Male,No,28,No,Healthcare,0.0,Low,9.0,No,2
465192,Male,Yes,55,No,Artist,0.0,Low,1.0,No,1
462925,Female,Yes,30,No,Homemaker,,Average,2.0,No,4
463664,Female,No,26,No,Engineer,0.0,Low,1.0,No,0
467291,Male,Yes,53,Yes,Entertainment,1.0,Average,4.0,No,1
467543,Male,Yes,64,Yes,Lawyer,2.0,High,3.0,Yes,3
460134,Male,Yes,36,Yes,Entertainment,10.0,High,3.0,Yes,1
461896,Male,Yes,46,Yes,Artist,1.0,Low,1.0,No,1
464992,Male,Yes,70,Yes,Executive,1.0,High,2.0,Yes,3
467133,Female,Yes,68,Yes,Lawyer,0.0,High,,Yes,3
461871,Male,Yes,53,Yes,Artist,0.0,Average,2.0,No,1
467705,Male,Yes,33,Yes,Artist,,Low,2.0,No,1
462374,Male,Yes,39,Yes,Executive,0.0,High,3.0,Yes,1
466572,Female,No,30,No,Healthcare,0.0,Low,4.0,No,2
467459,Male,Yes,40,Yes,Executive,,High,5.0,Yes,1
460488,Male,No,42,No,Doctor,0.0,Low,1.0,No,0
461790,Male,Yes,65,Yes,Artist,0.0,High,1.0,Yes,1
461635,Male,Yes,48,Yes,Executive,5.0,High,4.0,Yes,1
463012,Male,Yes,47,No,Engineer,,Low,1.0,No,1
462140,Female,Yes,71,No,Engineer,,Average,4.0,Yes,4
464016,Female,Yes,24,Yes,Entertainment,0.0,High,2.0,Yes,4
463715,Female,No,32,No,Artist,3.0,Low,4.0,No,2
467374,Female,Yes,42,Yes,Homemaker,10.0,High,3.0,Yes,4
462232,Male,No,51,No,Executive,0.0,High,9.0,Yes,2
466223,Male,Yes,66,Yes,Artist,1.0,Low,1.0,No,1
459692,Female,Yes,71,Yes,Lawyer,8.0,High,2.0,Yes,3
461930,Female,No,42,Yes,Artist,0.0,Low,1.0,No,0
467311,Male,Yes,69,Yes,Lawyer,0.0,High,3.0,Yes,3
459836,Male,,32,Yes,Healthcare,8.0,High,4.0,Yes,1
461742,Male,Yes,80,Yes,Executive,3.0,High,3.0,Yes,3
466098,Male,Yes,76,Yes,Lawyer,1.0,High,3.0,Yes,3
461038,Female,No,46,Yes,Engineer,1.0,High,4.0,Yes,4
462044,Female,No,47,Yes,Artist,4.0,Low,1.0,No,0
465078,Male,Yes,40,Yes,Executive,0.0,High,4.0,Yes,1
459581,Female,No,35,No,,,Low,,No,2
462155,Female,Yes,52,Yes,Artist,,High,3.0,Yes,4
466073,Male,Yes,59,No,Engineer,7.0,High,3.0,Yes,1
464561,Female,No,48,Yes,Entertainment,9.0,Low,2.0,No,0
460982,Male,Yes,79,No,Lawyer,1.0,High,3.0,Yes,3
464356,Female,Yes,73,Yes,Lawyer,0.0,High,3.0,Yes,3
459004,Female,Yes,46,Yes,Artist,2.0,High,4.0,Yes,4
467673,Male,Yes,50,No,Executive,0.0,High,3.0,Yes,1
465335,Male,Yes,61,No,Entertainment,1.0,Average,2.0,No,1
467413,Female,Yes,78,Yes,Lawyer,2.0,High,3.0,Yes,3
464172,Male,Yes,62,Yes,Artist,1.0,High,4.0,Yes,1
467412,Male,Yes,35,Yes,Executive,6.0,Average,4.0,No,1
461731,Male,Yes,79,No,Entertainment,0.0,Low,1.0,No,3
467272,Male,Yes,76,Yes,Lawyer,8.0,High,2.0,Yes,3
462923,Male,Yes,33,No,Homemaker,9.0,Average,2.0,No,1
465289,Male,Yes,23,Yes,Executive,1.0,High,2.0,Yes,1
466637,Male,Yes,52,Yes,Artist,0.0,High,6.0,Yes,1
466638,Female,No,42,Yes,Artist,8.0,Low,2.0,No,0
466818,Male,Yes,80,No,Executive,0.0,High,1.0,Yes,3
467877,Female,Yes,46,Yes,Artist,0.0,Average,2.0,No,4
466231,Male,Yes,56,Yes,Entertainment,0.0,Average,2.0,No,1
463365,Male,No,70,Yes,Executive,2.0,High,3.0,Yes,3
459180,Female,Yes,61,Yes,Executive,0.0,High,2.0,Yes,3
467072,Male,Yes,60,No,Executive,1.0,High,3.0,Yes,3
464599,Female,Yes,50,Yes,Artist,1.0,High,7.0,Yes,4
466412,Male,Yes,26,Yes,Artist,1.0,Average,3.0,No,1
459105,Male,Yes,38,Yes,Executive,5.0,High,3.0,Yes,1
467011,Female,No,75,Yes,Lawyer,,High,2.0,Yes,3
465596,Male,,39,Yes,Healthcare,6.0,High,1.0,Yes,1
463643,Female,No,43,Yes,Artist,0.0,Low,3.0,No,0
461057,Male,Yes,46,Yes,Artist,0.0,High,4.0,Yes,1
463215,Female,Yes,34,Yes,Engineer,0.0,High,1.0,Yes,4
462265,Male,No,31,Yes,Doctor,3.0,Low,4.0,No,0
462479,Female,Yes,55,Yes,Artist,1.0,Average,2.0,No,4
459880,Female,Yes,48,Yes,Artist,0.0,Average,5.0,No,4
464722,Male,Yes,35,Yes,Doctor,1.0,Low,,No,1
459497,Female,Yes,80,Yes,Lawyer,0.0,Low,1.0,No,3
460511,Female,No,31,No,Doctor,0.0,Low,4.0,No,2
466540,Male,No,22,No,Healthcare,2.0,Low,2.0,No,2
460088,Female,Yes,36,Yes,Homemaker,,High,3.0,Yes,4
465263,Male,Yes,69,Yes,Artist,3.0,High,3.0,Yes,1
463833,Female,No,25,No,Doctor,,Low,4.0,No,2
467724,Male,Yes,50,No,Artist,0.0,High,4.0,Yes,1
462227,Male,Yes,49,No,Executive,3.0,High,5.0,Yes,1
467602,Female,No,30,No,Entertainment,1.0,Low,4.0,No,2
463180,Male,Yes,36,Yes,Artist,0.0,Low,3.0,No,1
464608,Female,Yes,49,Yes,Artist,0.0,Average,3.0,No,4
465272,Male,Yes,44,Yes,Executive,2.0,High,7.0,Yes,1
460963,Female,No,32,Yes,Artist,0.0,Low,3.0,No,0
460407,Female,No,36,Yes,Artist,8.0,Low,1.0,No,0
461286,Female,No,20,No,Doctor,4.0,Low,4.0,No,2
462712,Male,No,33,Yes,Homemaker,,Low,1.0,No,0
458995,Male,Yes,60,No,Executive,0.0,High,5.0,Yes,1
459877,Male,Yes,37,Yes,Artist,0.0,Average,3.0,No,1
461505,Female,Yes,41,No,Artist,1.0,High,2.0,Yes,4
461281,Male,No,23,No,Healthcare,4.0,Low,9.0,No,2
464760,Female,Yes,52,No,Engineer,6.0,Average,4.0,Yes,4
459952,Female,No,35,Yes,Entertainment,7.0,Low,2.0,No,0
460807,Male,No,29,No,Healthcare,1.0,Low,6.0,No,2
460479,Female,No,42,No,Doctor,8.0,Low,1.0,No,0
463287,Male,Yes,50,Yes,Artist,1.0,Average,4.0,No,1
459685,Male,Yes,36,Yes,Artist,0.0,Average,2.0,No,1
467973,Female,Yes,69,Yes,Engineer,2.0,Average,2.0,Yes,4
459692,Female,Yes,70,Yes,Lawyer,6.0,High,2.0,Yes,3
466210,Male,Yes,58,Yes,Artist,2.0,High,3.0,Yes,1
466485,Male,Yes,37,Yes,Executive,9.0,High,2.0,Yes,1
463456,Male,Yes,43,No,Entertainment,3.0,High,2.0,Yes,1
464558,Male,No,30,Yes,Healthcare,9.0,Low,5.0,No,2
465343,Female,Yes,44,Yes,Engineer,0.0,Average,4.0,Yes,4
464037,Male,No,35,Yes,Artist,9.0,Low,1.0,No,0
460378,Female,No,40,Yes,Doctor,1.0,Low,1.0,No,0
459218,Female,Yes,80,Yes,Lawyer,0.0,High,3.0,Yes,3
461191,Female,Yes,45,Yes,Marketing,8.0,Low,4.0,No,4
461716,Female,Yes,58,Yes,Lawyer,3.0,High,10.0,Yes,4
467847,Male,Yes,41,Yes,Artist,8.0,High,2.0,Yes,1
462248,Male,Yes,55,No,Artist,0.0,Low,2.0,No,1
460168,Male,Yes,86,Yes,Executive,0.0,High,2.0,Yes,3
466373,Male,No,63,Yes,Executive,0.0,High,2.0,Yes,3
461257,Male,Yes,43,Yes,Engineer,1.0,Average,1.0,Yes,1
462272,Male,Yes,56,No,Artist,0.0,Average,2.0,No,1
463888,Male,No,23,No,Marketing,0.0,Low,3.0,No,2
460992,Male,Yes,57,No,Executive,0.0,High,4.0,Yes,1
463501,Female,Yes,57,Yes,Executive,0.0,High,1.0,Yes,3
462100,Female,No,40,Yes,Healthcare,0.0,Low,1.0,No,0
462911,Male,Yes,37,Yes,Doctor,9.0,Average,1.0,Yes,1
464100,Female,No,33,Yes,Healthcare,1.0,Low,1.0,No,0
459454,Male,Yes,38,No,Artist,,Average,2.0,No,1
465974,Male,Yes,48,Yes,Executive,9.0,High,3.0,Yes,1
462879,Male,Yes,70,Yes,Lawyer,0.0,High,2.0,Yes,3
462393,Female,No,26,Yes,Entertainment,6.0,Low,2.0,No,0
467870,Male,No,27,Yes,Entertainment,0.0,Low,5.0,No,2
459124,Male,Yes,79,Yes,Artist,1.0,High,3.0,Yes,1
466647,Female,Yes,36,Yes,Artist,8.0,High,3.0,Yes,4
466098,Male,Yes,80,Yes,Lawyer,3.0,High,1.0,Yes,3
466889,Male,Yes,51,Yes,Executive,0.0,High,3.0,Yes,1
467445,Male,Yes,31,No,Doctor,8.0,Low,2.0,No,1
467078,Female,Yes,26,No,Healthcare,,High,2.0,Yes,4
461565,Male,Yes,51,Yes,Entertainment,4.0,Average,2.0,No,1
462771,Female,Yes,41,Yes,Marketing,,High,4.0,Yes,3
467285,Male,Yes,50,No,Executive,,High,3.0,Yes,1
465155,Male,Yes,77,Yes,Lawyer,1.0,Low,1.0,No,3
464125,Male,Yes,41,No,Doctor,0.0,Average,3.0,Yes,1
462169,Female,Yes,42,Yes,Artist,0.0,High,2.0,Yes,4
463561,Female,No,39,Yes,Engineer,1.0,Low,1.0,No,0
464990,Male,No,76,No,Executive,0.0,High,1.0,Yes,3
467122,Male,No,76,No,Lawyer,2.0,High,3.0,Yes,3
467420,Male,Yes,52,Yes,Executive,0.0,High,4.0,Yes,1
467770,Female,Yes,48,No,Artist,7.0,High,5.0,Yes,4
465809,Female,No,25,No,Homemaker,1.0,Low,7.0,No,2
460781,Female,Yes,31,No,Entertainment,0.0,High,3.0,Yes,4
459570,Male,No,27,Yes,Healthcare,,Low,3.0,No,2
467876,Female,Yes,49,No,Artist,7.0,High,2.0,Yes,4
460492,Female,No,43,No,Marketing,10.0,Low,,No,2
460025,Female,No,26,Yes,Healthcare,5.0,Low,2.0,No,0
459836,Male,,34,Yes,Healthcare,9.0,High,5.0,Yes,1
461708,Male,Yes,80,No,Lawyer,2.0,High,1.0,Yes,3
459850,Male,No,35,Yes,Artist,0.0,Low,1.0,No,0
462170,Male,Yes,76,No,Executive,0.0,High,2.0,Yes,3
465103,Male,Yes,80,Yes,Lawyer,0.0,High,1.0,Yes,3
467919,Female,Yes,47,Yes,Artist,7.0,Average,2.0,No,4
459870,Male,Yes,46,No,Executive,10.0,High,4.0,Yes,1
467008,Male,Yes,55,Yes,Artist,0.0,Average,3.0,No,1
462727,Female,No,79,No,Lawyer,1.0,High,3.0,Yes,3
465460,Male,No,49,Yes,Artist,0.0,Low,1.0,No,0
461252,Female,Yes,48,Yes,Doctor,1.0,Low,1.0,No,4
463580,Female,Yes,46,Yes,Engineer,1.0,Low,1.0,No,4
464632,Male,No,29,No,Entertainment,0.0,Low,8.0,No,2
465511,Male,Yes,31,Yes,Artist,0.0,Average,2.0,No,1
461250,Female,Yes,45,Yes,Lawyer,1.0,High,4.0,Yes,3
464600,Female,No,55,Yes,Artist,0.0,Low,1.0,No,0
463861,Male,Yes,37,Yes,Artist,1.0,Low,1.0,No,1
463543,Male,No,18,No,Healthcare,1.0,Low,4.0,No,2
466646,Female,Yes,48,Yes,Homemaker,1.0,Low,2.0,No,4
465477,Male,No,31,No,Healthcare,1.0,Low,3.0,No,2
465910,Male,Yes,38,No,Artist,10.0,Average,4.0,No,1
466456,Female,Yes,43,No,Doctor,9.0,Low,1.0,No,4
460476,Male,Yes,54,No,Doctor,,Average,5.0,Yes,1
459730,Male,Yes,35,No,,1.0,Low,2.0,No,1
461394,Female,No,21,No,Engineer,0.0,Low,5.0,No,2
462705,Female,Yes,69,No,Lawyer,0.0,Average,2.0,Yes,3
463869,Female,Yes,52,Yes,Doctor,0.0,Average,4.0,Yes,4
464745,Female,,62,Yes,Engineer,0.0,Average,3.0,Yes,4
463206,Male,Yes,77,No,Lawyer,0.0,Low,1.0,No,3
459250,Male,Yes,50,Yes,Doctor,1.0,Average,4.0,Yes,1
460669,Male,,48,Yes,Executive,0.0,Low,2.0,No,1
460042,Male,No,32,Yes,Marketing,8.0,Low,1.0,No,0
467364,Male,Yes,46,Yes,Artist,1.0,Average,3.0,No,1
460197,Male,No,38,Yes,Artist,8.0,Low,3.0,No,0
460538,Female,,23,No,Healthcare,0.0,High,2.0,Yes,4
463083,Male,No,30,Yes,Artist,7.0,Low,3.0,No,0
464139,Female,No,27,No,Healthcare,14.0,Low,1.0,No,0
463630,Male,No,39,Yes,Entertainment,1.0,Low,2.0,No,0
462999,Male,,30,No,Engineer,1.0,High,3.0,Yes,1
466774,Male,Yes,78,Yes,Lawyer,0.0,Low,2.0,No,3
459111,Male,Yes,41,Yes,Executive,0.0,Low,4.0,No,1
460625,Female,No,28,No,Marketing,9.0,Low,2.0,No,2
464943,Male,Yes,41,No,Engineer,0.0,Average,7.0,Yes,1
463130,Female,Yes,78,No,Lawyer,1.0,High,2.0,Yes,3
462539,Female,Yes,77,No,Lawyer,1.0,Low,1.0,No,3
459034,Female,No,21,No,Healthcare,,Low,5.0,No,2
461166,Female,Yes,38,No,Entertainment,5.0,High,,Yes,4
465539,Female,Yes,52,Yes,Artist,1.0,High,4.0,Yes,4
466916,Male,Yes,87,Yes,Lawyer,3.0,Low,1.0,No,3
462941,Male,No,67,No,Lawyer,,Low,2.0,No,2
460419,Female,Yes,41,No,Doctor,,Low,1.0,No,4
460222,Female,,73,Yes,Lawyer,5.0,High,,Yes,3
464347,Female,No,33,Yes,Healthcare,1.0,Low,3.0,No,0
460965,Male,Yes,52,Yes,Artist,1.0,Average,4.0,No,1
462342,Female,Yes,72,Yes,Lawyer,6.0,High,3.0,Yes,3
462762,Male,Yes,51,Yes,Artist,0.0,High,3.0,Yes,1
458983,Female,Yes,63,Yes,Executive,0.0,High,5.0,Yes,4
465426,Male,No,30,No,Healthcare,0.0,Low,4.0,No,2
465912,Female,No,63,Yes,Artist,1.0,Low,2.0,No,0
461231,Male,Yes,54,Yes,Artist,0.0,High,1.0,Yes,1
467522,Female,No,19,No,Healthcare,0.0,Low,2.0,No,2
467335,Female,Yes,39,No,Engineer,3.0,Average,3.0,Yes,4
467089,Male,Yes,69,No,Artist,0.0,Average,3.0,No,1
465343,Female,Yes,43,Yes,Engineer,1.0,Average,4.0,Yes,4
467494,Female,Yes,80,No,Lawyer,1.0,High,,Yes,3
467246,Male,No,21,No,Doctor,9.0,Low,3.0,No,2
466579,Male,No,21,No,Marketing,0.0,Low,5.0,No,2
459143,Male,Yes,45,No,Artist,0.0,High,3.0,Yes,1
465174,Female,Yes,71,Yes,Entertainment,2.0,High,1.0,Yes,3
467804,Female,Yes,43,Yes,Artist,1.0,Average,2.0,No,4
463880,Female,Yes,36,No,Engineer,0.0,Low,3.0,No,4
459630,Male,Yes,78,Yes,Lawyer,2.0,Average,2.0,Yes,3
465896,Male,No,32,No,Doctor,2.0,Low,2.0,No,2
466477,Male,Yes,36,Yes,Artist,,Average,2.0,No,1
463228,Female,Yes,56,Yes,Artist,0.0,Average,5.0,No,4
462565,Male,Yes,49,Yes,Artist,1.0,Average,4.0,No,1
464545,Male,No,43,Yes,Artist,7.0,Low,3.0,No,0
463714,Male,Yes,57,No,,1.0,Average,2.0,No,1
466523,Male,Yes,44,Yes,Executive,2.0,High,2.0,Yes,1
461698,Female,Yes,67,Yes,Artist,0.0,High,2.0,Yes,4
463857,Male,Yes,56,No,Healthcare,0.0,High,4.0,Yes,3
467403,Female,Yes,38,Yes,Artist,7.0,Average,3.0,No,4
461556,Female,Yes,48,No,Engineer,3.0,Average,2.0,Yes,4
464928,Female,Yes,50,Yes,Artist,1.0,Low,3.0,No,4
461609,Female,Yes,45,Yes,Artist,5.0,Average,2.0,No,4
461717,Female,No,26,Yes,Healthcare,0.0,Low,4.0,No,2
467957,Male,Yes,47,Yes,Artist,1.0,Low,1.0,No,1
462982,Male,Yes,41,No,Doctor,0.0,Average,3.0,Yes,1
467208,Female,Yes,42,Yes,Homemaker,,High,3.0,Yes,4
459220,Female,Yes,74,Yes,Lawyer,1.0,High,3.0,Yes,3
461794,Female,No,19,No,Healthcare,5.0,Low,5.0,No,2
461334,Male,Yes,63,Yes,Artist,0.0,High,2.0,Yes,1
460585,Male,No,49,No,Entertainment,1.0,Low,3.0,No,2
461810,Female,Yes,62,Yes,Homemaker,1.0,Low,1.0,No,3
462282,Male,No,29,No,Healthcare,1.0,Low,3.0,No,2
462709,Female,No,32,No,Doctor,0.0,Low,3.0,No,2
467126,Female,Yes,45,Yes,Artist,0.0,Low,1.0,No,4
466417,Female,No,75,No,Lawyer,0.0,High,3.0,Yes,3
459742,Female,Yes,83,No,Lawyer,1.0,High,2.0,Yes,3
463947,Male,Yes,35,Yes,Entertainment,0.0,Average,3.0,No,1
460780,Female,No,30,Yes,Healthcare,1.0,Low,2.0,No,0
461403,Female,No,27,Yes,Healthcare,0.0,Low,4.0,No,2
464200,Female,No,32,No,Healthcare,1.0,Low,3.0,No,2
464438,Male,Yes,50,No,Entertainment,0.0,Average,3.0,No,1
459298,Male,Yes,45,Yes,Artist,4.0,Average,4.0,No,1
463364,Female,No,66,No,Lawyer,2.0,High,2.0,Yes,3
465140,Female,Yes,47,Yes,Executive,7.0,High,3.0,Yes,4
459001,Female,No,20,No,Marketing,,Low,4.0,No,2
461163,Female,Yes,60,No,Entertainment,9.0,Low,4.0,No,4
461311,Male,No,20,No,Marketing,0.0,Low,4.0,No,2
460604,Female,Yes,40,No,Entertainment,11.0,High,1.0,Yes,4
461655,Female,Yes,35,Yes,Homemaker,9.0,Average,2.0,No,4
462342,Female,Yes,71,Yes,Lawyer,8.0,High,2.0,Yes,3
466804,Female,,40,Yes,Homemaker,4.0,Low,1.0,No,4
462396,Male,Yes,49,Yes,Doctor,,Average,2.0,Yes,1
459344,Female,Yes,80,Yes,Artist,2.0,High,3.0,Yes,4
467927,Male,No,31,Yes,Doctor,8.0,Low,6.0,No,2
464218,Female,Yes,80,No,Lawyer,1.0,High,3.0,Yes,3
462323,Female,Yes,70,Yes,Doctor,0.0,Average,2.0,Yes,4
465391,Female,Yes,72,Yes,Lawyer,0.0,High,3.0,Yes,3
460374,Female,No,46,Yes,Artist,6.0,Low,2.0,No,0
459030,Male,Yes,46,No,Executive,6.0,High,6.0,Yes,1
463850,Male,Yes,29,No,Entertainment,0.0,High,2.0,Yes,1
459405,Female,Yes,81,No,Doctor,0.0,High,2.0,Yes,3
464234,Male,Yes,68,Yes,Entertainment,0.0,Low,3.0,No,1
463756,Male,Yes,68,No,Executive,1.0,Average,2.0,No,3
459032,Male,No,21,No,Doctor,0.0,Low,3.0,No,2
462988,Female,Yes,30,Yes,Healthcare,7.0,High,3.0,Yes,4
466435,Male,Yes,30,No,Executive,3.0,High,5.0,Yes,1
462886,Male,Yes,68,No,Doctor,2.0,High,1.0,Yes,1
467801,Female,Yes,55,Yes,Doctor,0.0,Average,2.0,Yes,4
461292,Male,Yes,80,No,Lawyer,,High,1.0,Yes,3
465822,Female,Yes,52,Yes,Engineer,1.0,Average,5.0,Yes,4
460979,Male,Yes,84,No,Lawyer,1.0,Low,1.0,No,3
465403,Female,No,27,No,Healthcare,9.0,Low,5.0,No,2
460907,Male,No,79,No,Lawyer,2.0,High,2.0,Yes,3
464678,Male,Yes,45,Yes,Executive,3.0,High,6.0,Yes,1
460894,Male,Yes,34,No,Executive,7.0,High,4.0,Yes,1
462559,Male,Yes,45,Yes,Engineer,10.0,Average,3.0,Yes,1
466232,Male,Yes,60,No,Executive,0.0,High,2.0,Yes,3
459936,Female,No,45,Yes,Artist,2.0,Low,1.0,No,0
459802,Female,Yes,50,Yes,Artist,1.0,Low,1.0,No,4
465271,Female,Yes,52,No,Executive,2.0,High,5.0,Yes,4
462951,Male,Yes,73,Yes,Lawyer,2.0,Low,1.0,No,3
466632,Female,Yes,54,Yes,Artist,2.0,High,2.0,Yes,4
467044,Female,No,35,Yes,Marketing,0.0,Low,1.0,No,0
459862,Male,Yes,69,No,Executive,,High,2.0,Yes,3
462004,Female,Yes,54,Yes,Artist,,High,5.0,Yes,4
463029,Male,Yes,51,No,Artist,,Average,3.0,No,1
459929,Male,Yes,63,Yes,Entertainment,0.0,Low,2.0,No,1
461235,Female,No,50,Yes,Healthcare,,Low,1.0,No,0
463319,Female,Yes,76,No,Lawyer,2.0,High,4.0,Yes,3
460178,Male,Yes,50,Yes,Entertainment,1.0,Low,2.0,No,1
462040,Male,No,19,No,Healthcare,5.0,Low,4.0,No,2
461955,Male,No,31,Yes,Healthcare,0.0,Low,4.0,No,2
463377,Female,Yes,31,Yes,Homemaker,4.0,High,2.0,Yes,4
464643,Male,Yes,78,No,Engineer,1.0,High,1.0,Yes,3
466942,Female,No,29,Yes,Healthcare,1.0,Low,4.0,No,2
462813,Male,Yes,37,No,Executive,0.0,Average,5.0,No,1
466802,Female,,43,Yes,Engineer,1.0,Low,1.0,No,4
461742,Male,Yes,80,Yes,Executive,1.0,High,3.0,Yes,3
460739,Male,Yes,43,Yes,Executive,,High,4.0,Yes,1
465180,Female,Yes,53,Yes,Artist,1.0,Average,2.0,No,4
463502,Male,Yes,45,Yes,Executive,,High,5.0,Yes,1
462186,Female,No,21,No,Doctor,0.0,Low,3.0,No,2
466397,Male,No,20,No,Healthcare,0.0,Low,3.0,No,2
464772,Female,Yes,46,No,Engineer,10.0,Average,5.0,Yes,4
459953,Male,Yes,53,Yes,Artist,9.0,Low,2.0,No,1
462821,Male,No,18,No,Healthcare,0.0,Low,3.0,No,2
459655,Male,Yes,39,Yes,Artist,1.0,Average,3.0,No,1
465641,Female,Yes,47,Yes,Artist,0.0,Average,2.0,No,4
462500,Male,Yes,45,Yes,Doctor,3.0,Average,1.0,Yes,1
467278,Female,Yes,80,Yes,Artist,0.0,High,3.0,Yes,4
459381,Male,Yes,56,Yes,Artist,,Low,2.0,No,1
465832,Male,Yes,48,Yes,Executive,9.0,High,4.0,Yes,1
465032,Male,Yes,69,Yes,Executive,2.0,High,1.0,Yes,3
462593,Female,Yes,56,No,Engineer,3.0,Average,5.0,Yes,4
459157,Male,No,37,Yes,Engineer,1.0,Low,1.0,No,0
460170,Male,Yes,68,No,Artist,0.0,Low,1.0,No,1
462197,Female,Yes,70,Yes,Engineer,1.0,Average,2.0,Yes,4
460713,Male,Yes,50,Yes,Doctor,0.0,Average,3.0,Yes,1
459597,Female,Yes,71,Yes,Artist,1.0,High,2.0,Yes,4
459145,Male,Yes,88,No,Lawyer,,Low,1.0,No,3
462530,Female,Yes,36,No,Artist,,High,2.0,Yes,4
461813,Male,No,29,Yes,Healthcare,1.0,Low,2.0,No,0
464152,Male,Yes,37,Yes,Artist,0.0,High,4.0,Yes,1
466491,Female,Yes,80,No,Executive,2.0,High,1.0,Yes,3
462576,Female,No,21,No,Healthcare,9.0,Low,4.0,No,2
465995,Male,No,27,No,Entertainment,0.0,Low,3.0,No,2
463585,Female,No,23,No,Healthcare,0.0,Low,3.0,No,2
459731,Female,Yes,58,Yes,Artist,0.0,High,3.0,Yes,4
467459,Male,Yes,37,Yes,Executive,,High,4.0,Yes,1
467849,Female,Yes,40,Yes,Doctor,0.0,Low,1.0,No,4
461255,Male,No,18,No,Healthcare,1.0,Low,5.0,No,2
462515,Male,Yes,42,No,Doctor,5.0,Average,5.0,Yes,1
465416,Male,Yes,58,No,Engineer,3.0,High,4.0,Yes,1
467566,Male,Yes,48,No,Executive,,High,4.0,Yes,1
465651,Male,No,30,No,Engineer,1.0,Low,4.0,No,2
462097,Female,No,40,Yes,Doctor,6.0,Average,2.0,Yes,0
462772,Male,Yes,34,Yes,Healthcare,0.0,High,5.0,Yes,1
465958,Female,No,36,Yes,Artist,5.0,Low,,No,0
467495,Male,Yes,62,Yes,Artist,4.0,High,4.0,Yes,1
459751,Male,No,28,No,Marketing,0.0,Low,6.0,No,2
462645,Female,Yes,37,No,Engineer,,Average,7.0,Yes,4
460062,Male,No,29,Yes,Artist,4.0,Low,1.0,No,0
464397,Female,Yes,45,Yes,Engineer,1.0,Average,3.0,Yes,4
464167,Male,Yes,57,Yes,Executive,2.0,High,3.0,Yes,1
460713,Male,Yes,50,Yes,Doctor,0.0,Average,3.0,Yes,1
459227,Female,Yes,31,No,Engineer,9.0,Low,4.0,No,4
465822,Female,Yes,51,Yes,Engineer,1.0,Average,4.0,Yes,4
464247,Male,Yes,59,No,Engineer,0.0,Low,1.0,No,1
467038,Male,Yes,62,Yes,Lawyer,2.0,High,3.0,Yes,3
461168,Female,Yes,31,No,Engineer,4.0,Average,2.0,Yes,4
467012,Male,Yes,49,Yes,Executive,1.0,High,4.0,Yes,1
466492,Female,Yes,80,Yes,Lawyer,0.0,High,1.0,Yes,3
459512,Male,Yes,61,Yes,Lawyer,0.0,High,3.0,Yes,3
460611,Male,No,26,Yes,Healthcare,0.0,Low,3.0,No,2
459270,Male,Yes,69,Yes,Homemaker,0.0,High,2.0,Yes,3
460417,Female,Yes,51,Yes,Marketing,9.0,Low,1.0,No,3
464599,Female,Yes,53,No,Artist,0.0,High,8.0,Yes,4
459329,Female,Yes,71,No,Engineer,1.0,High,4.0,Yes,4
464651,Female,Yes,27,No,Doctor,0.0,Average,3.0,Yes,4
466221,Male,Yes,48,Yes,Artist,4.0,Low,1.0,No,1
465156,Male,Yes,46,Yes,Artist,,Average,5.0,No,1
459053,Male,Yes,49,Yes,Executive,2.0,High,5.0,Yes,1
466654,Male,No,30,,Marketing,8.0,Low,1.0,No,0
466266,Male,Yes,48,Yes,Artist,1.0,Low,3.0,No,1
466581,Female,Yes,43,Yes,Artist,9.0,High,4.0,Yes,4
464508,Male,Yes,49,Yes,Executive,1.0,High,3.0,Yes,1
462396,Male,Yes,45,No,Doctor,,Average,2.0,Yes,1
466715,Male,Yes,69,Yes,Executive,1.0,High,5.0,Yes,1
464458,Male,No,46,Yes,Artist,1.0,Low,2.0,No,0
464455,Female,No,73,Yes,Lawyer,1.0,High,2.0,Yes,3
467832,Female,No,20,No,Healthcare,4.0,Low,,No,2
465721,Male,Yes,26,No,Entertainment,2.0,High,3.0,Yes,1
467884,Female,Yes,26,Yes,Engineer,10.0,High,6.0,Yes,4
464638,Male,No,39,Yes,Artist,2.0,Low,3.0,No,0
466982,Male,Yes,56,Yes,Artist,,Average,2.0,No,1
466396,Female,No,19,No,Healthcare,1.0,Low,5.0,No,2
463638,Female,Yes,25,No,Doctor,1.0,Average,1.0,Yes,4
462963,Male,Yes,30,Yes,Artist,0.0,Average,2.0,No,1
466168,Female,Yes,50,Yes,Executive,3.0,High,2.0,Yes,4
459848,Male,Yes,46,Yes,Artist,1.0,Average,3.0,No,1
464546,Female,Yes,38,Yes,Engineer,8.0,Low,3.0,No,4
465775,Female,No,31,Yes,Engineer,9.0,Low,3.0,No,0
464757,Female,Yes,42,No,Executive,0.0,Average,5.0,No,4
467502,Female,No,26,No,Healthcare,,Low,6.0,No,2
465009,Male,Yes,51,Yes,Entertainment,0.0,Average,4.0,No,1
462557,Male,Yes,60,No,Engineer,,Average,2.0,Yes,1
464327,Female,Yes,50,Yes,Artist,9.0,Low,2.0,No,4
465228,Male,Yes,61,Yes,Artist,0.0,High,1.0,Yes,1
459738,Male,Yes,32,Yes,Artist,1.0,Low,2.0,No,1
467271,Male,Yes,45,Yes,Artist,4.0,Average,4.0,No,1
459840,Male,Yes,60,Yes,Artist,1.0,Low,1.0,No,1
464663,Male,Yes,73,No,Executive,1.0,High,2.0,Yes,3
462848,Female,Yes,27,No,Healthcare,8.0,High,3.0,Yes,4
467324,Male,No,32,No,Doctor,5.0,Low,1.0,No,0
466208,Male,Yes,71,No,Executive,0.0,High,2.0,Yes,3
463599,Female,No,31,No,Healthcare,10.0,Low,2.0,No,2
459325,Male,Yes,26,No,Executive,9.0,High,4.0,Yes,1
459167,Female,No,42,Yes,Artist,1.0,Low,2.0,No,0
467679,Female,Yes,51,Yes,Artist,,Average,4.0,No,4
463843,Male,Yes,48,Yes,Executive,0.0,High,4.0,Yes,1
467527,Male,Yes,62,Yes,Artist,2.0,Average,4.0,No,1
461803,Female,No,33,No,Doctor,0.0,Low,4.0,No,2
461606,Male,Yes,69,Yes,Lawyer,0.0,High,3.0,Yes,3
463128,Male,Yes,76,Yes,Lawyer,0.0,High,5.0,Yes,3
466254,Male,No,40,Yes,Entertainment,0.0,Low,2.0,No,0
466023,Male,Yes,68,No,Executive,,High,3.0,Yes,3
467841,Female,No,18,No,Healthcare,2.0,Low,5.0,No,2
467286,Male,No,27,Yes,Healthcare,1.0,Low,3.0,No,2
465447,Male,Yes,52,Yes,Engineer,1.0,Average,3.0,Yes,1
465076,Male,Yes,67,Yes,Artist,0.0,High,4.0,Yes,1
464912,Male,,33,No,Doctor,,Average,1.0,Yes,1
467525,Male,No,20,No,Healthcare,0.0,Low,4.0,No,2
462450,Male,No,19,No,Healthcare,0.0,Low,,No,2
464324,Male,Yes,76,Yes,Lawyer,1.0,Low,1.0,No,3
466783,Female,No,43,Yes,Healthcare,0.0,Low,6.0,No,2
464655,Male,Yes,39,Yes,,0.0,Average,5.0,No,1
459337,Male,Yes,25,Yes,Engineer,6.0,Average,1.0,Yes,1
461247,Female,No,49,Yes,Artist,4.0,Low,1.0,No,0
467245,Female,No,38,No,Doctor,0.0,Low,1.0,No,0
467221,Female,No,20,No,Doctor,,Low,4.0,No,2
462607,Male,,38,No,Engineer,4.0,Average,2.0,Yes,1
464827,Female,Yes,46,No,Entertainment,9.0,Average,5.0,No,4
465685,Male,No,38,Yes,Healthcare,6.0,Low,2.0,No,0
467699,Female,Yes,36,Yes,Doctor,0.0,Average,3.0,Yes,4
464079,Male,Yes,38,Yes,Doctor,12.0,Average,1.0,Yes,1
459154,Male,Yes,80,Yes,Lawyer,0.0,High,2.0,Yes,3
462142,Female,No,42,Yes,Artist,,Low,1.0,No,0
463014,Male,No,53,Yes,Executive,1.0,High,2.0,Yes,1
462606,Male,Yes,36,No,Executive,4.0,High,4.0,Yes,1
459049,Male,Yes,49,Yes,Executive,2.0,High,4.0,Yes,1
463119,Female,Yes,80,Yes,Lawyer,,High,2.0,Yes,3
462266,Male,No,25,Yes,Doctor,8.0,Low,5.0,No,0
466684,Female,Yes,46,Yes,Artist,0.0,Average,2.0,No,4
461382,Male,Yes,72,No,Executive,2.0,High,2.0,Yes,3
461174,Female,No,23,No,Marketing,,Low,4.0,No,2
462146,Male,No,67,Yes,Lawyer,1.0,High,3.0,Yes,3
464589,Male,Yes,30,No,Entertainment,11.0,Low,2.0,No,1
460892,Male,Yes,44,Yes,Engineer,,Average,4.0,Yes,1
459158,Male,No,36,No,Engineer,3.0,Low,3.0,No,2
462328,Male,No,27,No,Engineer,0.0,Low,5.0,No,2
467589,Male,No,33,No,Entertainment,1.0,Low,1.0,No,2
465602,Male,Yes,33,Yes,Artist,13.0,Low,2.0,No,1
466702,Male,Yes,62,,Lawyer,0.0,Low,1.0,No,3
461162,Female,No,41,No,Marketing,9.0,Low,3.0,No,2
464958,Female,Yes,43,No,Engineer,3.0,Average,5.0,Yes,4
460017,Male,Yes,36,Yes,Artist,9.0,High,2.0,Yes,1
462321,Female,No,42,Yes,Engineer,6.0,Low,1.0,No,0
463577,Female,Yes,37,Yes,Doctor,1.0,Average,2.0,Yes,4
467529,Male,Yes,47,Yes,Artist,,Average,2.0,No,1
464791,Male,Yes,41,No,Marketing,1.0,High,6.0,Yes,1
461297,Male,Yes,69,No,Lawyer,0.0,High,2.0,Yes,3
459744,Male,Yes,29,Yes,Artist,9.0,Average,2.0,No,1
459462,Female,Yes,69,Yes,Artist,0.0,High,2.0,Yes,4
465215,Male,Yes,43,Yes,Executive,7.0,High,6.0,Yes,1
466481,Male,No,40,Yes,Artist,2.0,Low,1.0,No,0
465402,Male,No,31,No,Healthcare,,Low,,No,2
460231,Male,Yes,59,Yes,Executive,11.0,High,3.0,Yes,1
464401,Female,Yes,66,Yes,Lawyer,4.0,Low,1.0,No,3
463109,Male,Yes,58,Yes,Executive,9.0,High,3.0,Yes,1
464089,Female,Yes,45,Yes,Artist,5.0,High,4.0,Yes,4
459245,Female,Yes,41,No,Engineer,0.0,Average,5.0,Yes,4
462613,Male,Yes,31,No,Engineer,1.0,Average,6.0,Yes,1
459476,Male,Yes,46,Yes,Artist,0.0,High,5.0,Yes,1
464911,Male,Yes,56,Yes,Artist,0.0,Average,3.0,No,1
462840,Female,No,23,No,Healthcare,9.0,Low,3.0,No,2
465796,Female,Yes,65,Yes,Artist,0.0,Average,4.0,No,4
462358,Male,No,32,No,Doctor,4.0,Average,1.0,Yes,0
461417,Female,No,37,Yes,Doctor,1.0,Low,3.0,No,0
461011,Male,Yes,56,Yes,Executive,1.0,High,3.0,Yes,1
464699,Male,No,29,No,Doctor,1.0,Low,5.0,No,2
465160,Male,Yes,59,Yes,Executive,1.0,High,4.0,Yes,1
461324,Female,No,48,Yes,Artist,4.0,Low,1.0,No,0
467623,Male,Yes,77,Yes,,0.0,High,2.0,Yes,1
467476,Male,No,32,Yes,Healthcare,1.0,Low,4.0,No,2
459732,Male,Yes,72,Yes,Executive,1.0,High,4.0,Yes,3
461408,Male,Yes,46,Yes,Marketing,1.0,Low,3.0,No,1
466088,Female,No,31,No,Healthcare,0.0,Low,7.0,No,2
465898,Female,No,37,Yes,Artist,12.0,Low,2.0,No,0
466107,Male,Yes,48,Yes,Entertainment,1.0,Average,6.0,No,1
466394,Female,Yes,42,No,Entertainment,6.0,Average,5.0,No,4
466287,Female,Yes,48,Yes,Doctor,1.0,Average,2.0,Yes,4
464856,Female,No,42,Yes,Engineer,8.0,Low,3.0,No,0
465401,Female,Yes,48,Yes,Artist,10.0,Low,2.0,No,4
466185,Male,Yes,57,Yes,Doctor,0.0,Average,4.0,Yes,1
460815,Male,Yes,55,Yes,Artist,0.0,High,2.0,Yes,1
466565,Male,Yes,29,No,Artist,6.0,Average,2.0,No,1
465298,Female,Yes,56,Yes,Doctor,0.0,Average,1.0,Yes,4
460107,Male,Yes,51,Yes,Engineer,1.0,Average,5.0,Yes,1
461558,Male,Yes,45,Yes,Engineer,4.0,Average,2.0,Yes,1
467558,Male,Yes,50,Yes,Doctor,0.0,Average,7.0,Yes,1
462658,Female,Yes,25,Yes,Homemaker,9.0,Average,2.0,No,4
465190,Female,Yes,46,Yes,Artist,1.0,High,4.0,Yes,4
460781,Female,Yes,32,Yes,Entertainment,1.0,High,4.0,Yes,4
460513,Male,No,27,No,Healthcare,2.0,Low,4.0,No,2
467494,Female,Yes,75,Yes,Lawyer,1.0,High,,Yes,3
465475,Female,Yes,36,Yes,Entertainment,0.0,Average,3.0,No,4
461042,Male,No,19,No,Healthcare,0.0,Low,,No,2
466980,Male,Yes,72,Yes,Lawyer,2.0,High,1.0,Yes,3
466323,Male,No,28,No,Doctor,4.0,Low,1.0,No,0
466344,Male,No,43,Yes,Entertainment,0.0,Low,2.0,No,0
462731,Female,Yes,46,Yes,Artist,3.0,High,4.0,Yes,4
464738,Female,Yes,70,No,Engineer,1.0,Average,1.0,Yes,4
459119,Male,Yes,61,Yes,Executive,9.0,High,3.0,Yes,1
466168,Female,Yes,46,Yes,Executive,0.0,High,2.0,Yes,4
462169,Female,Yes,43,Yes,Artist,2.0,High,2.0,Yes,4
461475,Female,Yes,52,No,Doctor,2.0,Average,4.0,Yes,4
466395,Female,Yes,37,Yes,Doctor,2.0,High,2.0,Yes,4
460949,Male,Yes,40,Yes,Doctor,1.0,Low,5.0,No,1
461885,Female,Yes,44,Yes,Artist,4.0,High,5.0,Yes,4
464566,Male,Yes,36,No,Executive,2.0,High,5.0,Yes,1
460652,Female,No,31,No,Homemaker,8.0,Low,1.0,No,0
462296,Female,Yes,51,Yes,Artist,0.0,High,3.0,Yes,4
460768,Female,No,32,No,Engineer,9.0,Low,4.0,No,2
466021,Male,No,87,No,Lawyer,1.0,Low,1.0,No,3
467748,Male,Yes,38,Yes,Executive,,High,4.0,Yes,1
466472,Male,No,38,Yes,Doctor,4.0,Low,1.0,No,0
467420,Male,Yes,52,Yes,Executive,0.0,High,5.0,Yes,1
459048,Female,No,18,No,Healthcare,0.0,Low,5.0,No,2
464333,Male,Yes,62,Yes,Executive,0.0,High,3.0,Yes,1
459662,Male,Yes,54,Yes,Entertainment,1.0,High,5.0,Yes,1
466138,Male,Yes,71,No,Lawyer,4.0,High,1.0,Yes,3
467411,Male,Yes,50,Yes,Artist,1.0,High,1.0,Yes,1
466635,Male,Yes,53,Yes,Artist,4.0,Average,2.0,No,1
462264,Male,Yes,45,Yes,Entertainment,0.0,Average,4.0,No,1
465199,Male,Yes,32,Yes,Entertainment,1.0,Low,2.0,No,1
466889,Male,Yes,52,Yes,Executive,0.0,High,4.0,Yes,1
461229,Female,Yes,28,Yes,Healthcare,0.0,Average,2.0,No,4
460786,Male,Yes,72,No,Lawyer,0.0,High,1.0,Yes,3
467765,Male,Yes,26,No,Entertainment,10.0,High,3.0,Yes,1
461740,Male,Yes,80,Yes,Lawyer,1.0,Low,1.0,No,3
461703,Female,Yes,29,Yes,Healthcare,0.0,Low,2.0,No,4
464249,Male,Yes,80,No,Lawyer,,High,3.0,Yes,3
467166,Female,Yes,25,No,Homemaker,8.0,Average,2.0,No,4
461760,Female,Yes,80,Yes,Artist,2.0,High,3.0,Yes,4
466164,Female,No,43,Yes,Engineer,9.0,Low,1.0,No,0
461242,Male,Yes,52,Yes,Healthcare,1.0,Low,2.0,No,1
465794,Female,No,32,No,,0.0,Low,4.0,No,2
464814,Male,Yes,53,Yes,Artist,0.0,High,7.0,Yes,1
460604,Female,Yes,46,No,Entertainment,8.0,High,1.0,Yes,4
462069,Male,Yes,36,Yes,Artist,0.0,Average,2.0,No,1
467802,Female,Yes,49,Yes,Artist,2.0,High,6.0,Yes,4
463929,Male,No,54,Yes,Doctor,11.0,Average,1.0,Yes,0
463306,Female,No,61,Yes,Engineer,1.0,High,5.0,Yes,4
467060,Male,No,39,No,Engineer,5.0,Low,2.0,No,0
464140,Male,Yes,80,Yes,Lawyer,0.0,High,1.0,Yes,3
462146,Male,Yes,71,Yes,Lawyer,2.0,High,5.0,Yes,3
461558,Male,Yes,45,Yes,Engineer,2.0,Average,2.0,Yes,1
461461,Male,Yes,36,No,Entertainment,9.0,Average,2.0,No,1
459326,Male,Yes,35,No,Healthcare,1.0,Low,5.0,No,2
464386,Male,Yes,36,No,Doctor,0.0,Average,2.0,Yes,1
466185,Male,Yes,58,No,Doctor,0.0,Average,4.0,Yes,1
461874,Male,Yes,50,Yes,Doctor,1.0,Average,4.0,Yes,1
459313,Male,Yes,42,No,Entertainment,0.0,Average,4.0,No,1
467543,Male,Yes,70,Yes,Lawyer,0.0,High,1.0,Yes,3
461521,Male,Yes,68,Yes,Artist,0.0,High,2.0,Yes,1
465095,Male,Yes,44,Yes,Executive,3.0,High,4.0,Yes,1
462853,Male,No,23,No,Healthcare,1.0,Low,2.0,No,2
464681,Female,Yes,21,No,Engineer,2.0,Average,6.0,Yes,4
463474,Male,Yes,51,No,Artist,3.0,Average,2.0,No,1
463253,Female,Yes,59,Yes,Doctor,0.0,Average,5.0,Yes,4
463358,Female,Yes,63,Yes,Doctor,6.0,Average,3.0,Yes,4
466355,Male,No,27,Yes,Healthcare,0.0,Low,2.0,No,0
465295,Female,,37,Yes,Doctor,6.0,Average,1.0,Yes,4
465812,Male,Yes,47,No,Artist,0.0,Average,5.0,No,1
467122,Male,Yes,73,No,Lawyer,0.0,High,1.0,Yes,3
459933,Female,Yes,30,Yes,Artist,8.0,Low,4.0,No,4
466889,Male,Yes,50,Yes,Executive,0.0,High,4.0,Yes,1
466865,Female,No,32,No,Homemaker,9.0,Low,5.0,No,2
466637,Male,Yes,48,Yes,Artist,1.0,High,5.0,Yes,1
459651,Male,Yes,87,Yes,Lawyer,,Low,1.0,No,3
459621,Female,No,29,No,Healthcare,8.0,Low,,No,2
460346,Female,Yes,40,Yes,Artist,12.0,Average,,No,4
463619,Male,Yes,71,No,Executive,2.0,High,2.0,Yes,3
463491,Male,Yes,27,Yes,Doctor,9.0,Average,3.0,Yes,1
467811,Male,Yes,72,Yes,Lawyer,1.0,Low,1.0,No,3
459816,Male,Yes,37,Yes,Doctor,,Low,2.0,No,1
459236,Male,Yes,80,No,Lawyer,1.0,High,1.0,Yes,3
465178,Female,Yes,80,Yes,Lawyer,1.0,High,3.0,Yes,3
462764,Male,No,18,No,Healthcare,,Low,4.0,No,2
466875,Female,No,36,Yes,Marketing,0.0,Low,2.0,No,0
464361,Male,Yes,50,Yes,Artist,1.0,Average,2.0,No,1
462431,Male,No,32,No,Entertainment,9.0,Low,4.0,No,2
463972,Male,Yes,66,Yes,Artist,0.0,Low,4.0,No,1
467674,Male,Yes,40,Yes,Artist,0.0,Average,2.0,No,1
462530,Male,Yes,42,Yes,Artist,,High,3.0,Yes,1
466973,Female,Yes,63,Yes,Marketing,2.0,Low,1.0,No,3
466022,Female,No,69,No,Engineer,,High,2.0,Yes,3
463595,Female,No,32,No,Healthcare,1.0,Low,5.0,No,2
462068,Male,Yes,59,Yes,Executive,0.0,High,4.0,Yes,1
465043,Male,Yes,43,Yes,Doctor,9.0,Average,5.0,Yes,1
464793,Female,Yes,24,No,Marketing,8.0,High,2.0,Yes,4
467751,Male,Yes,48,Yes,Artist,1.0,Average,3.0,No,1
465539,Female,Yes,48,Yes,Artist,1.0,High,6.0,Yes,4
462719,Female,Yes,53,Yes,Artist,0.0,High,5.0,Yes,4
465471,Male,Yes,43,Yes,Artist,0.0,Low,1.0,No,1
467736,Female,No,75,No,Lawyer,5.0,High,,Yes,3
461044,Male,No,21,No,Healthcare,1.0,Low,5.0,No,2
465470,Female,Yes,61,No,Engineer,1.0,Average,2.0,Yes,4
463940,Female,No,26,No,Healthcare,1.0,Low,8.0,No,2
464350,Female,Yes,86,Yes,Lawyer,0.0,High,2.0,Yes,3
460972,Male,Yes,42,Yes,Artist,14.0,Low,2.0,No,1
463687,Female,No,31,No,Healthcare,0.0,Low,5.0,No,2
461373,Male,No,53,Yes,Artist,1.0,Low,1.0,No,0
467057,Female,No,50,No,Entertainment,8.0,Low,2.0,No,0
459641,Female,Yes,58,Yes,Artist,4.0,Average,5.0,No,4
461386,Female,Yes,82,No,Lawyer,0.0,High,2.0,Yes,3
463034,Female,No,27,Yes,Homemaker,9.0,Low,1.0,No,0
463199,Female,Yes,52,Yes,Artist,1.0,Low,3.0,No,4
460317,Male,No,32,No,Doctor,10.0,Low,2.0,No,0
464077,Female,No,61,Yes,Artist,6.0,High,2.0,Yes,0
460381,Male,No,28,Yes,Artist,13.0,Low,2.0,No,0
462225,Male,Yes,53,No,Engineer,1.0,Average,9.0,Yes,1
460485,Female,No,18,No,Marketing,9.0,Low,5.0,No,2
461221,Female,No,30,No,Marketing,1.0,Low,4.0,No,2
462927,Female,No,26,No,Homemaker,9.0,Low,2.0,No,2
462301,Female,No,27,No,,12.0,Low,3.0,No,0
462814,Female,Yes,25,Yes,Engineer,10.0,Average,1.0,Yes,4
466114,Male,Yes,52,Yes,Entertainment,1.0,Average,5.0,No,1
466011,Male,Yes,74,Yes,Lawyer,1.0,High,2.0,Yes,3
461682,Male,Yes,75,No,Executive,1.0,High,2.0,Yes,3
462433,Female,Yes,28,Yes,Doctor,2.0,Average,2.0,Yes,4
464904,Female,Yes,33,No,Engineer,10.0,Average,2.0,Yes,4
459654,Male,Yes,51,Yes,Artist,5.0,Average,3.0,No,1
463094,Male,Yes,44,Yes,Engineer,12.0,Average,3.0,Yes,1
462224,Female,Yes,63,No,Engineer,4.0,Average,8.0,Yes,4
465266,Male,Yes,49,Yes,Entertainment,0.0,Average,5.0,No,1
464765,Male,Yes,52,Yes,Engineer,7.0,Average,6.0,Yes,1
466541,Male,No,41,Yes,Entertainment,1.0,Low,4.0,No,0
463730,Male,No,20,No,,2.0,Low,2.0,No,2
459660,Female,No,22,No,Healthcare,2.0,Low,6.0,No,2
465596,Female,,39,Yes,Healthcare,8.0,High,1.0,Yes,4
467583,Male,Yes,47,Yes,Executive,9.0,Low,,No,1
465229,Male,Yes,43,Yes,Executive,0.0,High,3.0,Yes,1
465073,Male,Yes,69,No,Executive,1.0,High,2.0,Yes,3
464998,Male,Yes,57,Yes,Artist,3.0,High,1.0,Yes,1
465101,Female,Yes,88,Yes,Lawyer,1.0,Low,1.0,No,3
463333,Female,No,18,No,Healthcare,0.0,Low,3.0,No,2
466520,Male,,56,,Engineer,4.0,Average,2.0,Yes,1
462311,Male,Yes,56,Yes,Executive,,High,9.0,Yes,1
462725,Male,Yes,80,Yes,Lawyer,1.0,High,1.0,Yes,3
460052,Female,No,81,Yes,Lawyer,1.0,Low,1.0,No,3
464420,Female,Yes,60,No,Artist,9.0,High,1.0,Yes,4
466213,Male,No,23,No,Healthcare,4.0,Low,5.0,No,2
465540,Female,Yes,33,No,Engineer,,High,3.0,Yes,4
467493,Male,Yes,47,Yes,Executive,1.0,High,4.0,Yes,1
460713,Male,Yes,49,Yes,Doctor,0.0,Average,3.0,Yes,1
466340,Male,No,19,No,Healthcare,1.0,Low,3.0,No,2
467699,Female,Yes,34,Yes,Doctor,0.0,Average,2.0,Yes,4
461325,Male,No,61,Yes,Entertainment,1.0,Low,3.0,No,0
462172,Male,Yes,40,Yes,Doctor,0.0,Average,2.0,Yes,1
463254,Female,Yes,37,No,Executive,0.0,High,2.0,Yes,4
459683,Female,Yes,61,Yes,Engineer,0.0,Average,4.0,Yes,4
467571,Male,No,23,No,Marketing,0.0,Low,,No,2
460556,Female,Yes,38,Yes,,1.0,Low,1.0,No,4
461987,Female,Yes,44,No,Engineer,0.0,Average,2.0,Yes,4
463218,Male,Yes,42,No,Entertainment,9.0,Average,3.0,No,1
461096,Female,No,33,No,Engineer,9.0,Low,4.0,No,2
463507,Male,Yes,49,No,Artist,1.0,Low,1.0,No,1
463521,Male,Yes,45,Yes,Executive,1.0,High,4.0,Yes,1
465690,Female,Yes,49,No,Healthcare,,Average,2.0,No,4
459099,Male,Yes,32,Yes,Doctor,6.0,Average,3.0,Yes,1
467235,Female,No,31,Yes,Artist,0.0,Low,2.0,No,0
464345,Female,Yes,53,Yes,Artist,2.0,High,3.0,Yes,4
465730,Male,Yes,43,Yes,Executive,6.0,High,3.0,Yes,1
464386,Male,Yes,40,No,Doctor,2.0,Average,4.0,Yes,1
465349,Female,No,45,Yes,Artist,0.0,High,4.0,Yes,4
464772,Female,Yes,43,No,Engineer,9.0,Average,4.0,Yes,4
462440,Female,No,23,No,Healthcare,9.0,Low,4.0,No,2
466823,Male,Yes,40,Yes,Artist,1.0,Low,2.0,No,1
459066,Male,Yes,47,Yes,Executive,8.0,High,4.0,Yes,1
463553,Male,No,27,Yes,Artist,9.0,Low,2.0,No,0
463748,Male,No,20,No,Healthcare,1.0,Low,3.0,No,2
460931,Male,Yes,40,Yes,Entertainment,2.0,Average,5.0,No,1
463505,Male,No,31,Yes,Healthcare,,Low,1.0,No,0
462530,Female,Yes,42,Yes,Artist,,High,1.0,Yes,4
464457,Female,No,53,Yes,Artist,9.0,Low,1.0,No,0
464493,Female,Yes,65,Yes,Lawyer,4.0,Average,3.0,Yes,3
460698,Female,Yes,66,No,Artist,,Average,2.0,No,4
465416,Male,Yes,50,No,Engineer,0.0,High,3.0,Yes,1
464810,Female,No,27,No,Engineer,1.0,Low,1.0,No,0
467748,Male,Yes,33,Yes,Executive,,High,3.0,Yes,1
464250,Male,Yes,57,Yes,Executive,4.0,High,2.0,Yes,1
466944,Male,Yes,47,No,Entertainment,1.0,Low,1.0,No,1
465625,Male,No,42,Yes,Artist,11.0,Low,2.0,No,0
466408,Male,Yes,76,Yes,Lawyer,1.0,Low,2.0,No,3
467389,Male,No,43,No,Engineer,1.0,Low,,No,2
459769,Male,No,42,Yes,Marketing,1.0,Low,,No,2
461687,Female,Yes,77,Yes,Artist,1.0,High,2.0,Yes,4
467653,Male,Yes,54,No,Lawyer,2.0,High,3.0,Yes,3
460904,Female,No,35,No,Entertainment,1.0,Low,1.0,No,0
460536,Male,No,33,No,Engineer,2.0,Low,4.0,No,2
465437,Male,Yes,47,Yes,Executive,1.0,High,4.0,Yes,1
462772,Female,Yes,40,Yes,Healthcare,1.0,High,5.0,Yes,4
460024,Female,Yes,43,Yes,Entertainment,8.0,Low,1.0,No,4
463048,Male,Yes,51,Yes,Homemaker,,High,4.0,Yes,1
463708,Female,Yes,23,No,Engineer,0.0,Average,2.0,Yes,4
463443,Male,Yes,50,Yes,Artist,1.0,Average,4.0,No,1
461038,Female,Yes,49,Yes,Engineer,1.0,High,5.0,Yes,4
464089,Female,No,40,No,Artist,4.0,High,4.0,Yes,4
467785,Male,Yes,43,No,Artist,1.0,Low,2.0,No,1
467411,Male,Yes,54,Yes,Artist,0.0,High,2.0,Yes,1
467770,Female,Yes,53,Yes,Artist,7.0,High,3.0,Yes,4
464727,Male,Yes,38,Yes,Engineer,1.0,Average,4.0,Yes,1
461528,Female,No,33,Yes,Engineer,1.0,Low,2.0,No,0
466210,Female,Yes,61,Yes,Artist,0.0,High,3.0,Yes,4
467516,Female,Yes,27,No,Artist,0.0,High,4.0,Yes,4
465184,Female,Yes,46,No,Engineer,1.0,Average,5.0,Yes,4
465395,Female,Yes,43,No,Engineer,2.0,Average,4.0,Yes,4
467151,Male,No,37,No,Entertainment,,Low,1.0,No,2
460265,Female,Yes,57,Yes,Executive,1.0,High,5.0,Yes,4
466161,Male,Yes,46,No,Artist,0.0,Average,,No,1
462430,Male,Yes,47,Yes,Executive,1.0,High,3.0,Yes,1
459028,Male,Yes,54,Yes,Executive,2.0,High,4.0,Yes,1
460781,Female,Yes,35,No,Entertainment,3.0,High,3.0,Yes,4
464165,Female,No,55,No,Entertainment,3.0,Low,1.0,No,0
459983,Female,Yes,50,Yes,Artist,2.0,Low,1.0,No,4
467636,Male,Yes,42,Yes,Doctor,3.0,Average,1.0,Yes,1
464306,Male,No,29,Yes,Artist,3.0,Low,1.0,No,0
461723,Male,No,26,Yes,Healthcare,8.0,Low,2.0,No,0
459030,Male,Yes,44,No,Executive,4.0,High,6.0,Yes,1
461789,Male,Yes,72,Yes,Executive,0.0,High,2.0,Yes,3
459696,Male,Yes,43,Yes,Engineer,0.0,Average,2.0,Yes,1
462032,Female,Yes,69,Yes,Artist,0.0,Low,2.0,No,4
467212,Female,No,28,Yes,Doctor,1.0,Low,3.0,No,0
460230,Male,No,28,Yes,Healthcare,1.0,Low,4.0,No,2
459230,Male,Yes,47,Yes,Artist,5.0,High,4.0,Yes,1
465620,Male,No,37,Yes,Artist,8.0,Low,3.0,No,0
465527,Female,No,26,No,Entertainment,6.0,Low,8.0,No,2
460002,Female,Yes,58,Yes,Doctor,5.0,Average,3.0,Yes,4
466951,Female,Yes,56,Yes,Artist,1.0,High,4.0,Yes,4
464156,Male,Yes,62,Yes,Artist,10.0,Low,1.0,No,1
463995,Female,No,33,Yes,Healthcare,1.0,Low,5.0,No,2
460415,Female,No,59,Yes,Entertainment,1.0,Low,2.0,No,0
467092,Female,No,28,Yes,Healthcare,7.0,Low,4.0,No,0
465151,Male,Yes,59,Yes,Artist,0.0,Low,1.0,No,1
467728,Female,Yes,34,No,Engineer,0.0,High,4.0,Yes,4
463139,Male,Yes,65,Yes,Executive,0.0,High,5.0,Yes,1
463089,Male,Yes,50,Yes,Executive,8.0,High,5.0,Yes,1
464185,Male,No,67,Yes,Artist,6.0,High,2.0,Yes,1
464326,Female,No,38,Yes,Artist,1.0,Low,3.0,No,0
460497,Male,Yes,35,Yes,Entertainment,6.0,Low,5.0,No,1
466347,Male,Yes,71,No,Executive,5.0,Low,3.0,No,1
462410,Female,No,32,No,Healthcare,1.0,Low,5.0,No,2
461646,Female,Yes,60,Yes,Artist,,High,4.0,Yes,4
463139,Male,Yes,60,Yes,Executive,1.0,High,6.0,Yes,1
464162,Male,Yes,80,Yes,Lawyer,,High,2.0,Yes,3
461168,Female,Yes,31,Yes,Engineer,3.0,Average,1.0,Yes,4
460880,Male,No,42,Yes,Artist,4.0,Low,2.0,No,0
465593,Male,Yes,59,No,Lawyer,1.0,High,3.0,Yes,3
467139,Female,No,30,Yes,Artist,0.0,Low,3.0,No,0
467746,Male,Yes,50,Yes,Executive,0.0,High,3.0,Yes,1
467653,Male,Yes,58,Yes,Lawyer,2.0,High,2.0,Yes,3
463058,Female,No,28,Yes,Homemaker,11.0,Low,1.0,No,0
463456,Male,Yes,44,Yes,Entertainment,0.0,High,3.0,Yes,1
461485,Female,Yes,62,Yes,Engineer,2.0,Average,4.0,Yes,4
461774,Female,Yes,80,Yes,Lawyer,0.0,High,2.0,Yes,3
466728,Male,Yes,33,No,Doctor,0.0,Average,1.0,Yes,1
461480,Female,Yes,62,Yes,Artist,2.0,High,4.0,Yes,4
465051,Male,No,58,Yes,Marketing,0.0,High,2.0,Yes,3
466797,Female,No,23,No,Healthcare,1.0,Low,4.0,No,2
465486,Female,Yes,61,No,Artist,0.0,High,2.0,Yes,4
460871,Female,No,27,Yes,Healthcare,,Low,,No,0
464169,Male,,80,No,Lawyer,0.0,High,3.0,Yes,3
459132,Male,No,20,No,Entertainment,5.0,Low,2.0,No,2
465829,Female,Yes,40,No,Doctor,6.0,Average,3.0,Yes,4
461166,Female,Yes,46,Yes,Entertainment,5.0,High,,Yes,4
461176,Female,Yes,64,No,Engineer,7.0,Average,5.0,Yes,4
467416,Female,No,38,Yes,Doctor,8.0,Low,1.0,No,0
465095,Male,Yes,47,Yes,Executive,2.0,High,4.0,Yes,1
462881,Female,Yes,67,No,Artist,0.0,High,2.0,Yes,4
466889,Male,Yes,53,Yes,Executive,2.0,High,3.0,Yes,1
459342,Female,Yes,79,No,Lawyer,0.0,High,2.0,Yes,3
463827,Female,Yes,49,Yes,Engineer,1.0,Average,4.0,Yes,4
464523,Female,No,30,Yes,Healthcare,13.0,Low,,No,0
467046,Female,No,28,No,Doctor,0.0,Low,5.0,No,2
466134,Male,Yes,38,Yes,Doctor,0.0,High,3.0,Yes,1
465964,Female,Yes,47,No,Marketing,2.0,Low,1.0,No,3
459425,Female,Yes,80,No,Lawyer,0.0,High,3.0,Yes,3
462841,Male,No,19,No,Healthcare,8.0,Low,6.0,No,2
464496,Female,Yes,38,No,Marketing,2.0,High,5.0,Yes,3
465671,Female,Yes,35,No,Engineer,2.0,Average,5.0,Yes,4
465936,Male,No,35,Yes,Artist,6.0,Low,3.0,No,0
463078,Male,Yes,80,No,Executive,0.0,High,2.0,Yes,3
466012,Male,Yes,56,,Artist,2.0,Average,3.0,No,1
463428,Female,Yes,28,No,Executive,0.0,High,6.0,Yes,4
464321,Female,No,28,,Engineer,0.0,Low,3.0,No,0
460877,Female,Yes,47,No,Artist,0.0,Average,5.0,No,4
464366,Male,Yes,55,Yes,Entertainment,2.0,Average,2.0,No,1
464504,Male,No,29,Yes,Healthcare,0.0,Low,4.0,No,2
459950,Female,No,40,Yes,Artist,0.0,Low,1.0,No,0
467548,Male,Yes,43,Yes,Artist,2.0,High,1.0,Yes,1
462710,Female,No,28,Yes,Marketing,2.0,Low,3.0,No,2
464288,Female,No,33,Yes,Doctor,9.0,Low,2.0,No,0
460229,Female,Yes,65,Yes,Lawyer,4.0,High,1.0,Yes,3
461720,Female,No,51,Yes,Artist,1.0,Low,1.0,No,0
460633,Male,Yes,37,Yes,,,High,2.0,Yes,1
460650,Female,,20,No,Homemaker,13.0,Low,1.0,No,4
463108,Male,Yes,56,Yes,Lawyer,7.0,High,1.0,Yes,3
461859,Female,Yes,46,No,Artist,5.0,Low,5.0,No,4
462552,Male,No,31,Yes,Artist,1.0,Low,2.0,No,0
467797,Male,Yes,63,Yes,Artist,0.0,High,3.0,Yes,1
461667,Male,Yes,46,Yes,Doctor,0.0,Average,3.0,Yes,1
465060,Female,Yes,75,Yes,Lawyer,15.0,High,4.0,Yes,3
464709,Male,Yes,35,No,Executive,8.0,High,6.0,Yes,1
463598,Female,Yes,32,No,Engineer,3.0,Low,2.0,No,4
461129,Female,Yes,63,Yes,Entertainment,0.0,Average,4.0,No,4
462270,Male,Yes,56,Yes,Doctor,2.0,Average,5.0,Yes,1
459784,Female,Yes,54,Yes,Engineer,0.0,High,4.0,Yes,4
460225,Female,Yes,74,Yes,Lawyer,5.0,High,2.0,Yes,3
459578,Male,Yes,35,Yes,Executive,2.0,Average,5.0,No,1
465736,Female,No,36,Yes,Artist,8.0,Low,2.0,No,0
459984,Female,Yes,36,Yes,Entertainment,0.0,Average,3.0,No,4
467376,Female,Yes,47,Yes,Doctor,8.0,Average,2.0,Yes,4
461057,Male,Yes,42,Yes,Artist,0.0,High,5.0,Yes,1
461668,Male,Yes,50,Yes,Artist,3.0,Average,4.0,No,1
467321,Female,Yes,63,Yes,Artist,9.0,Low,2.0,No,4
461306,Male,No,21,No,Doctor,,Low,4.0,No,2
465680,Male,Yes,31,No,Healthcare,0.0,Average,5.0,No,1
459406,Male,Yes,67,No,Executive,0.0,High,3.0,Yes,3
467765,Male,Yes,30,No,Entertainment,7.0,High,3.0,Yes,1
462203,Male,Yes,72,No,Executive,2.0,High,7.0,Yes,1
467726,Male,Yes,82,Yes,Lawyer,0.0,High,2.0,Yes,3
462306,Male,Yes,80,No,Lawyer,6.0,High,2.0,Yes,3
464952,Female,Yes,70,No,Engineer,0.0,Average,2.0,Yes,4
462180,Female,Yes,60,Yes,Engineer,4.0,Average,4.0,Yes,4
466177,Female,Yes,49,Yes,Artist,0.0,Average,3.0,No,4
459289,Male,No,39,Yes,Doctor,1.0,Low,1.0,No,0
465342,Male,Yes,83,Yes,Executive,0.0,High,2.0,Yes,3
461885,Female,Yes,49,Yes,Artist,3.0,High,5.0,Yes,4
463701,Male,Yes,51,Yes,Marketing,3.0,High,3.0,Yes,3
462234,Male,Yes,27,No,,1.0,Average,6.0,No,1
460540,Female,Yes,30,No,Artist,1.0,Average,2.0,No,4
462139,Female,No,27,Yes,Healthcare,1.0,Low,4.0,No,2
459385,Female,Yes,41,Yes,Artist,0.0,Average,2.0,No,4
459804,Male,Yes,48,No,Artist,2.0,High,3.0,Yes,1
461038,Female,Yes,45,Yes,Engineer,3.0,High,6.0,Yes,4
460746,Male,No,22,No,Marketing,1.0,Low,3.0,No,2
462172,Male,Yes,37,No,Doctor,0.0,Average,3.0,Yes,1
459843,Male,Yes,52,No,Artist,,Average,6.0,No,1
463571,Female,No,32,Yes,Marketing,0.0,Low,3.0,No,2
460713,Female,Yes,48,Yes,Doctor,1.0,Average,3.0,Yes,4
463743,Male,No,32,No,Artist,0.0,Low,4.0,No,2
463231,Male,Yes,50,Yes,Artist,1.0,Average,3.0,No,1
464164,Female,Yes,81,Yes,Lawyer,0.0,High,2.0,Yes,3
460438,Male,Yes,58,No,Executive,0.0,High,4.0,Yes,1
462880,Male,Yes,24,No,Executive,2.0,High,2.0,Yes,1
465829,Female,Yes,35,Yes,Doctor,7.0,Average,3.0,Yes,4
461856,Female,Yes,45,Yes,Artist,3.0,High,4.0,Yes,4
467836,Male,Yes,67,No,Executive,0.0,High,4.0,Yes,3
465097,Male,Yes,76,No,Lawyer,1.0,High,2.0,Yes,3
467448,Female,Yes,49,No,Engineer,0.0,Low,1.0,No,4
467543,Male,Yes,66,Yes,Lawyer,2.0,High,1.0,Yes,3
460270,Male,No,42,Yes,Doctor,9.0,Low,1.0,No,0
467178,Female,Yes,55,No,Lawyer,0.0,High,4.0,Yes,3
466706,Male,Yes,67,Yes,Lawyer,0.0,Low,2.0,No,3
461495,Male,Yes,35,Yes,Artist,1.0,Average,3.0,No,1
463168,Female,Yes,41,Yes,Doctor,6.0,Average,2.0,Yes,4
463462,Female,Yes,39,No,Engineer,2.0,Average,5.0,Yes,4
466010,Female,Yes,69,No,Doctor,0.0,Low,1.0,No,4
464539,Male,Yes,46,No,Executive,2.0,High,3.0,Yes,1
466031,Female,No,30,No,Entertainment,6.0,Low,1.0,No,0
461117,Female,No,30,Yes,Healthcare,0.0,Low,6.0,No,2
466089,Male,No,59,No,Entertainment,0.0,Low,3.0,No,2
461342,Male,Yes,43,Yes,Executive,1.0,High,3.0,Yes,1
464602,Female,Yes,31,Yes,Healthcare,0.0,Low,1.0,No,4
462330,Female,No,30,No,Artist,1.0,Low,1.0,No,0
465788,Male,No,22,No,Healthcare,1.0,Low,6.0,No,2
465519,Female,Yes,72,No,Lawyer,1.0,High,3.0,Yes,3
460121,Male,Yes,58,Yes,Engineer,1.0,Average,4.0,Yes,1
459218,Male,Yes,80,Yes,Lawyer,0.0,High,3.0,Yes,3
464717,Male,Yes,30,No,Executive,3.0,High,7.0,Yes,1
459330,Male,No,33,No,Marketing,11.0,Low,9.0,No,2
465272,Male,No,44,Yes,Executive,0.0,High,7.0,Yes,1
459093,Male,Yes,43,Yes,Doctor,6.0,Average,2.0,Yes,1
467459,Male,Yes,45,Yes,Executive,,High,6.0,Yes,1
463973,Male,Yes,56,No,Executive,,High,5.0,Yes,1
467361,Female,Yes,26,No,Homemaker,,Low,4.0,No,2
463675,Male,Yes,71,No,Entertainment,1.0,Low,2.0,No,1
463152,Female,Yes,57,Yes,Doctor,1.0,Average,4.0,Yes,4
459750,Female,Yes,39,Yes,Engineer,0.0,Average,2.0,Yes,4
465100,Male,Yes,56,No,Artist,2.0,High,2.0,Yes,1
466722,Male,No,40,No,Executive,2.0,High,3.0,Yes,2
461362,Female,No,27,Yes,Doctor,0.0,Low,4.0,No,0
466201,Male,Yes,42,Yes,Doctor,1.0,Average,5.0,Yes,1
458993,Male,Yes,29,No,Doctor,0.0,Low,2.0,No,1
460012,Female,Yes,50,Yes,Artist,1.0,High,3.0,Yes,4
459232,Female,Yes,59,Yes,Artist,0.0,High,2.0,Yes,4
461872,Female,Yes,72,Yes,Lawyer,0.0,High,2.0,Yes,3
462888,Male,Yes,39,Yes,Executive,,High,3.0,Yes,1
459661,Male,Yes,67,No,Executive,0.0,High,2.0,Yes,3
466302,Male,Yes,49,No,Homemaker,2.0,High,2.0,Yes,3
467905,Male,Yes,40,Yes,Executive,0.0,High,4.0,Yes,1
459117,Male,Yes,71,Yes,Artist,0.0,High,3.0,Yes,1
459204,Female,Yes,37,Yes,Engineer,0.0,Average,2.0,Yes,4
466746,Female,Yes,73,Yes,Lawyer,0.0,High,3.0,Yes,3
461667,Male,Yes,44,Yes,Doctor,1.0,Average,2.0,Yes,1
467014,Male,Yes,38,Yes,Executive,7.0,High,3.0,Yes,1
460124,Female,No,43,Yes,Artist,1.0,Low,3.0,No,0
464387,Female,No,27,Yes,Artist,9.0,Low,5.0,No,0
464942,Male,No,19,No,Healthcare,4.0,Low,4.0,No,2
461040,Female,Yes,69,No,Lawyer,0.0,Low,1.0,No,3
461530,Male,Yes,42,Yes,Engineer,1.0,Low,2.0,No,1
464328,Male,Yes,80,No,Lawyer,2.0,High,2.0,Yes,3
463096,Female,No,33,Yes,Doctor,,Low,3.0,No,0
461566,Male,No,28,Yes,Artist,0.0,Low,4.0,No,0
461067,Male,No,21,No,Healthcare,1.0,Low,3.0,No,2
463741,Female,Yes,32,Yes,Artist,0.0,High,3.0,Yes,4
466838,Male,Yes,41,No,Executive,0.0,Low,3.0,No,1
464915,Male,Yes,39,Yes,Executive,,High,3.0,Yes,1
465293,Female,Yes,47,Yes,Artist,1.0,High,5.0,Yes,4
459733,Male,Yes,48,Yes,Executive,1.0,High,3.0,Yes,1
460107,Male,Yes,47,No,Engineer,0.0,Average,5.0,Yes,1
464079,Female,Yes,33,No,Doctor,14.0,Average,1.0,Yes,4
464380,Female,Yes,49,Yes,Artist,6.0,Average,6.0,No,4
459557,Female,,26,No,Entertainment,3.0,High,,Yes,4
463076,Female,No,51,Yes,Artist,0.0,Low,2.0,No,0
463657,Male,Yes,46,Yes,Executive,0.0,High,1.0,Yes,1
465536,Female,No,25,Yes,Doctor,,Average,3.0,Yes,0
462939,Male,Yes,41,Yes,Doctor,1.0,High,4.0,Yes,1
466204,Male,Yes,50,Yes,Artist,0.0,Average,3.0,No,1
460913,Male,,22,No,Healthcare,1.0,Low,5.0,No,2
461586,Male,No,36,Yes,Artist,6.0,Low,3.0,No,0
464308,Female,Yes,75,Yes,Lawyer,2.0,High,3.0,Yes,3
463855,Female,Yes,40,Yes,Artist,1.0,Average,2.0,No,4
461460,Male,Yes,43,Yes,Executive,5.0,High,4.0,Yes,1
467011,Female,Yes,80,Yes,Lawyer,,High,3.0,Yes,3
461708,Male,Yes,84,No,Lawyer,0.0,High,2.0,Yes,3
460665,Male,No,29,No,Entertainment,5.0,Low,1.0,No,0
461448,Male,Yes,64,Yes,Doctor,0.0,High,3.0,Yes,1
463825,Female,Yes,45,Yes,Artist,1.0,Average,3.0,No,4
461608,Male,No,60,Yes,Executive,,High,5.0,Yes,1
464377,Female,No,51,Yes,Entertainment,0.0,Low,1.0,No,0
462935,Male,Yes,79,No,Entertainment,1.0,Low,1.0,No,3
466671,Female,,33,No,Healthcare,2.0,Low,3.0,No,4
463007,Male,Yes,29,No,Executive,,High,3.0,Yes,1
461337,Male,Yes,53,No,Executive,0.0,High,3.0,Yes,1
467859,Male,Yes,39,Yes,Doctor,6.0,Average,2.0,Yes,1
463143,Female,Yes,52,Yes,Entertainment,,Low,2.0,No,4
466764,Female,Yes,69,Yes,Lawyer,12.0,High,2.0,Yes,3
465025,Male,Yes,72,Yes,Executive,0.0,High,2.0,Yes,3
462034,Female,Yes,38,Yes,Artist,9.0,High,2.0,Yes,4
462945,Male,Yes,51,Yes,Artist,1.0,Average,4.0,No,1
462443,Male,No,20,No,Healthcare,1.0,Low,2.0,No,2
467818,Female,Yes,33,Yes,Artist,3.0,High,4.0,Yes,4
460953,Male,Yes,59,No,Entertainment,1.0,Low,2.0,No,1
466542,Female,Yes,73,Yes,Lawyer,1.0,High,2.0,Yes,3
462770,Male,No,18,No,Healthcare,,Low,3.0,No,2
463816,Male,Yes,48,Yes,Healthcare,3.0,High,5.0,Yes,1
464905,Male,,80,No,Executive,,High,2.0,Yes,3
461245,Male,Yes,39,Yes,,5.0,Average,3.0,No,1
464128,Male,Yes,52,No,Entertainment,0.0,Average,4.0,No,1
467884,Female,Yes,29,Yes,Engineer,10.0,High,7.0,Yes,4
461849,Male,No,32,No,Healthcare,0.0,Low,4.0,No,2
460279,Female,Yes,25,No,Entertainment,8.0,High,2.0,Yes,4
464555,Male,Yes,28,Yes,Marketing,13.0,High,4.0,Yes,1
464276,Female,Yes,66,No,Marketing,0.0,High,3.0,Yes,3
465103,Male,Yes,80,Yes,Lawyer,3.0,High,1.0,Yes,3
462244,Male,Yes,80,No,Executive,0.0,High,4.0,Yes,3
462217,Female,No,42,Yes,Executive,,Low,1.0,No,0
460232,Male,No,22,No,Healthcare,8.0,Low,4.0,No,2
459418,Male,Yes,67,No,Executive,0.0,High,3.0,Yes,3
459705,Male,Yes,25,Yes,Entertainment,1.0,Average,2.0,No,1
464690,Male,Yes,43,No,Engineer,0.0,Average,,Yes,1
461772,Female,Yes,36,Yes,Engineer,3.0,Average,2.0,Yes,4
463944,Male,No,29,No,Artist,0.0,Low,5.0,No,2
465172,Female,Yes,41,Yes,Artist,9.0,Average,2.0,No,4
466064,Female,Yes,31,No,Entertainment,0.0,Average,2.0,No,4
464999,Male,Yes,64,Yes,Lawyer,3.0,High,1.0,Yes,3
467744,Male,No,36,Yes,Artist,9.0,Low,1.0,No,0
467062,Female,No,55,Yes,Artist,1.0,Low,1.0,No,0
463979,Female,Yes,50,Yes,Homemaker,0.0,High,1.0,Yes,3
463567,Female,Yes,37,Yes,Doctor,0.0,Average,2.0,Yes,4
464797,Female,Yes,38,No,Engineer,9.0,Average,4.0,Yes,4
463776,Female,Yes,39,Yes,Artist,3.0,Average,2.0,No,4
467078,Female,Yes,31,No,Healthcare,,High,1.0,Yes,4
467013,Male,Yes,61,Yes,Executive,2.0,High,3.0,Yes,1
465011,Male,Yes,71,Yes,Executive,1.0,High,3.0,Yes,3
459632,Female,Yes,47,No,Marketing,1.0,High,4.0,Yes,3
464673,Female,Yes,46,No,Executive,1.0,High,8.0,Yes,4
462857,Male,No,18,No,Healthcare,1.0,Low,3.0,No,2
467280,Female,No,28,No,Entertainment,10.0,Low,2.0,No,0
466197,Female,Yes,31,No,Engineer,8.0,Low,2.0,No,4
462886,Male,Yes,70,No,Doctor,1.0,High,2.0,Yes,1
465196,Female,No,33,Yes,Artist,3.0,Low,2.0,No,0
461110,Male,No,18,No,Healthcare,,Low,3.0,No,2
464405,Male,No,62,Yes,Entertainment,,Low,1.0,No,0
465916,Male,No,42,Yes,Artist,3.0,Low,1.0,No,0
465220,Male,Yes,61,No,Executive,0.0,High,2.0,Yes,3
462918,Male,Yes,38,Yes,Doctor,11.0,Average,3.0,Yes,1
463790,Male,Yes,51,No,Executive,0.0,Low,4.0,No,1
460237,Female,No,40,Yes,Healthcare,9.0,Low,1.0,No,0
459938,Male,No,61,Yes,Artist,1.0,Low,1.0,No,0
461597,Female,Yes,38,No,Doctor,1.0,Average,5.0,Yes,4
465730,Male,Yes,45,Yes,Executive,4.0,High,4.0,Yes,1
461266,Female,No,35,Yes,Artist,,Low,1.0,No,0
462619,Male,,59,No,,0.0,High,,Yes,1
462669,Female,Yes,45,No,Entertainment,,High,5.0,Yes,4
466302,Female,Yes,47,No,Homemaker,3.0,High,3.0,Yes,3
460046,Female,Yes,49,Yes,Artist,3.0,Low,2.0,No,4
460862,Male,Yes,52,No,Entertainment,1.0,Average,4.0,No,1
464507,Male,No,53,Yes,Artist,0.0,High,3.0,Yes,1
464740,Female,Yes,59,No,Artist,1.0,Low,3.0,No,4
467876,Female,Yes,47,Yes,Artist,10.0,High,3.0,Yes,4
465373,Male,Yes,49,Yes,Artist,4.0,Average,4.0,No,1
467494,Female,No,80,No,Lawyer,1.0,High,,Yes,3
465028,Female,Yes,68,Yes,Lawyer,3.0,High,4.0,Yes,3
467045,Male,Yes,51,Yes,Entertainment,0.0,Low,2.0,No,1
466143,Female,Yes,50,No,Engineer,1.0,Average,6.0,Yes,4
467034,Male,Yes,89,No,Executive,0.0,High,2.0,Yes,3
463055,Female,No,27,Yes,Doctor,1.0,Low,4.0,No,0
467348,Female,Yes,33,Yes,Homemaker,,Average,3.0,No,4
461167,Male,Yes,29,Yes,Marketing,1.0,High,2.0,Yes,1
465040,Male,Yes,63,No,Lawyer,0.0,Average,1.0,Yes,3
460951,Female,Yes,56,No,Engineer,3.0,Average,8.0,Yes,4
467949,Male,No,22,No,Healthcare,1.0,Low,4.0,No,2
467961,Female,No,43,Yes,Executive,3.0,High,5.0,Yes,4
460003,Male,No,49,Yes,Doctor,5.0,Low,1.0,No,0
467899,Male,Yes,66,Yes,Artist,1.0,Average,2.0,No,1
460134,Female,Yes,39,Yes,Entertainment,10.0,High,2.0,Yes,4
461049,Female,Yes,57,Yes,Doctor,0.0,Low,7.0,No,4
461263,Female,Yes,48,Yes,Artist,1.0,Low,1.0,No,4
467742,Male,Yes,60,Yes,Artist,3.0,High,5.0,Yes,1
466855,Male,Yes,69,No,Entertainment,0.0,Low,5.0,No,1
466360,Male,No,25,No,Healthcare,0.0,Low,3.0,No,2
462407,Male,Yes,37,No,Doctor,2.0,Average,4.0,Yes,1
466947,Male,Yes,55,No,Executive,1.0,High,6.0,Yes,1
467023,Male,Yes,24,No,Doctor,10.0,Average,1.0,Yes,1
461180,Male,No,28,No,Entertainment,0.0,Low,3.0,No,2
462418,Male,Yes,62,Yes,Engineer,10.0,Average,3.0,Yes,1
465235,Male,No,41,Yes,Healthcare,0.0,High,2.0,Yes,1
465632,Male,No,37,Yes,Artist,4.0,Low,7.0,No,2
465838,Female,Yes,48,No,Doctor,1.0,Average,3.0,Yes,4
465377,Male,Yes,26,Yes,Artist,5.0,Average,,No,1
461986,Male,No,31,Yes,Healthcare,14.0,Low,4.0,No,0
465948,Female,Yes,46,Yes,Artist,1.0,Average,2.0,No,4
467261,Female,Yes,74,No,Lawyer,0.0,High,1.0,Yes,3
466828,Male,Yes,50,Yes,Executive,0.0,High,4.0,Yes,1
461860,Female,Yes,81,Yes,Lawyer,1.0,High,2.0,Yes,3
461594,Female,Yes,59,Yes,Artist,,Average,2.0,No,4
466200,Male,Yes,55,Yes,Doctor,9.0,Average,2.0,Yes,1
461635,Male,Yes,43,Yes,Executive,6.0,High,3.0,Yes,1
463214,Female,No,25,No,Engineer,1.0,Low,1.0,No,0
459143,Female,Yes,43,No,Artist,0.0,High,4.0,Yes,4
462125,Male,Yes,22,No,Healthcare,1.0,Average,4.0,No,1
464863,Female,Yes,28,No,Engineer,7.0,Average,9.0,Yes,4
467082,Female,Yes,76,Yes,Artist,2.0,High,2.0,Yes,4
465223,Male,Yes,51,Yes,Artist,,Average,4.0,No,1
459209,Female,No,21,No,Entertainment,1.0,Low,4.0,No,2
465344,Female,Yes,72,Yes,Lawyer,1.0,High,3.0,Yes,3
464038,Male,Yes,40,Yes,Artist,1.0,Low,2.0,No,1
463040,Male,Yes,75,No,Lawyer,1.0,High,2.0,Yes,3
466515,Male,Yes,52,No,Executive,9.0,Average,4.0,No,1
467177,Male,No,69,Yes,Marketing,8.0,Low,,No,0
463747,Female,Yes,35,Yes,Artist,0.0,Average,2.0,No,4
467669,Male,Yes,80,No,Lawyer,0.0,High,3.0,Yes,3
463767,Male,Yes,32,Yes,Artist,9.0,Average,2.0,No,1
463110,Male,Yes,73,Yes,Executive,0.0,High,3.0,Yes,3
467770,Female,Yes,48,Yes,Artist,9.0,High,4.0,Yes,4
462268,Female,Yes,78,Yes,Lawyer,5.0,High,3.0,Yes,3
467186,Male,Yes,38,Yes,Entertainment,2.0,Average,3.0,No,1
464896,Male,Yes,76,No,Executive,1.0,High,3.0,Yes,3
462117,Male,No,32,Yes,Entertainment,1.0,Low,2.0,No,0
459352,Male,Yes,41,Yes,Doctor,2.0,Average,4.0,Yes,1
462970,Male,Yes,25,No,Doctor,1.0,Average,3.0,Yes,1
459195,Female,Yes,58,Yes,Artist,1.0,Average,2.0,No,4
461749,Female,No,22,No,Healthcare,0.0,Low,5.0,No,2
467727,Male,Yes,49,No,Artist,7.0,High,3.0,Yes,1
463834,Female,Yes,36,Yes,Engineer,1.0,Average,5.0,Yes,4
461142,Female,No,40,Yes,Engineer,1.0,Low,3.0,No,0
459386,Male,Yes,70,No,Lawyer,0.0,High,2.0,Yes,3
459573,Male,Yes,70,No,Lawyer,,Low,1.0,No,3
464216,Female,No,48,No,Artist,,High,2.0,Yes,4
464000,Female,No,32,No,Healthcare,0.0,Low,5.0,No,2
462773,Female,Yes,40,Yes,Artist,4.0,Average,5.0,No,4
463883,Male,No,30,No,Healthcare,0.0,Low,2.0,No,2
465302,Female,Yes,54,Yes,Artist,3.0,High,4.0,Yes,4
462842,Male,No,23,No,Doctor,6.0,Low,4.0,No,2
464958,Female,Yes,41,No,Engineer,1.0,Average,6.0,Yes,4
466961,Female,Yes,55,Yes,Artist,2.0,Average,2.0,No,4
467204,Male,No,27,Yes,Healthcare,,Low,3.0,No,2
461969,Female,Yes,42,No,Engineer,11.0,Average,1.0,Yes,4
467058,Male,Yes,82,No,Executive,1.0,High,2.0,Yes,3
463669,Female,Yes,35,Yes,Marketing,6.0,High,5.0,Yes,4
459041,Male,Yes,62,Yes,Artist,8.0,Low,1.0,No,1
461748,Male,No,27,Yes,Healthcare,1.0,Low,5.0,No,2
463551,Male,Yes,46,Yes,Doctor,7.0,Average,2.0,Yes,1
466182,Female,No,41,Yes,Artist,2.0,Low,1.0,No,0
461761,Female,No,27,Yes,Healthcare,0.0,Low,8.0,No,2
465492,Male,Yes,61,No,Entertainment,1.0,Low,1.0,No,1
467174,Male,Yes,42,No,Executive,2.0,High,2.0,Yes,1
463069,Male,No,29,Yes,Artist,7.0,Low,1.0,No,0
461742,Male,Yes,80,No,Executive,1.0,High,2.0,Yes,3
466424,Female,Yes,38,Yes,Engineer,3.0,High,3.0,Yes,4
462500,Male,Yes,46,Yes,Doctor,0.0,Average,2.0,Yes,1
465289,Male,Yes,30,Yes,Executive,2.0,High,1.0,Yes,1
463971,Female,Yes,57,Yes,Artist,0.0,Average,4.0,No,4
459259,Male,Yes,77,Yes,Lawyer,,High,2.0,Yes,3
460934,Female,No,25,No,Doctor,0.0,Low,2.0,No,2
462140,Female,Yes,67,No,Engineer,,Average,4.0,Yes,4
467404,Male,Yes,52,Yes,Artist,4.0,Low,1.0,No,1
466897,Male,,51,No,Doctor,1.0,High,2.0,Yes,1
460828,Male,No,51,No,Entertainment,1.0,Low,1.0,No,0
460249,Female,No,25,Yes,Entertainment,9.0,Low,2.0,No,0
465786,Female,No,19,No,Doctor,0.0,Low,3.0,No,2
467021,Female,No,80,No,Lawyer,2.0,High,2.0,Yes,3
463292,Male,Yes,37,No,Executive,0.0,High,4.0,Yes,1
461755,Male,No,29,No,Artist,1.0,Low,3.0,No,2
466522,Male,,18,No,,8.0,High,3.0,Yes,1
464510,Female,Yes,76,No,Lawyer,2.0,High,2.0,Yes,3
466495,Female,Yes,78,Yes,Lawyer,1.0,High,2.0,Yes,3
462621,Female,Yes,49,No,Engineer,5.0,Average,5.0,Yes,4
459409,Female,No,80,Yes,Lawyer,0.0,High,2.0,Yes,3
467426,Female,Yes,86,No,Lawyer,,Low,,No,3
466588,Female,No,22,No,Healthcare,9.0,Low,4.0,No,2
462418,Male,Yes,61,No,Engineer,9.0,Average,4.0,Yes,1
464147,Male,Yes,38,No,Artist,1.0,High,3.0,Yes,1
467285,Male,Yes,58,No,Executive,,High,5.0,Yes,1
461617,Male,No,45,Yes,Artist,0.0,Low,2.0,No,0
467122,Female,Yes,70,Yes,Lawyer,0.0,High,2.0,Yes,3
466887,Male,Yes,36,Yes,Entertainment,1.0,Low,3.0,No,1
460308,Female,No,32,Yes,Doctor,7.0,Low,,No,0
462239,Male,Yes,49,Yes,Executive,1.0,High,5.0,Yes,1
459350,Female,Yes,55,Yes,Engineer,2.0,High,3.0,Yes,4
464937,Male,Yes,50,Yes,Artist,0.0,Low,2.0,No,1
459088,Female,No,20,No,Healthcare,1.0,Low,5.0,No,2
462163,Female,Yes,27,Yes,Artist,4.0,Average,2.0,No,4
461150,Female,,20,Yes,Marketing,2.0,High,2.0,Yes,4
460005,Male,No,43,Yes,Engineer,0.0,Low,1.0,No,0
461387,Female,No,22,No,Healthcare,5.0,Low,3.0,No,2
463637,Female,No,30,Yes,Healthcare,,Low,5.0,No,2
464227,Male,Yes,80,Yes,Lawyer,0.0,High,3.0,Yes,3
464514,Male,Yes,42,Yes,Artist,0.0,Average,3.0,No,1
459270,Female,Yes,70,Yes,Homemaker,0.0,High,2.0,Yes,3
460058,Male,Yes,46,Yes,Artist,0.0,Low,1.0,No,1
467728,Male,No,43,Yes,Engineer,0.0,High,4.0,Yes,1
464552,Female,Yes,38,Yes,Artist,1.0,Average,3.0,No,4
467119,Male,Yes,38,No,Marketing,0.0,High,4.0,Yes,3
461341,Female,Yes,40,Yes,Artist,0.0,High,2.0,Yes,4
460793,Female,Yes,28,No,Artist,,Low,3.0,No,4
467170,Male,Yes,35,Yes,Artist,8.0,Low,4.0,No,1
460725,Male,Yes,41,Yes,Artist,0.0,High,2.0,Yes,1
461116,Male,Yes,30,No,Executive,4.0,High,4.0,Yes,1
461481,Female,Yes,58,Yes,Artist,9.0,Average,3.0,No,4
461114,Male,Yes,45,Yes,Artist,1.0,Average,4.0,No,1
462535,Male,No,26,No,Doctor,1.0,Low,3.0,No,2
459784,Female,Yes,48,Yes,Engineer,0.0,High,5.0,Yes,4
459675,Female,No,18,No,Healthcare,3.0,Low,4.0,No,2
464578,Female,No,26,Yes,Healthcare,0.0,Low,,No,0
466068,Female,Yes,53,Yes,Artist,2.0,Low,1.0,No,4
464126,Female,No,55,Yes,Marketing,3.0,Low,1.0,No,0
466436,Male,Yes,39,No,Doctor,0.0,Average,4.0,Yes,1
462168,Male,Yes,37,Yes,Executive,1.0,High,3.0,Yes,1
466915,Female,Yes,72,No,Entertainment,1.0,High,2.0,Yes,3
459236,Female,Yes,80,No,Lawyer,2.0,High,1.0,Yes,3
461505,Female,Yes,39,No,Artist,0.0,High,3.0,Yes,4
464791,Male,Yes,41,No,Marketing,2.0,High,5.0,Yes,3
464218,Female,Yes,89,No,Lawyer,1.0,High,2.0,Yes,3
467587,Male,Yes,27,Yes,Artist,9.0,Average,3.0,No,1
459337,Female,Yes,22,No,Engineer,5.0,Average,2.0,Yes,4
461125,Male,Yes,51,Yes,Homemaker,1.0,Low,,No,1
460155,Female,Yes,49,Yes,Artist,2.0,High,3.0,Yes,4
464135,Female,Yes,66,Yes,Lawyer,0.0,High,1.0,Yes,3
466465,Male,Yes,43,Yes,Engineer,5.0,High,2.0,Yes,1
462383,Female,No,46,No,Engineer,1.0,Low,3.0,No,2
460714,Male,No,26,Yes,Entertainment,1.0,Low,3.0,No,0
463712,Female,Yes,37,Yes,Doctor,1.0,Average,2.0,Yes,4
460689,Male,Yes,41,,Executive,6.0,High,2.0,Yes,1
463993,Female,Yes,37,Yes,Artist,5.0,Average,2.0,No,4
459229,Female,Yes,61,Yes,Lawyer,1.0,Average,3.0,Yes,3
464766,Female,Yes,51,No,Engineer,7.0,Average,6.0,Yes,4
465008,Female,No,72,Yes,Artist,0.0,High,2.0,Yes,4
461563,Female,Yes,61,Yes,Artist,0.0,High,1.0,Yes,4
463542,Female,Yes,23,Yes,Artist,5.0,High,6.0,Yes,4
462979,Male,No,18,No,Doctor,1.0,Low,2.0,No,2
463303,Female,Yes,49,Yes,Homemaker,2.0,Average,4.0,No,4
463364,Female,Yes,72,No,Lawyer,1.0,High,2.0,Yes,3
466621,Male,Yes,66,Yes,Lawyer,0.0,Low,1.0,No,3
464125,Male,Yes,40,No,Doctor,0.0,Average,2.0,Yes,1
466531,Female,Yes,49,Yes,Entertainment,2.0,Average,3.0,No,4
467696,Male,No,80,No,Lawyer,,High,3.0,Yes,3
465791,Female,No,28,No,Healthcare,8.0,Low,4.0,No,2
465905,Female,No,32,Yes,Artist,9.0,Low,1.0,No,0
461491,Female,Yes,70,Yes,Artist,8.0,Average,2.0,No,4
461905,Female,No,42,Yes,Artist,0.0,Low,3.0,No,0
464542,Female,No,26,Yes,Healthcare,10.0,Low,1.0,No,0
466580,Male,No,19,No,Healthcare,1.0,Low,4.0,No,2
462643,Female,Yes,38,Yes,Engineer,,Average,3.0,Yes,4
465594,Male,Yes,29,No,Executive,4.0,Low,6.0,No,2
461809,Male,No,30,Yes,Doctor,3.0,Low,2.0,No,0
465596,Male,,33,Yes,Healthcare,6.0,High,2.0,Yes,1
460907,Male,No,78,No,Lawyer,0.0,High,4.0,Yes,3
467490,Male,Yes,59,No,Executive,7.0,Average,5.0,No,1
465838,Female,Yes,52,No,Doctor,2.0,Average,2.0,Yes,4
463820,Female,Yes,41,Yes,Executive,9.0,High,4.0,Yes,4
459825,Male,No,22,No,Healthcare,0.0,Low,5.0,No,2
459135,Male,Yes,49,Yes,Executive,0.0,High,4.0,Yes,1
461953,Male,No,32,No,Healthcare,12.0,High,3.0,Yes,2
460633,Male,Yes,42,Yes,,,High,3.0,Yes,1
464536,Male,Yes,28,Yes,Artist,0.0,Average,3.0,No,1
460516,Female,,85,No,Lawyer,0.0,High,1.0,Yes,3
464572,Female,Yes,47,Yes,Marketing,1.0,Low,1.0,No,3
464625,Female,No,48,Yes,Artist,0.0,Low,2.0,No,0
466198,Male,Yes,68,No,Lawyer,1.0,High,2.0,Yes,3
461050,Male,Yes,47,Yes,,1.0,High,3.0,Yes,1
461682,Male,Yes,73,No,Executive,3.0,High,2.0,Yes,3
467011,Female,Yes,77,Yes,Lawyer,,High,2.0,Yes,3
462623,Male,No,35,No,Healthcare,,Low,1.0,No,2
463156,Female,No,76,No,Lawyer,,High,3.0,Yes,3
459076,Male,Yes,72,Yes,Doctor,0.0,Average,1.0,Yes,1
463262,Male,Yes,68,Yes,Lawyer,2.0,High,2.0,Yes,3
459093,Female,Yes,44,Yes,Doctor,7.0,Average,2.0,Yes,4
463230,Female,Yes,39,Yes,Engineer,3.0,High,2.0,Yes,4
467143,Female,No,53,No,Lawyer,1.0,Low,3.0,No,2
467952,Female,Yes,80,Yes,Lawyer,0.0,High,2.0,Yes,3
463851,Female,Yes,45,Yes,Artist,4.0,Average,4.0,No,4
459342,Female,Yes,80,No,Lawyer,0.0,High,2.0,Yes,3
464319,Female,No,33,No,Doctor,0.0,Low,1.0,No,0
465396,Female,Yes,37,No,Engineer,8.0,Average,7.0,Yes,4
464131,Female,Yes,80,No,Engineer,0.0,High,3.0,Yes,3
460765,Male,Yes,80,No,Lawyer,1.0,Low,1.0,No,3
466061,Female,No,41,,,2.0,Low,1.0,No,0
459841,Male,Yes,61,Yes,Healthcare,,High,3.0,Yes,3
463413,Male,Yes,40,No,Doctor,0.0,Average,2.0,Yes,1
461522,Male,No,80,No,Executive,3.0,High,2.0,Yes,3
461231,Male,Yes,53,Yes,Artist,2.0,High,1.0,Yes,1
462619,Male,,59,No,,2.0,High,,Yes,1
462642,Male,Yes,39,No,Executive,,Average,7.0,No,1
459311,Male,No,29,Yes,Executive,0.0,Low,5.0,No,2
466828,Male,Yes,46,Yes,Executive,0.0,High,3.0,Yes,1
464674,Male,Yes,50,No,Artist,1.0,Average,5.0,No,1
467320,Female,No,21,No,Healthcare,0.0,Low,4.0,No,2
467357,Male,Yes,60,Yes,,0.0,Low,2.0,No,1
462233,Male,No,19,No,Healthcare,1.0,Low,7.0,No,2
462310,Male,Yes,63,Yes,Artist,5.0,Average,4.0,No,1
460681,Female,No,36,Yes,Homemaker,6.0,Low,1.0,No,0
463827,Female,Yes,53,Yes,Engineer,0.0,Average,5.0,Yes,4
467260,Male,No,27,No,Doctor,9.0,Low,4.0,No,2
462645,Female,Yes,39,No,Engineer,,Average,6.0,Yes,4
463564,Female,Yes,41,Yes,Doctor,0.0,Low,1.0,No,4
463127,Male,Yes,84,No,Executive,,High,2.0,Yes,3
461715,Male,No,43,Yes,Entertainment,0.0,Low,5.0,No,2
462824,Male,Yes,39,No,Engineer,2.0,Average,3.0,Yes,1
467248,Female,Yes,80,Yes,Lawyer,0.0,High,1.0,Yes,3
467670,Male,No,25,No,Engineer,,Low,3.0,No,2
467699,Female,Yes,32,Yes,Doctor,0.0,Average,2.0,Yes,4
463304,Female,No,41,Yes,Doctor,0.0,Low,1.0,No,0
462970,Male,Yes,31,No,Doctor,2.0,Average,1.0,Yes,1
463405,Male,Yes,45,No,Marketing,1.0,Low,2.0,No,3
459104,Male,No,22,No,Healthcare,0.0,Low,,No,2
465992,Male,Yes,53,Yes,Entertainment,1.0,Low,3.0,No,1
465490,Female,Yes,35,Yes,Artist,0.0,Average,5.0,No,4
467334,Male,Yes,69,No,Executive,0.0,High,2.0,Yes,3
462299,Female,No,33,No,Healthcare,7.0,Low,6.0,No,2
462225,Male,Yes,52,No,Engineer,1.0,Average,9.0,Yes,1
461446,Female,Yes,64,Yes,Lawyer,3.0,High,2.0,Yes,3
463154,Female,Yes,31,No,Artist,1.0,Low,4.0,No,4
463119,Female,Yes,80,Yes,Lawyer,,High,2.0,Yes,3
464211,Male,Yes,50,Yes,Doctor,0.0,Average,3.0,Yes,1
463319,Female,Yes,74,No,Lawyer,3.0,High,2.0,Yes,3
462005,Male,Yes,39,Yes,Artist,0.0,Average,2.0,No,1
463954,Male,Yes,22,No,Entertainment,1.0,Average,3.0,No,1
466308,Male,No,33,Yes,Healthcare,0.0,Low,2.0,No,0
459485,Female,Yes,87,Yes,Lawyer,,High,2.0,Yes,3
464478,Female,Yes,75,No,Lawyer,0.0,High,2.0,Yes,3
466406,Male,Yes,55,Yes,Entertainment,1.0,Low,3.0,No,1
466194,Male,Yes,89,No,Lawyer,0.0,Low,1.0,No,3
461620,Male,No,52,Yes,Entertainment,1.0,Low,2.0,No,0
463310,Male,Yes,60,Yes,Entertainment,0.0,Low,2.0,No,1
466051,Male,No,25,No,Executive,3.0,Low,1.0,No,2
464445,Male,Yes,81,Yes,Executive,1.0,High,3.0,Yes,3
463141,Male,Yes,60,Yes,Artist,,Low,1.0,No,1
465273,Female,No,35,Yes,Healthcare,9.0,Low,2.0,No,0
460172,Male,Yes,47,Yes,Artist,1.0,Average,3.0,No,1
467402,Female,No,28,Yes,Artist,5.0,Low,4.0,No,0
458991,Female,Yes,84,Yes,Lawyer,3.0,High,2.0,Yes,3
464453,Female,Yes,46,Yes,Artist,4.0,High,6.0,Yes,4
465458,Female,Yes,84,Yes,Artist,1.0,High,2.0,Yes,4
462607,Female,,33,No,Engineer,1.0,Average,2.0,Yes,4
462657,Male,Yes,35,Yes,Executive,1.0,Average,2.0,No,1
459640,Female,Yes,71,Yes,Doctor,,High,1.0,Yes,4
459434,Female,Yes,78,No,Lawyer,1.0,Low,1.0,No,3
465891,Female,Yes,28,Yes,Artist,8.0,Low,2.0,No,4
466717,Female,Yes,69,No,Entertainment,1.0,Low,2.0,No,4
465195,Male,Yes,56,Yes,Executive,0.0,High,2.0,Yes,1
460512,Female,Yes,39,No,Engineer,0.0,High,3.0,Yes,4
463460,Male,Yes,52,Yes,Artist,,Average,2.0,No,1
465278,Female,Yes,39,Yes,Marketing,,High,4.0,Yes,3
466287,Female,Yes,43,Yes,Doctor,2.0,Average,2.0,Yes,4
464447,Male,Yes,69,Yes,Artist,0.0,Low,1.0,No,1
463434,Female,Yes,27,No,Engineer,,Average,2.0,Yes,4
464923,Male,Yes,52,No,Executive,6.0,High,1.0,Yes,1
460472,Male,Yes,46,No,Doctor,1.0,Average,4.0,Yes,1
462495,Male,Yes,80,Yes,Lawyer,0.0,High,3.0,Yes,3
460797,Male,Yes,47,Yes,Artist,4.0,Low,1.0,No,1
466779,Male,No,22,No,,2.0,Low,2.0,No,2
466641,Male,No,20,No,Healthcare,1.0,Low,4.0,No,2
466941,Male,Yes,80,No,Lawyer,,High,2.0,Yes,3
467558,Male,Yes,50,Yes,Doctor,0.0,Average,8.0,Yes,1
463365,Male,Yes,69,No,Executive,0.0,High,3.0,Yes,3
465361,Male,No,25,No,Healthcare,0.0,Low,4.0,No,2
465982,Male,Yes,41,Yes,Entertainment,0.0,Average,4.0,No,1
462900,Male,Yes,39,Yes,Artist,0.0,Average,3.0,No,1
459602,Female,Yes,86,No,Lawyer,,Low,1.0,No,3
467601,Male,Yes,42,No,Artist,6.0,Low,2.0,No,1
466777,Female,Yes,49,Yes,Homemaker,8.0,Average,2.0,No,4
463834,Male,Yes,45,Yes,Engineer,0.0,Average,3.0,Yes,1
463442,Male,Yes,42,Yes,Executive,1.0,Low,2.0,No,1
461092,Female,Yes,30,Yes,Homemaker,2.0,High,1.0,Yes,4
459640,Female,Yes,75,Yes,Doctor,,High,1.0,Yes,4
467581,Female,No,28,Yes,Engineer,1.0,Average,3.0,Yes,0
467626,Male,Yes,31,Yes,Entertainment,8.0,Average,2.0,No,1
465484,Female,Yes,57,Yes,Artist,0.0,Low,2.0,No,4
464083,Male,Yes,65,No,Lawyer,0.0,High,2.0,Yes,3
458987,Female,Yes,71,No,Lawyer,0.0,High,1.0,Yes,3
460269,Male,No,31,Yes,Healthcare,8.0,Low,,No,0
462075,Female,No,40,Yes,Artist,1.0,Low,1.0,No,0
459070,Female,Yes,66,No,Lawyer,,Low,1.0,No,3
461101,Female,Yes,47,Yes,Engineer,4.0,Average,3.0,Yes,4
460017,Male,Yes,41,Yes,Artist,8.0,High,2.0,Yes,1
462467,Female,Yes,45,No,Doctor,1.0,Low,1.0,No,4
464746,Male,Yes,32,No,Executive,4.0,Average,5.0,No,1
459965,Male,No,25,Yes,Artist,7.0,Low,1.0,No,0
461038,Female,Yes,47,No,Engineer,0.0,High,4.0,Yes,4
462155,Female,Yes,57,Yes,Artist,,High,3.0,Yes,4
464727,Male,Yes,39,Yes,Engineer,1.0,Average,4.0,Yes,1
465617,Male,No,40,Yes,Doctor,9.0,Low,,No,0
465904,Male,No,37,Yes,Artist,9.0,Low,1.0,No,0
464959,Female,Yes,40,Yes,Engineer,1.0,Average,6.0,Yes,4
466465,Male,Yes,48,Yes,Engineer,7.0,High,3.0,Yes,1
466298,Male,Yes,45,No,Doctor,0.0,Low,4.0,No,1
461323,Female,Yes,41,Yes,Healthcare,6.0,Average,2.0,No,4
461741,Male,No,72,Yes,Lawyer,2.0,High,3.0,Yes,3
465868,Male,No,35,Yes,Artist,6.0,Low,3.0,No,0
467456,Male,Yes,39,No,Executive,9.0,High,5.0,Yes,1
462331,Female,No,31,No,Entertainment,0.0,Low,2.0,No,2
465174,Male,Yes,67,Yes,Entertainment,0.0,High,3.0,Yes,1
459808,Male,Yes,35,No,Doctor,,Average,4.0,Yes,1
464168,Male,Yes,49,Yes,Executive,3.0,High,3.0,Yes,1
463575,Female,No,28,Yes,Entertainment,0.0,Low,3.0,No,0
463019,Male,Yes,46,Yes,Executive,0.0,High,3.0,Yes,1
461775,Female,Yes,83,No,Lawyer,0.0,High,2.0,Yes,3
462345,Male,Yes,44,Yes,Doctor,0.0,Average,5.0,Yes,1
462476,Male,Yes,45,Yes,Artist,4.0,Average,2.0,No,1
462643,Female,Yes,37,Yes,Engineer,,Average,3.0,Yes,4
465833,Male,Yes,43,No,Executive,1.0,High,3.0,Yes,1
463224,Male,Yes,46,No,Executive,2.0,High,5.0,Yes,1
464436,Male,Yes,88,Yes,Lawyer,0.0,High,2.0,Yes,3
464484,Male,Yes,29,Yes,Artist,1.0,Average,3.0,No,1
467058,Male,Yes,80,No,Executive,1.0,High,2.0,Yes,3
463961,Female,No,30,No,Engineer,0.0,Low,4.0,No,2
465235,Male,Yes,50,Yes,Healthcare,2.0,High,3.0,Yes,1
461976,Female,Yes,37,Yes,Entertainment,5.0,Average,2.0,No,4
467428,Female,Yes,46,Yes,Entertainment,2.0,Average,2.0,No,4
459533,Female,No,41,Yes,Artist,1.0,Low,1.0,No,0
460721,Male,No,21,No,Healthcare,1.0,Low,4.0,No,2
459369,Male,Yes,37,No,Engineer,,Average,8.0,Yes,1
467021,Female,Yes,80,No,Lawyer,1.0,High,2.0,Yes,3
463382,Female,Yes,50,Yes,Engineer,4.0,High,3.0,Yes,4
465204,Male,Yes,28,Yes,Healthcare,1.0,Low,2.0,No,1
459878,Male,Yes,47,No,Entertainment,1.0,Average,5.0,No,1
466352,Female,Yes,65,Yes,Doctor,1.0,Low,2.0,No,4
461718,Female,Yes,48,No,Executive,9.0,Average,3.0,No,4
461469,Male,Yes,38,Yes,Artist,0.0,Low,2.0,No,1
466425,Male,Yes,32,Yes,Entertainment,1.0,Average,2.0,No,1
461956,Female,No,31,Yes,Artist,2.0,Low,,No,0
467259,Male,Yes,68,Yes,Lawyer,3.0,High,2.0,Yes,3
459068,Female,No,33,Yes,Healthcare,2.0,Low,2.0,No,0
461789,Male,Yes,63,Yes,Executive,0.0,High,2.0,Yes,3
460431,Female,No,46,Yes,Engineer,1.0,Low,1.0,No,0
467326,Female,No,47,Yes,Artist,0.0,Low,1.0,No,0
459184,Male,Yes,39,Yes,Entertainment,1.0,Low,4.0,No,1
464389,Male,No,76,Yes,Artist,3.0,High,3.0,Yes,1
462822,Male,No,19,No,Healthcare,0.0,Low,4.0,No,2
459707,Female,Yes,74,Yes,Lawyer,,Low,,No,3
466573,Female,No,37,Yes,Artist,5.0,Low,2.0,No,0
467548,Male,Yes,53,Yes,Artist,2.0,High,3.0,Yes,1
466856,Female,Yes,65,No,Engineer,1.0,Average,3.0,Yes,4
462055,Male,No,33,Yes,Healthcare,0.0,Low,7.0,No,2
467359,Male,Yes,41,Yes,Artist,6.0,Average,2.0,No,1
463619,Male,Yes,74,No,Executive,1.0,High,3.0,Yes,3
464966,Male,Yes,59,No,Engineer,1.0,Low,2.0,No,1
464748,Female,Yes,52,No,Engineer,8.0,Average,4.0,Yes,4
464907,Male,,58,Yes,Engineer,0.0,Average,2.0,Yes,1
464635,Male,Yes,47,Yes,Healthcare,2.0,High,3.0,Yes,1
459695,Male,Yes,35,Yes,Artist,,High,2.0,Yes,1
460959,Female,No,28,No,Artist,5.0,Low,5.0,No,2
464114,Female,No,36,No,Doctor,0.0,Low,2.0,No,0
464259,Male,Yes,59,Yes,Artist,1.0,Average,4.0,No,1
467294,Female,Yes,57,No,Engineer,0.0,Low,1.0,No,4
466198,Male,Yes,70,No,Lawyer,0.0,High,2.0,Yes,3
461752,Male,No,67,No,Doctor,0.0,Average,3.0,Yes,1
461998,Male,Yes,52,Yes,Artist,0.0,Average,2.0,No,1
466485,Male,Yes,36,Yes,Executive,11.0,High,2.0,Yes,1
459697,Female,Yes,75,No,Lawyer,1.0,High,4.0,Yes,3
461480,Female,Yes,63,Yes,Artist,3.0,High,3.0,Yes,4
464972,Male,Yes,66,No,Lawyer,2.0,High,8.0,Yes,3
459344,Female,Yes,76,Yes,Artist,1.0,High,2.0,Yes,4
460305,Female,Yes,50,Yes,Entertainment,0.0,High,1.0,Yes,4
464648,Male,Yes,24,No,Executive,0.0,High,4.0,Yes,1
466378,Male,Yes,56,Yes,Executive,2.0,High,2.0,Yes,1
466217,Male,No,27,Yes,Doctor,0.0,Low,2.0,No,0
465585,Male,Yes,69,No,Doctor,1.0,Low,1.0,No,1
463609,Male,Yes,30,No,Artist,0.0,Average,2.0,No,1
465076,Male,Yes,72,Yes,Artist,0.0,High,5.0,Yes,1
467500,Female,Yes,32,Yes,Artist,4.0,High,2.0,Yes,4
465869,Male,No,42,Yes,Doctor,1.0,Low,1.0,No,0
466542,Female,Yes,70,Yes,Lawyer,0.0,High,1.0,Yes,3
465160,Male,Yes,57,Yes,Executive,3.0,High,4.0,Yes,1
460433,Female,No,45,No,Entertainment,8.0,Low,2.0,No,0
467819,Male,Yes,57,Yes,Artist,0.0,Low,1.0,No,1
463482,Male,No,41,No,Engineer,9.0,Low,7.0,No,2
463468,Male,Yes,43,Yes,Artist,,Average,4.0,No,1
462323,Female,Yes,73,No,Doctor,1.0,Average,1.0,Yes,4
464163,Male,Yes,65,Yes,Executive,0.0,High,3.0,Yes,3
464117,Male,Yes,80,Yes,Lawyer,1.0,High,1.0,Yes,3
466421,Male,Yes,30,No,Doctor,4.0,Average,3.0,Yes,1
464570,Male,Yes,33,Yes,Doctor,2.0,Average,2.0,Yes,1
462225,Male,Yes,49,No,Engineer,1.0,Average,8.0,Yes,1
462288,Male,Yes,39,Yes,Artist,0.0,Average,2.0,No,1
466856,Female,Yes,67,No,Engineer,3.0,Average,4.0,Yes,4
464162,Male,Yes,80,Yes,Lawyer,,High,3.0,Yes,3
459941,Male,Yes,65,Yes,Artist,4.0,Low,,No,1
459682,Male,Yes,35,Yes,Executive,,Average,3.0,No,1
464806,Male,Yes,25,No,Executive,1.0,Low,2.0,No,1
466533,Female,No,51,Yes,Entertainment,1.0,Low,1.0,No,0
461774,Female,Yes,80,Yes,Lawyer,0.0,High,3.0,Yes,3
466475,Female,Yes,33,No,Artist,,Low,2.0,No,4
460645,Female,No,40,No,Doctor,1.0,Low,2.0,No,0
465507,Male,Yes,43,Yes,Artist,8.0,Low,1.0,No,1
464261,Male,Yes,65,Yes,Executive,0.0,High,2.0,Yes,3
461331,Male,Yes,55,Yes,Executive,2.0,High,4.0,Yes,1
461801,Female,No,27,No,Healthcare,0.0,Low,3.0,No,2
464205,Female,Yes,82,No,Entertainment,0.0,High,2.0,Yes,3
464429,Female,No,33,Yes,Healthcare,0.0,Low,,No,0
461835,Female,Yes,60,Yes,Artist,1.0,Average,2.0,No,4
462597,Male,Yes,29,No,Healthcare,,Low,4.0,No,2
467851,Male,No,33,No,Marketing,,Low,5.0,No,2
466539,Female,Yes,79,No,Lawyer,2.0,High,2.0,Yes,3
461645,Female,No,37,Yes,Artist,0.0,Low,2.0,No,0
461088,Male,Yes,49,Yes,Artist,9.0,Low,1.0,No,1
465374,Male,Yes,37,Yes,Entertainment,1.0,Average,3.0,No,1
467836,Male,Yes,63,No,Executive,1.0,High,3.0,Yes,3
467933,Female,No,23,No,Healthcare,1.0,Low,3.0,No,2
464811,Female,Yes,45,No,Engineer,,Average,,Yes,4
462382,Male,Yes,73,Yes,Lawyer,1.0,High,2.0,Yes,3
460090,Male,Yes,80,No,Lawyer,1.0,Average,3.0,Yes,3
465704,Male,Yes,55,No,Artist,1.0,Low,1.0,No,1
460304,Female,No,53,No,Lawyer,1.0,Low,1.0,No,2
462772,Male,Yes,33,Yes,Healthcare,0.0,High,5.0,Yes,1
464345,Female,Yes,58,No,Artist,4.0,High,3.0,Yes,4
459543,Male,Yes,73,No,Executive,2.0,High,1.0,Yes,3
464728,Male,Yes,42,No,Entertainment,1.0,High,5.0,Yes,1
460769,Female,Yes,80,No,Lawyer,3.0,High,3.0,Yes,3
465088,Male,Yes,51,Yes,Executive,10.0,High,5.0,Yes,1
460696,Male,Yes,73,No,Lawyer,1.0,Low,1.0,No,3
459889,Male,Yes,63,Yes,Homemaker,8.0,Average,3.0,No,1
462812,Female,No,29,No,Healthcare,0.0,Low,3.0,No,2
465633,Male,Yes,83,Yes,Executive,,High,2.0,Yes,3
465538,Male,Yes,65,No,,8.0,High,1.0,Yes,1
459987,Male,Yes,51,Yes,Healthcare,,High,3.0,Yes,1
459238,Female,Yes,80,Yes,Lawyer,,High,1.0,Yes,3
466970,Female,Yes,36,Yes,Homemaker,9.0,Low,2.0,No,4
467974,Female,No,43,Yes,Artist,1.0,Low,1.0,No,0
461631,Male,No,29,No,Marketing,8.0,Low,5.0,No,2
460649,Female,No,29,No,Homemaker,8.0,Low,1.0,No,0
464990,Male,Yes,73,No,Executive,1.0,High,2.0,Yes,3
462661,Female,Yes,62,No,Artist,3.0,High,3.0,Yes,4
459306,Female,No,48,Yes,Artist,4.0,Low,1.0,No,0
463044,Male,Yes,80,Yes,Lawyer,,High,2.0,Yes,3
462596,Female,No,31,No,Healthcare,0.0,Low,,No,2
461092,Female,Yes,34,Yes,Homemaker,0.0,High,2.0,Yes,4
459776,Male,Yes,75,Yes,Lawyer,2.0,Low,1.0,No,3
462144,Female,No,39,Yes,Artist,3.0,Low,1.0,No,0
461924,Female,Yes,80,No,Lawyer,0.0,High,2.0,Yes,3
460102,Male,Yes,41,Yes,Artist,11.0,High,3.0,Yes,1
462534,Male,No,38,Yes,Artist,,Low,1.0,No,0
462787,Female,No,29,No,Artist,1.0,Low,1.0,No,0
465297,Male,Yes,80,No,,,High,2.0,Yes,1
463042,Male,Yes,46,No,Executive,,High,5.0,Yes,1
467945,Male,Yes,65,Yes,Artist,0.0,Average,2.0,No,1
465798,Female,No,41,Yes,Healthcare,0.0,Low,3.0,No,0
462161,Female,No,28,Yes,Doctor,0.0,Low,3.0,No,0
467219,Male,Yes,66,No,Lawyer,,High,2.0,Yes,3
461154,Male,No,21,No,Homemaker,0.0,Low,4.0,No,2
461682,Male,Yes,70,No,Executive,0.0,High,1.0,Yes,3
462418,Female,Yes,56,No,Engineer,7.0,Average,3.0,Yes,4
463502,Male,Yes,40,Yes,Executive,,High,4.0,Yes,1
464749,Female,Yes,46,No,Engineer,8.0,Average,5.0,Yes,4
466005,Male,No,62,Yes,Entertainment,1.0,Low,4.0,No,0
463158,Male,Yes,80,Yes,Executive,1.0,High,4.0,Yes,3
466009,Female,No,32,No,,10.0,Low,5.0,No,2
461997,Female,No,29,Yes,Artist,8.0,Low,1.0,No,0
464238,Male,Yes,80,Yes,Lawyer,2.0,High,3.0,Yes,3
465633,Male,Yes,80,Yes,Executive,,High,3.0,Yes,3
462612,Female,Yes,37,No,Doctor,,High,7.0,Yes,4
462103,Female,Yes,48,No,Entertainment,11.0,High,3.0,Yes,4
463376,Female,Yes,50,Yes,Executive,7.0,High,2.0,Yes,4
467243,Male,No,26,Yes,Healthcare,1.0,Low,3.0,No,2
465001,Male,Yes,75,Yes,Lawyer,1.0,High,2.0,Yes,3
462645,Female,Yes,39,No,Engineer,,Average,7.0,Yes,4
464971,Female,Yes,36,No,Engineer,1.0,Low,5.0,No,4
464715,Male,Yes,61,No,Marketing,1.0,Average,4.0,No,3
464493,Female,Yes,66,Yes,Lawyer,4.0,Average,4.0,Yes,3
466697,Female,No,31,No,Marketing,0.0,Low,3.0,No,2
466658,Female,No,18,No,Healthcare,0.0,Low,4.0,No,2
465104,Male,Yes,35,Yes,Homemaker,9.0,Average,4.0,No,1
465215,Male,Yes,39,Yes,Executive,9.0,High,5.0,Yes,1
459911,Male,No,19,No,Healthcare,4.0,Low,6.0,No,2
464029,Male,No,18,No,Entertainment,1.0,Low,4.0,No,2
465491,Female,No,35,Yes,Artist,0.0,Low,3.0,No,0
461366,Male,No,25,Yes,Healthcare,0.0,Low,1.0,No,0
459092,Male,Yes,56,Yes,Executive,1.0,High,5.0,Yes,1
463011,Female,Yes,81,Yes,Homemaker,0.0,High,2.0,Yes,3
459251,Male,No,35,Yes,Artist,0.0,Low,1.0,No,0
462536,Female,Yes,48,No,Engineer,1.0,High,,Yes,4
462987,Female,Yes,80,No,Lawyer,,High,1.0,Yes,3
466256,Female,Yes,65,Yes,Engineer,1.0,Low,1.0,No,4
460405,Female,No,41,Yes,Entertainment,5.0,Low,2.0,No,0
465943,Male,No,26,No,Healthcare,0.0,Low,,No,2
464623,Male,Yes,38,Yes,Entertainment,11.0,High,3.0,Yes,1
467097,Male,Yes,55,Yes,Artist,2.0,Low,1.0,No,1
463674,Female,No,25,Yes,Engineer,0.0,Low,7.0,No,2
466862,Female,No,26,,Healthcare,9.0,Low,4.0,No,0
465441,Female,Yes,45,Yes,Engineer,2.0,Low,1.0,No,4
467584,Male,Yes,52,No,Doctor,1.0,Average,4.0,Yes,1
464227,Male,Yes,80,Yes,Lawyer,1.0,High,1.0,Yes,3
465504,Male,No,42,Yes,Entertainment,0.0,Low,2.0,No,0
462785,Female,Yes,41,Yes,Engineer,,Average,5.0,Yes,4
463168,Female,Yes,31,Yes,Doctor,8.0,Average,1.0,Yes,4
460679,Female,No,19,,Healthcare,9.0,Low,4.0,No,0
467657,Male,No,23,No,Healthcare,0.0,Low,4.0,No,2
463364,Female,Yes,71,No,Lawyer,1.0,High,1.0,Yes,3
459177,Female,Yes,39,Yes,Artist,1.0,Average,4.0,No,4
462404,Female,No,26,Yes,Artist,9.0,Low,1.0,No,0
462382,Male,Yes,72,Yes,Lawyer,2.0,High,2.0,Yes,3
464355,Male,Yes,47,Yes,Executive,1.0,High,4.0,Yes,1
465267,Male,Yes,37,No,Engineer,12.0,Average,5.0,Yes,1
461840,Male,No,48,Yes,Executive,8.0,High,5.0,Yes,1
466458,Male,No,33,No,Executive,5.0,Low,2.0,No,2
459252,Male,Yes,62,No,Lawyer,0.0,High,2.0,Yes,3
465498,Male,Yes,45,Yes,Engineer,11.0,Average,1.0,Yes,1
466997,Female,,50,No,Engineer,1.0,Low,2.0,No,4
464982,Male,Yes,67,Yes,Executive,0.0,High,5.0,Yes,1
463801,Female,No,30,No,Engineer,0.0,Low,1.0,No,0
466146,Female,Yes,39,No,Engineer,6.0,Average,2.0,Yes,4
464411,Male,No,30,Yes,Healthcare,3.0,Low,6.0,No,2
460073,Female,Yes,42,Yes,Engineer,2.0,Low,1.0,No,4
463551,Female,Yes,46,Yes,Doctor,9.0,Average,1.0,Yes,4
459773,Male,Yes,51,Yes,Executive,1.0,Low,3.0,No,1
463765,Male,No,26,Yes,Doctor,13.0,Low,3.0,No,0
466587,Female,No,48,No,Healthcare,0.0,Low,4.0,No,2
463226,Female,Yes,38,Yes,Executive,0.0,Average,2.0,No,4
467728,Female,Yes,40,Yes,Engineer,0.0,High,4.0,Yes,4
464648,Male,Yes,23,No,Executive,0.0,High,5.0,Yes,1
460255,Female,No,38,Yes,Doctor,14.0,Low,1.0,No,0
459093,Female,Yes,44,Yes,Doctor,7.0,Average,3.0,Yes,4
463122,Male,Yes,36,Yes,Executive,9.0,Average,3.0,No,1
459657,Male,Yes,80,Yes,Lawyer,1.0,High,2.0,Yes,3
460018,Female,Yes,33,Yes,Artist,1.0,Average,2.0,No,4
466342,Female,Yes,49,Yes,Artist,0.0,Average,5.0,No,4
464226,Female,Yes,62,Yes,Artist,2.0,Average,3.0,No,4
466087,Male,,24,No,Healthcare,8.0,High,6.0,Yes,1
463504,Male,No,26,Yes,Healthcare,,Low,1.0,No,0
466383,Male,,22,No,Healthcare,9.0,Low,3.0,No,2
467360,Male,Yes,51,Yes,Artist,0.0,Average,4.0,No,1
461590,Female,Yes,43,No,Executive,1.0,High,4.0,Yes,4
459232,Female,Yes,64,Yes,Artist,0.0,High,1.0,Yes,4
465720,Female,Yes,36,Yes,Artist,1.0,Low,2.0,No,4
459292,Male,No,46,Yes,Artist,1.0,Low,2.0,No,0
460548,Male,No,33,No,Entertainment,1.0,Low,5.0,No,2
464503,Male,No,25,Yes,Artist,9.0,Low,3.0,No,0
466249,Female,No,18,No,Healthcare,8.0,Low,4.0,No,2
465032,Male,Yes,76,Yes,Executive,0.0,High,2.0,Yes,3
461475,Female,Yes,53,Yes,Doctor,1.0,Average,4.0,Yes,4
464074,Female,Yes,39,Yes,Doctor,0.0,Average,3.0,Yes,4
465283,Male,Yes,54,No,Executive,0.0,High,2.0,Yes,3
464599,Female,Yes,47,Yes,Artist,0.0,High,8.0,Yes,4
462744,Male,Yes,38,Yes,Artist,3.0,Average,4.0,No,1
466423,Female,No,42,No,Homemaker,8.0,Low,1.0,No,0
462345,Male,Yes,42,Yes,Doctor,1.0,Average,7.0,Yes,1
461891,Male,Yes,48,Yes,Artist,0.0,Average,2.0,No,1
466521,Male,Yes,20,,Marketing,1.0,Average,3.0,No,1
463820,Male,Yes,45,Yes,Executive,8.0,High,4.0,Yes,1
464785,Male,Yes,35,No,Doctor,5.0,Low,4.0,No,1
461628,Male,Yes,39,Yes,Healthcare,11.0,Average,2.0,No,1
464720,Male,Yes,46,No,Doctor,0.0,Average,3.0,Yes,1
465054,Male,Yes,67,Yes,Executive,1.0,High,3.0,Yes,3
460149,Male,Yes,50,Yes,Artist,1.0,Low,2.0,No,1
460043,Female,Yes,43,Yes,Artist,2.0,Average,2.0,No,4
461886,Male,Yes,33,Yes,Healthcare,9.0,Low,2.0,No,1
465959,Female,No,49,Yes,Engineer,9.0,Low,1.0,No,0
467754,Male,Yes,35,Yes,Artist,,Average,4.0,No,1
462718,Female,No,25,No,Marketing,8.0,Low,5.0,No,2
467433,Male,No,45,,Artist,0.0,Low,1.0,No,0
464540,Female,Yes,38,Yes,Engineer,2.0,Average,4.0,Yes,4
459724,Female,Yes,39,No,Artist,0.0,Average,4.0,No,4
466659,Male,Yes,59,Yes,Doctor,0.0,High,2.0,Yes,1
461059,Female,Yes,51,No,Lawyer,1.0,High,2.0,Yes,3
461840,Male,Yes,47,Yes,Executive,8.0,High,4.0,Yes,1
462085,Female,No,30,Yes,Healthcare,0.0,Low,1.0,No,0
466259,Male,No,20,No,Healthcare,1.0,Low,2.0,No,2
460299,Male,Yes,56,Yes,Artist,4.0,Low,1.0,No,1
467461,Female,Yes,45,Yes,Artist,8.0,High,3.0,Yes,4
461206,Male,No,28,Yes,Healthcare,9.0,Low,1.0,No,0
460533,Female,Yes,45,No,Artist,6.0,Low,1.0,No,4
466583,Female,Yes,39,Yes,Doctor,0.0,Average,1.0,Yes,4
459309,Female,Yes,41,Yes,Artist,8.0,High,3.0,Yes,4
461564,Male,Yes,61,No,Executive,2.0,High,1.0,Yes,3
464409,Female,Yes,79,Yes,Lawyer,2.0,Average,3.0,Yes,3
465856,Male,Yes,36,Yes,Artist,13.0,High,2.0,Yes,1
460090,Male,Yes,80,No,Lawyer,0.0,Average,1.0,Yes,3
464249,Male,No,77,No,Lawyer,,High,1.0,Yes,3
462939,Male,Yes,37,Yes,Doctor,2.0,High,5.0,Yes,1
466689,Male,No,28,Yes,Artist,8.0,Low,3.0,No,0
459223,Female,Yes,45,Yes,Doctor,0.0,Average,5.0,Yes,4
464295,Female,No,30,No,Healthcare,7.0,Low,6.0,No,2
466080,Male,,33,No,Marketing,0.0,High,1.0,Yes,3
459053,Male,Yes,46,Yes,Executive,0.0,High,4.0,Yes,1
466001,Female,Yes,36,Yes,Entertainment,6.0,Low,2.0,No,4
459456,Female,No,65,No,Lawyer,,Low,1.0,No,0
466595,Male,Yes,86,Yes,Executive,1.0,High,2.0,Yes,3
459847,Female,Yes,49,Yes,Artist,1.0,Average,5.0,No,4
465537,Male,No,54,Yes,Artist,2.0,High,6.0,Yes,1
464486,Male,,22,No,Healthcare,0.0,Low,3.0,No,2
459870,Male,Yes,54,No,Executive,9.0,High,3.0,Yes,1
467685,Male,Yes,50,No,Marketing,0.0,High,6.0,Yes,3
462544,Male,Yes,30,Yes,Entertainment,,Average,3.0,No,1
459857,Male,No,33,Yes,Entertainment,6.0,Low,1.0,No,0
459875,Male,Yes,69,No,Lawyer,1.0,High,,Yes,3
465008,Female,Yes,68,Yes,Artist,0.0,High,2.0,Yes,4
465302,Female,Yes,57,Yes,Artist,1.0,High,2.0,Yes,4
464838,Male,No,19,No,Healthcare,0.0,Low,4.0,No,2
463021,Male,No,77,No,Lawyer,0.0,High,3.0,Yes,3
465866,Male,Yes,35,Yes,Artist,7.0,Low,3.0,No,1
463576,Female,No,31,No,Doctor,0.0,Low,4.0,No,2
462068,Male,Yes,50,Yes,Executive,1.0,High,3.0,Yes,1
467104,Female,No,18,No,Healthcare,1.0,Low,3.0,No,2
466835,Male,Yes,51,No,Entertainment,1.0,Average,4.0,No,1
465789,Male,No,18,No,Healthcare,4.0,Low,4.0,No,2
466294,Male,Yes,27,Yes,Healthcare,0.0,Low,5.0,No,1
461107,Male,No,21,No,Healthcare,0.0,Low,6.0,No,2
467793,Male,No,18,No,Healthcare,3.0,Low,4.0,No,2
464027,Male,No,22,No,Healthcare,9.0,Low,4.0,No,2
464678,Male,Yes,49,Yes,Executive,0.0,High,5.0,Yes,1
466766,Male,Yes,74,Yes,Lawyer,2.0,High,3.0,Yes,3
460394,Female,No,32,Yes,Healthcare,9.0,Low,3.0,No,0
462244,Male,Yes,80,No,Executive,1.0,High,3.0,Yes,3
466435,Female,Yes,33,No,Executive,2.0,High,4.0,Yes,4
460438,Male,Yes,54,No,Executive,0.0,High,4.0,Yes,1
463742,Male,Yes,56,Yes,Artist,0.0,Average,4.0,No,1
461688,Male,Yes,36,Yes,Executive,8.0,High,1.0,Yes,1
467012,Male,No,51,Yes,Executive,1.0,High,4.0,Yes,1
466160,Female,Yes,51,Yes,Engineer,1.0,Average,2.0,Yes,4
466069,Female,Yes,47,Yes,Artist,0.0,High,4.0,Yes,4
459632,Male,No,57,No,Marketing,1.0,High,2.0,Yes,3
466191,Male,Yes,49,Yes,Executive,0.0,High,3.0,Yes,1
463086,Male,No,33,Yes,Artist,8.0,Low,,No,0
464307,Female,Yes,50,Yes,Artist,1.0,Average,2.0,No,4
465863,Male,No,27,No,Healthcare,5.0,Low,3.0,No,2
459300,Female,Yes,58,Yes,Artist,0.0,Low,,No,4
464094,Male,Yes,53,Yes,Executive,1.0,High,4.0,Yes,1
463539,Male,Yes,59,Yes,Artist,1.0,Average,2.0,No,1
463022,Male,Yes,58,Yes,Executive,5.0,High,2.0,Yes,1
464642,Female,Yes,22,Yes,Engineer,6.0,High,8.0,Yes,4
460663,Female,No,33,No,Homemaker,9.0,Low,1.0,No,0
459411,Male,Yes,74,No,Lawyer,8.0,Low,1.0,No,3
460476,Male,Yes,52,No,Doctor,,Average,4.0,Yes,1
459506,Female,No,27,Yes,,1.0,Low,1.0,No,0
461953,Male,Yes,33,No,Healthcare,11.0,High,2.0,Yes,1
461800,Female,No,36,Yes,Doctor,4.0,Low,1.0,No,0
459028,Male,Yes,53,Yes,Executive,1.0,High,2.0,Yes,1
460204,Male,Yes,41,Yes,Artist,4.0,Low,4.0,No,1
461942,Male,No,29,Yes,Healthcare,0.0,Low,6.0,No,2
462915,Male,Yes,58,No,Engineer,6.0,Average,2.0,Yes,1
460225,Female,Yes,78,Yes,Lawyer,3.0,High,2.0,Yes,3
464141,Female,Yes,32,Yes,Entertainment,7.0,High,2.0,Yes,4
460647,Male,Yes,29,No,Doctor,1.0,Average,1.0,Yes,1
465400,Female,Yes,33,Yes,Doctor,9.0,High,4.0,Yes,4
467469,Male,Yes,43,No,Entertainment,,Average,3.0,No,1
465644,Male,No,33,Yes,Healthcare,0.0,Low,5.0,No,2
467914,Female,No,18,No,Healthcare,8.0,Low,5.0,No,2
460994,Male,Yes,78,Yes,Lawyer,0.0,Low,5.0,No,3
464716,Male,Yes,42,Yes,Marketing,0.0,High,7.0,Yes,1
467064,Male,Yes,41,No,Doctor,1.0,Average,3.0,Yes,1
462296,Female,Yes,46,Yes,Artist,0.0,High,4.0,Yes,4
459117,Male,Yes,69,Yes,Artist,0.0,High,2.0,Yes,1
466978,Male,No,48,Yes,Artist,4.0,Low,1.0,No,0
462123,Male,No,38,Yes,Artist,0.0,Low,2.0,No,0
459760,Female,Yes,42,Yes,Artist,8.0,Low,1.0,No,4
460741,Male,Yes,58,Yes,Artist,1.0,Average,5.0,No,1
460508,Male,Yes,30,Yes,Healthcare,0.0,High,3.0,Yes,1
462798,Male,Yes,70,Yes,Artist,6.0,High,3.0,Yes,1
464124,Female,Yes,74,Yes,Doctor,1.0,Low,2.0,No,4
467467,Male,No,19,No,Healthcare,0.0,Low,4.0,No,2
463738,Male,Yes,39,No,Executive,0.0,High,3.0,Yes,1
465139,Male,Yes,40,No,Executive,9.0,Average,2.0,No,1
463773,Male,Yes,36,Yes,Artist,9.0,Average,2.0,No,1
464964,Female,Yes,71,No,Artist,,High,2.0,Yes,4
465988,Male,Yes,61,Yes,Homemaker,2.0,High,2.0,Yes,3
460423,Female,Yes,53,Yes,Artist,3.0,Low,1.0,No,4
463217,Female,Yes,35,Yes,Healthcare,1.0,High,1.0,Yes,4
466599,Female,No,33,Yes,Healthcare,1.0,Low,2.0,No,0
461574,Female,Yes,50,Yes,Artist,1.0,Average,3.0,No,4
459453,Male,Yes,88,Yes,Lawyer,,Low,,No,3
462392,Female,No,32,Yes,Entertainment,1.0,Low,3.0,No,0
466328,Male,Yes,49,Yes,Artist,0.0,Low,3.0,No,1
461557,Male,No,38,Yes,Artist,6.0,Low,4.0,No,0
465856,Male,Yes,37,Yes,Artist,13.0,High,3.0,Yes,1
465524,Female,No,51,Yes,Artist,8.0,Low,1.0,No,0
460116,Female,Yes,43,Yes,,1.0,Low,2.0,No,4
459982,Male,No,39,Yes,Entertainment,9.0,Low,2.0,No,0
464980,Female,,60,No,Engineer,0.0,High,3.0,Yes,4
461638,Male,Yes,67,Yes,Entertainment,0.0,High,3.0,Yes,1
464346,Male,Yes,55,Yes,Executive,2.0,High,3.0,Yes,1
464577,Male,Yes,29,No,Healthcare,8.0,High,1.0,Yes,1
464227,Male,Yes,80,Yes,Lawyer,2.0,High,3.0,Yes,3
461137,Male,Yes,60,Yes,Entertainment,0.0,Low,4.0,No,1
459083,Male,Yes,58,Yes,Artist,8.0,Average,3.0,No,1
464855,Female,Yes,37,No,Engineer,,Average,9.0,Yes,4
461647,Female,Yes,55,Yes,Artist,2.0,Average,3.0,No,4
466484,Female,Yes,52,No,Executive,1.0,Low,1.0,No,4
466946,Male,Yes,61,Yes,Entertainment,0.0,Average,2.0,No,1
465858,Female,Yes,48,Yes,Artist,3.0,Low,1.0,No,4
464255,Female,Yes,50,Yes,Artist,1.0,Average,5.0,No,4
464320,Male,Yes,69,No,Lawyer,0.0,High,1.0,Yes,3
463869,Female,Yes,55,Yes,Doctor,0.0,Average,3.0,Yes,4
465311,Male,No,20,No,Healthcare,0.0,Low,4.0,No,2
462811,Male,Yes,35,Yes,Marketing,,High,2.0,Yes,3
462027,Male,No,39,No,Engineer,1.0,Low,1.0,No,0
461754,Male,Yes,66,No,Entertainment,3.0,High,2.0,Yes,3
463693,Male,Yes,35,Yes,Artist,9.0,High,3.0,Yes,1
467768,Male,Yes,62,Yes,Doctor,0.0,Average,1.0,Yes,1
465582,Male,,40,Yes,Artist,1.0,Low,1.0,No,1
464961,Male,Yes,76,No,Marketing,1.0,Low,1.0,No,3
459037,Female,No,23,No,Engineer,1.0,Low,,No,2
460184,Male,No,27,No,Doctor,9.0,Low,4.0,No,2
461618,Female,Yes,37,Yes,Artist,,High,3.0,Yes,4
465713,Male,Yes,59,Yes,Artist,0.0,Average,4.0,No,1
463949,Male,Yes,51,No,Executive,0.0,High,4.0,Yes,1
467036,Male,Yes,66,No,Lawyer,0.0,Low,1.0,No,3
459349,Female,Yes,48,Yes,Artist,0.0,High,4.0,Yes,4
464185,Male,Yes,65,Yes,Artist,5.0,High,2.0,Yes,1
463321,Male,No,22,No,Healthcare,1.0,Low,3.0,No,2
461638,Male,Yes,75,Yes,Entertainment,1.0,High,2.0,Yes,3
466816,Male,Yes,81,Yes,Lawyer,1.0,High,2.0,Yes,3
462769,Female,Yes,39,No,Homemaker,4.0,High,3.0,Yes,4
462604,Female,Yes,37,No,Doctor,0.0,Average,2.0,Yes,4
464097,Male,Yes,40,Yes,Doctor,5.0,High,1.0,Yes,1
459451,Female,Yes,46,Yes,Artist,0.0,Low,2.0,No,4
465960,Female,No,32,Yes,Marketing,8.0,Low,1.0,No,0
465749,Male,Yes,44,No,Engineer,2.0,Average,4.0,Yes,1
459178,Male,Yes,48,Yes,Executive,0.0,High,5.0,Yes,1
464090,Female,No,33,Yes,Engineer,1.0,Low,2.0,No,0
466929,Female,No,33,Yes,Homemaker,11.0,Low,,No,0
463315,Male,Yes,44,Yes,Executive,0.0,High,4.0,Yes,1
466757,Female,Yes,47,No,Engineer,0.0,Low,1.0,No,4
466491,Male,Yes,80,No,Executive,3.0,High,2.0,Yes,3
466139,Female,No,52,Yes,Doctor,1.0,Average,4.0,Yes,0
464033,Female,No,18,No,Healthcare,1.0,Low,4.0,No,2
464923,Male,Yes,49,No,Executive,6.0,High,2.0,Yes,1
461464,Male,No,59,Yes,Entertainment,,Low,3.0,No,0
463752,Female,No,28,Yes,Healthcare,,Low,2.0,No,0
464681,Female,Yes,23,No,Engineer,2.0,Average,4.0,Yes,4
465201,Male,Yes,39,Yes,Entertainment,0.0,Average,4.0,No,1
460674,Female,No,31,Yes,Entertainment,0.0,Low,3.0,No,0
466017,Female,Yes,45,Yes,Homemaker,1.0,Low,1.0,No,4
459756,Female,Yes,58,No,Lawyer,0.0,High,5.0,Yes,3
464250,Male,Yes,49,Yes,Executive,8.0,High,2.0,Yes,1
460781,Male,Yes,35,No,Entertainment,2.0,High,5.0,Yes,1
465439,Female,Yes,45,Yes,Artist,4.0,High,4.0,Yes,4
460769,Female,Yes,71,No,Lawyer,3.0,High,3.0,Yes,3
467736,Female,Yes,79,Yes,Lawyer,4.0,High,,Yes,3
465116,Female,Yes,66,Yes,Artist,0.0,Low,2.0,No,4
464264,Female,Yes,80,No,Lawyer,7.0,High,3.0,Yes,3
466647,Female,Yes,41,Yes,Artist,7.0,High,2.0,Yes,4
463523,Male,Yes,56,Yes,Executive,0.0,High,5.0,Yes,1
462009,Female,Yes,32,Yes,Healthcare,8.0,High,2.0,Yes,4
462317,Female,No,32,No,Entertainment,3.0,Low,6.0,No,2
466269,Female,No,25,No,Healthcare,0.0,Low,4.0,No,2
459319,Female,Yes,46,No,Artist,1.0,High,2.0,Yes,4
461283,Male,No,19,No,Healthcare,1.0,Low,4.0,No,2
462726,Female,Yes,75,Yes,Homemaker,1.0,High,,Yes,3
463677,Male,Yes,45,No,Executive,0.0,High,4.0,Yes,1
466632,Female,Yes,59,Yes,Artist,0.0,High,3.0,Yes,4
462037,Female,Yes,60,No,Engineer,0.0,High,4.0,Yes,4
463081,Female,Yes,51,Yes,Artist,0.0,Low,1.0,No,4
464899,Female,No,22,,Healthcare,8.0,Low,5.0,No,2
464427,Male,Yes,66,Yes,Doctor,2.0,Average,4.0,Yes,1
460160,Male,No,43,Yes,Entertainment,5.0,Low,1.0,No,0
461120,Male,No,20,No,Healthcare,1.0,Low,3.0,No,2
460940,Male,Yes,73,Yes,Artist,0.0,Low,1.0,No,1
463299,Female,Yes,49,Yes,Artist,0.0,Low,4.0,No,4
461750,Male,No,52,No,Artist,5.0,Low,1.0,No,0
464922,Female,No,20,No,Healthcare,0.0,Low,5.0,No,2
464890,Female,No,33,No,Engineer,0.0,Low,7.0,No,2
462943,Male,Yes,56,Yes,Executive,5.0,High,2.0,Yes,1
467253,Female,No,35,Yes,Engineer,,Low,2.0,No,0
461741,Male,Yes,67,Yes,Lawyer,1.0,High,2.0,Yes,3
460628,Male,Yes,27,Yes,Entertainment,,Low,,No,1
466583,Female,Yes,38,Yes,Doctor,0.0,Average,3.0,Yes,4
466828,Male,Yes,46,Yes,Executive,0.0,High,4.0,Yes,1
462174,Female,Yes,44,Yes,Engineer,6.0,Average,3.0,Yes,4
461954,Female,Yes,35,No,Engineer,3.0,Average,5.0,Yes,4
465730,Male,Yes,45,Yes,Executive,6.0,High,4.0,Yes,1
466660,Male,No,22,No,Healthcare,1.0,Low,4.0,No,2
460781,Female,No,31,No,Entertainment,3.0,High,3.0,Yes,2
465750,Male,Yes,35,Yes,,3.0,Average,2.0,No,1
466790,Male,Yes,45,Yes,Doctor,1.0,Average,2.0,Yes,1
459489,Male,Yes,44,Yes,Doctor,2.0,Average,4.0,Yes,1
464739,Male,Yes,67,Yes,Artist,1.0,Low,1.0,No,1
459234,Female,Yes,83,No,Lawyer,1.0,Low,1.0,No,3
465689,Male,No,22,No,Healthcare,9.0,Low,4.0,No,2
460700,Male,Yes,56,Yes,Entertainment,1.0,Average,3.0,No,1
464814,Male,Yes,50,Yes,Artist,0.0,High,8.0,Yes,1
466939,Male,Yes,61,No,Lawyer,0.0,High,1.0,Yes,3
460155,Female,Yes,53,Yes,Artist,2.0,High,2.0,Yes,4
463118,Female,Yes,49,Yes,Doctor,,High,3.0,Yes,4
460014,Female,No,66,No,Entertainment,2.0,Low,3.0,No,2
466486,Female,Yes,43,Yes,Doctor,9.0,Low,2.0,No,4
460564,Female,Yes,28,,Homemaker,6.0,Average,3.0,No,4
461200,Female,No,33,Yes,Doctor,0.0,Low,5.0,No,0
461533,Male,No,48,Yes,Healthcare,1.0,Low,2.0,No,0
467262,Female,Yes,79,No,Lawyer,3.0,High,1.0,Yes,3
459078,Male,Yes,70,Yes,Lawyer,0.0,High,2.0,Yes,3
466401,Male,Yes,48,No,Executive,1.0,Average,4.0,No,1
459849,Female,Yes,48,Yes,Artist,3.0,High,5.0,Yes,4
460525,Male,Yes,30,Yes,Entertainment,1.0,Average,2.0,No,1
460066,Female,No,45,No,Marketing,0.0,Low,1.0,No,2
463277,Female,Yes,26,No,Engineer,6.0,Low,2.0,No,4
465392,Female,Yes,47,Yes,Artist,8.0,High,5.0,Yes,4
460853,Female,Yes,66,No,Artist,1.0,High,3.0,Yes,4
464832,Male,Yes,66,No,Lawyer,1.0,Low,,No,3
467535,Male,Yes,65,Yes,Lawyer,1.0,High,2.0,Yes,3
459443,Female,Yes,50,Yes,Artist,8.0,Average,2.0,No,4
461898,Male,No,62,Yes,Executive,5.0,High,4.0,Yes,1
466000,Male,Yes,38,Yes,Doctor,5.0,Low,2.0,No,1
460502,Female,Yes,60,Yes,Engineer,0.0,Average,3.0,Yes,4
460106,Female,Yes,67,Yes,Entertainment,1.0,Low,,No,4
465935,Male,No,27,Yes,Entertainment,9.0,Low,1.0,No,0
461330,Male,Yes,62,No,Executive,1.0,High,3.0,Yes,3
461273,Female,Yes,75,Yes,Entertainment,1.0,High,4.0,Yes,4
465215,Male,Yes,36,Yes,Executive,7.0,High,4.0,Yes,1
466295,Female,Yes,42,No,Engineer,0.0,Low,,No,4
465348,Male,,30,No,Executive,,High,,Yes,1
460675,Female,No,32,Yes,Engineer,,Low,,No,0
464555,Male,Yes,29,Yes,Marketing,12.0,High,3.0,Yes,1
462268,Female,Yes,77,Yes,Lawyer,6.0,High,2.0,Yes,3
464594,Male,Yes,46,Yes,Artist,1.0,Low,1.0,No,1
467224,Female,No,19,No,Entertainment,0.0,Low,4.0,No,2
467122,Female,Yes,75,No,Lawyer,0.0,High,1.0,Yes,3
464836,Female,,33,No,Engineer,7.0,High,5.0,Yes,4
467217,Female,Yes,79,No,Lawyer,,High,3.0,Yes,3
466733,Female,No,29,No,Homemaker,1.0,Low,,No,2
463296,Female,No,21,No,Healthcare,0.0,Low,5.0,No,2
467879,Male,Yes,49,Yes,Artist,,High,3.0,Yes,1
463491,Male,Yes,30,Yes,Doctor,9.0,Average,2.0,Yes,1
465107,Male,Yes,81,No,Executive,0.0,Low,1.0,No,3
461564,Female,Yes,68,Yes,Executive,3.0,High,2.0,Yes,3
462606,Male,Yes,38,No,Executive,2.0,High,2.0,Yes,1
459467,Female,Yes,56,Yes,Artist,0.0,Average,2.0,No,4
462612,Female,No,27,No,Doctor,,High,7.0,Yes,2
458982,Male,Yes,65,Yes,Executive,0.0,High,4.0,Yes,1
467086,Female,Yes,83,Yes,Lawyer,0.0,Low,3.0,No,3
460514,Male,Yes,43,Yes,Doctor,1.0,Low,4.0,No,1
462810,Male,Yes,36,No,Executive,8.0,High,4.0,Yes,1
463960,Male,Yes,24,Yes,Doctor,2.0,Average,3.0,Yes,1
466595,Female,Yes,80,Yes,Executive,0.0,High,3.0,Yes,3
465302,Female,Yes,61,Yes,Artist,0.0,High,3.0,Yes,4
460760,Male,Yes,58,No,Artist,2.0,High,5.0,Yes,1
463542,Female,Yes,27,No,Artist,6.0,High,5.0,Yes,4
465787,Male,No,18,No,Healthcare,1.0,Low,5.0,No,2
461383,Male,Yes,70,Yes,Artist,2.0,High,2.0,Yes,1
460908,Male,No,20,No,Healthcare,7.0,Low,3.0,No,2
459893,Female,Yes,65,No,Lawyer,,Average,2.0,Yes,3
463697,Female,No,32,Yes,Artist,6.0,Low,7.0,No,2
466109,Male,Yes,51,Yes,Entertainment,1.0,Average,4.0,No,1
467066,Male,Yes,55,No,Artist,0.0,Low,1.0,No,1
460189,Male,No,33,No,Entertainment,14.0,Low,1.0,No,0
461923,Female,Yes,42,Yes,Artist,2.0,Average,2.0,No,4
467345,Male,Yes,76,Yes,Lawyer,1.0,Low,1.0,No,3
464480,Male,Yes,42,Yes,Artist,1.0,Average,3.0,No,1
467600,Male,Yes,39,Yes,Engineer,,Average,4.0,Yes,1
460992,Male,Yes,54,No,Executive,0.0,High,5.0,Yes,1
462615,Male,No,31,No,Doctor,4.0,Low,7.0,No,2
466564,Female,No,23,No,Marketing,0.0,Low,4.0,No,2
459801,Female,No,27,Yes,Engineer,4.0,Low,2.0,No,0
459888,Female,No,69,No,Lawyer,,High,1.0,Yes,3
461926,Female,Yes,63,Yes,Artist,4.0,Average,4.0,No,4
467085,Male,No,45,Yes,Entertainment,1.0,Low,2.0,No,0
467801,Male,Yes,48,Yes,Doctor,2.0,Average,2.0,Yes,1
466198,Male,Yes,65,No,Lawyer,2.0,High,1.0,Yes,3
466263,Male,No,53,Yes,Artist,0.0,Low,2.0,No,0
466763,Male,Yes,55,Yes,Homemaker,0.0,Low,4.0,No,1
459448,Male,Yes,35,Yes,Executive,,High,3.0,Yes,1
460987,Male,No,25,Yes,Doctor,8.0,Low,2.0,No,0
461370,Male,No,26,Yes,Doctor,1.0,Low,3.0,No,0
463351,Female,No,22,,Healthcare,3.0,Low,4.0,No,2
460290,Female,,50,Yes,Artist,,High,1.0,Yes,4
460137,Male,No,26,Yes,Entertainment,5.0,Low,4.0,No,0
463459,Male,Yes,78,Yes,Artist,4.0,High,3.0,Yes,1
462095,Male,Yes,49,Yes,Entertainment,1.0,Average,3.0,No,1
466389,Female,Yes,50,Yes,Engineer,0.0,Average,2.0,Yes,4
459450,Male,Yes,55,Yes,Artist,4.0,Average,4.0,No,1
460916,Male,Yes,63,No,Entertainment,1.0,Average,,No,1
465573,Male,Yes,41,No,Artist,1.0,Average,6.0,No,1
460819,Male,Yes,23,No,Marketing,2.0,High,4.0,Yes,1
462669,Female,No,43,Yes,Entertainment,,High,5.0,Yes,4
464599,Female,Yes,50,Yes,Artist,0.0,High,7.0,Yes,4
465997,Female,No,33,No,Doctor,1.0,Low,3.0,No,2
462485,Female,Yes,37,No,Engineer,0.0,Low,2.0,No,4
461113,Female,No,23,No,Healthcare,1.0,Low,4.0,No,2
465089,Male,Yes,71,No,Executive,0.0,High,4.0,Yes,3
460111,Male,Yes,72,Yes,Executive,8.0,High,2.0,Yes,1
464350,Female,Yes,80,Yes,Lawyer,0.0,High,1.0,Yes,3
465499,Male,No,63,Yes,Artist,0.0,Low,1.0,No,0
459697,Female,Yes,76,No,Lawyer,0.0,High,3.0,Yes,3
467211,Female,Yes,75,Yes,Lawyer,0.0,Low,1.0,No,3
461897,Male,Yes,54,Yes,Doctor,1.0,Average,2.0,Yes,1
467628,Male,Yes,73,No,Executive,,High,3.0,Yes,3
466898,Female,Yes,47,Yes,Executive,1.0,High,3.0,Yes,4
464383,Female,Yes,81,Yes,Lawyer,1.0,Low,1.0,No,3
459252,Male,Yes,63,Yes,Lawyer,0.0,High,3.0,Yes,3
465806,Female,No,26,Yes,Marketing,0.0,Low,2.0,No,0
467355,Male,No,31,No,Healthcare,0.0,Low,4.0,No,2
465627,Female,No,37,Yes,Healthcare,1.0,Low,1.0,No,0
467770,Male,No,49,Yes,Artist,7.0,High,5.0,Yes,1
462556,Male,Yes,57,Yes,Entertainment,0.0,Average,7.0,No,1
461711,Female,No,35,Yes,Artist,8.0,Low,3.0,No,0
462378,Male,Yes,67,No,Artist,1.0,Low,1.0,No,1
464427,Male,Yes,65,No,Doctor,0.0,Average,4.0,Yes,1
464728,Male,Yes,47,No,Entertainment,1.0,High,4.0,Yes,1
459876,Female,Yes,67,Yes,Artist,1.0,Average,2.0,No,4
459378,Male,No,20,No,Healthcare,1.0,Low,4.0,No,2
463567,Male,Yes,40,Yes,Doctor,1.0,Average,2.0,Yes,1
465034,Female,Yes,83,Yes,Executive,1.0,High,3.0,Yes,3
461563,Female,Yes,60,Yes,Artist,1.0,High,2.0,Yes,4
465593,Male,Yes,56,No,Lawyer,0.0,High,3.0,Yes,3
467500,Female,Yes,30,Yes,Artist,2.0,High,2.0,Yes,4
464035,Male,Yes,64,Yes,Executive,1.0,High,4.0,Yes,1
466201,Male,Yes,44,Yes,Doctor,0.0,Average,6.0,Yes,1
465024,Male,Yes,57,Yes,Executive,0.0,High,4.0,Yes,1
459050,Female,No,19,No,Healthcare,0.0,Low,3.0,No,2
465565,Male,Yes,37,Yes,Artist,1.0,Average,2.0,No,1
461256,Male,No,33,No,Doctor,1.0,Low,4.0,No,2
464673,Male,Yes,47,No,Executive,1.0,High,7.0,Yes,1
463709,Male,No,40,Yes,Artist,0.0,High,2.0,Yes,1
463395,Male,No,31,No,Marketing,,Low,1.0,No,2
463952,Male,Yes,51,No,Artist,4.0,Low,3.0,No,1
459266,Male,No,26,Yes,Healthcare,5.0,Low,5.0,No,2
462286,Male,Yes,59,No,Doctor,0.0,Average,2.0,Yes,1
463298,Male,Yes,50,No,Entertainment,0.0,Low,2.0,No,1
464140,Female,Yes,80,Yes,Lawyer,0.0,High,1.0,Yes,3
465108,Male,Yes,59,Yes,Doctor,0.0,Average,2.0,Yes,1
460131,Female,No,29,Yes,Healthcare,6.0,Low,3.0,No,0
461773,Female,Yes,69,No,Entertainment,2.0,High,2.0,Yes,3
464654,Female,Yes,34,No,Engineer,1.0,Average,3.0,Yes,4
467489,Male,No,30,Yes,Healthcare,0.0,Low,1.0,No,0
465810,Female,No,28,No,Engineer,1.0,Low,2.0,No,2
461421,Male,Yes,37,Yes,Artist,,Average,3.0,No,1
465022,Female,Yes,75,No,Lawyer,0.0,High,2.0,Yes,3
466398,Male,No,21,No,Healthcare,1.0,Low,4.0,No,2
460264,Female,Yes,35,Yes,Entertainment,0.0,Low,4.0,No,4
466547,Male,Yes,45,Yes,Executive,1.0,Low,5.0,No,1
463657,Male,Yes,43,Yes,Executive,2.0,High,1.0,Yes,1
461735,Male,Yes,69,Yes,Lawyer,0.0,High,3.0,Yes,3
460617,Female,No,22,No,Healthcare,0.0,Low,4.0,No,2
463762,Male,Yes,31,No,Executive,1.0,High,3.0,Yes,1
461468,Male,Yes,66,Yes,Entertainment,,Average,3.0,No,1
459793,Male,Yes,45,Yes,Artist,0.0,High,,Yes,1
459146,Male,Yes,69,Yes,Artist,1.0,Low,2.0,No,1
464836,Female,,38,No,Engineer,7.0,High,5.0,Yes,4
464464,Male,No,28,No,Healthcare,0.0,Low,4.0,No,2
462445,Male,No,18,No,Healthcare,0.0,Low,3.0,No,2
466070,Female,Yes,61,Yes,Artist,1.0,Average,5.0,No,4
461499,Female,Yes,24,No,Engineer,1.0,Average,2.0,Yes,4
459011,Male,Yes,88,No,Lawyer,1.0,Low,1.0,No,3
464998,Female,No,56,Yes,Artist,0.0,High,1.0,Yes,0
462380,Female,Yes,56,No,Artist,0.0,High,4.0,Yes,4
463367,Female,No,35,Yes,Engineer,4.0,Low,4.0,No,0
459023,Female,No,18,No,Healthcare,0.0,Low,5.0,No,2
459036,Male,No,18,Yes,Lawyer,0.0,Average,2.0,Yes,2
459351,Female,No,57,Yes,Artist,0.0,High,,Yes,4
467588,Male,Yes,63,Yes,Artist,0.0,Average,4.0,No,1
464427,Male,Yes,67,Yes,Doctor,0.0,Average,4.0,Yes,1
465977,Male,Yes,71,Yes,Artist,0.0,Average,2.0,No,1
463591,Male,No,22,No,Healthcare,,Low,4.0,No,2
463369,Male,Yes,31,Yes,Entertainment,4.0,Low,2.0,No,1
466198,Male,Yes,68,No,Lawyer,0.0,High,2.0,Yes,3
467112,Male,No,43,Yes,Artist,1.0,Low,2.0,No,0
461060,Male,Yes,60,Yes,Executive,3.0,High,4.0,Yes,1
467431,Male,Yes,40,Yes,Artist,9.0,Average,3.0,No,1
463862,Male,Yes,50,Yes,Artist,6.0,Average,3.0,No,1
459154,Male,Yes,80,No,Lawyer,0.0,High,1.0,Yes,3
463502,Male,Yes,45,Yes,Executive,,High,4.0,Yes,1
463030,Male,Yes,50,Yes,Executive,1.0,High,3.0,Yes,1
459915,Female,No,29,Yes,Healthcare,1.0,Low,3.0,No,0
463907,Female,No,33,Yes,Doctor,0.0,Low,5.0,No,0
463485,Female,No,25,No,Engineer,,Low,3.0,No,2
464787,Male,No,47,No,Entertainment,1.0,Low,1.0,No,0
465329,Male,Yes,35,Yes,Artist,5.0,Average,2.0,No,1
466602,Male,Yes,39,Yes,Artist,,Average,2.0,No,1
461558,Male,Yes,40,Yes,Engineer,0.0,Average,3.0,Yes,1
460252,Male,Yes,41,Yes,Artist,0.0,Low,2.0,No,1
467922,Female,Yes,79,Yes,Entertainment,0.0,High,1.0,Yes,3
465438,Male,No,33,Yes,Doctor,9.0,Low,6.0,No,2
467700,Male,Yes,57,Yes,Entertainment,,Average,2.0,No,1
460691,Female,No,27,No,Homemaker,8.0,Low,1.0,No,0
463551,Male,Yes,50,Yes,Doctor,7.0,Average,2.0,Yes,1
462146,Male,Yes,74,Yes,Lawyer,0.0,High,4.0,Yes,3
461924,Female,Yes,80,No,Lawyer,3.0,High,3.0,Yes,3
462269,Male,Yes,83,Yes,Artist,2.0,High,2.0,Yes,1
462651,Male,No,37,No,Executive,,High,6.0,Yes,2
467591,Female,Yes,43,Yes,Artist,0.0,High,4.0,Yes,4
459221,Male,Yes,70,No,Entertainment,,Low,1.0,No,3
465390,Female,No,27,Yes,Marketing,3.0,Low,3.0,No,2
467187,Male,Yes,47,No,Engineer,1.0,Average,3.0,Yes,1
464994,Male,Yes,56,Yes,Executive,8.0,High,5.0,Yes,1
461734,Female,Yes,77,No,,,High,3.0,Yes,4
465386,Male,No,36,Yes,Artist,0.0,Low,2.0,No,0
467273,Female,Yes,80,Yes,Lawyer,6.0,High,1.0,Yes,3
461688,Male,Yes,41,Yes,Executive,7.0,High,2.0,Yes,1
465272,Male,Yes,36,Yes,Executive,1.0,High,5.0,Yes,1
467023,Male,Yes,22,No,Doctor,11.0,Average,2.0,Yes,1
460748,Female,Yes,60,No,Engineer,0.0,Low,2.0,No,4
461319,Male,Yes,56,No,Artist,0.0,Average,2.0,No,1
463724,Male,No,29,No,Healthcare,0.0,Low,5.0,No,2
461788,Female,Yes,80,Yes,Lawyer,2.0,High,3.0,Yes,3
460786,Male,Yes,76,No,Lawyer,0.0,High,1.0,Yes,3
464748,Female,Yes,52,No,Engineer,9.0,Average,5.0,Yes,4
463026,Male,Yes,28,Yes,Doctor,,Low,2.0,No,1
463915,Female,No,21,Yes,Healthcare,0.0,Low,5.0,No,2
459870,Male,Yes,51,No,Executive,11.0,High,5.0,Yes,1
464360,Male,Yes,61,Yes,Executive,0.0,High,2.0,Yes,3
463960,Male,Yes,28,Yes,Doctor,0.0,Average,1.0,Yes,1
461707,Female,Yes,45,Yes,Artist,1.0,Average,4.0,No,4
459643,Male,Yes,37,No,Executive,0.0,High,4.0,Yes,1
459868,Female,Yes,46,Yes,Engineer,1.0,Average,2.0,Yes,4
461217,Female,No,33,Yes,Engineer,1.0,Low,5.0,No,2
466980,Male,Yes,70,Yes,Lawyer,2.0,High,1.0,Yes,3
462771,Male,Yes,43,Yes,Marketing,,High,2.0,Yes,3
463779,Female,No,32,No,Healthcare,0.0,Low,,No,2
463450,Male,No,26,Yes,Healthcare,1.0,Low,3.0,No,2
461052,Male,No,22,No,Healthcare,,Low,3.0,No,2
459648,Female,Yes,42,Yes,Artist,2.0,High,2.0,Yes,4
467622,Male,Yes,72,No,Lawyer,0.0,High,2.0,Yes,3
459699,Female,,64,Yes,Engineer,10.0,Average,2.0,Yes,4
462337,Female,Yes,80,Yes,Lawyer,2.0,High,1.0,Yes,3
459711,Male,Yes,34,No,Executive,8.0,High,7.0,Yes,1
463381,Male,Yes,33,No,Doctor,7.0,Average,4.0,Yes,1
466885,Male,Yes,42,No,Executive,1.0,Average,4.0,No,1
458987,Female,Yes,71,Yes,Lawyer,0.0,High,3.0,Yes,3
462920,Male,Yes,55,No,Executive,1.0,High,4.0,Yes,1
467311,Male,Yes,66,No,Lawyer,0.0,High,2.0,Yes,3
460134,Male,Yes,39,Yes,Entertainment,7.0,High,4.0,Yes,1
466712,Male,Yes,78,Yes,Lawyer,1.0,Low,1.0,No,3
464941,Female,No,28,No,Healthcare,,Low,4.0,No,2
463148,Male,Yes,60,Yes,Marketing,1.0,High,5.0,Yes,3
465822,Female,Yes,52,Yes,Engineer,1.0,Average,6.0,Yes,4
462975,Male,Yes,37,Yes,Entertainment,8.0,Average,2.0,No,1
461689,Male,No,33,Yes,Artist,1.0,Low,2.0,No,0
466035,Female,Yes,86,Yes,Lawyer,1.0,Low,2.0,No,3
461066,Female,Yes,63,No,Marketing,,Average,3.0,No,3
460635,Male,Yes,25,No,Healthcare,,High,1.0,Yes,1
459193,Male,No,38,Yes,Artist,1.0,Low,1.0,No,0
465781,Male,No,20,No,Healthcare,8.0,Low,,No,2
465693,Female,Yes,24,Yes,Healthcare,1.0,High,4.0,Yes,4
460538,Female,,25,No,Healthcare,1.0,High,4.0,Yes,4
465348,Male,,35,No,Executive,,High,,Yes,1
462036,Female,Yes,67,Yes,Lawyer,0.0,High,2.0,Yes,3
467012,Male,Yes,45,Yes,Executive,0.0,High,5.0,Yes,1
459942,Male,No,51,Yes,Artist,5.0,Low,1.0,No,0
467159,Female,Yes,42,Yes,Homemaker,10.0,High,2.0,Yes,4
463999,Female,No,33,No,Engineer,1.0,Low,3.0,No,2
460411,Male,No,43,Yes,Healthcare,7.0,High,3.0,Yes,1
463236,Female,No,26,Yes,Healthcare,5.0,Low,2.0,No,0
467623,Male,Yes,76,Yes,,1.0,High,2.0,Yes,1
465823,Male,Yes,65,No,Entertainment,7.0,Average,4.0,No,1
464524,Female,Yes,27,No,Marketing,1.0,Low,2.0,No,2
464353,Female,No,51,Yes,Artist,0.0,Low,1.0,No,0
462569,Female,No,32,No,Doctor,7.0,Low,4.0,No,2
462661,Female,Yes,62,Yes,Artist,2.0,High,3.0,Yes,4
466310,Female,Yes,40,Yes,Engineer,0.0,Average,2.0,Yes,4
464916,Female,,36,,Doctor,7.0,High,2.0,Yes,4
461584,Female,Yes,55,Yes,Artist,0.0,High,5.0,Yes,4
460725,Male,Yes,42,Yes,Artist,0.0,High,1.0,Yes,1
461579,Female,Yes,43,Yes,Artist,4.0,High,3.0,Yes,4
464812,Female,Yes,44,Yes,Engineer,0.0,High,6.0,Yes,4
467650,Male,Yes,52,Yes,Artist,2.0,Average,4.0,No,1
462551,Male,Yes,51,Yes,Doctor,16.0,Average,2.0,Yes,1
467122,Female,Yes,73,No,Lawyer,0.0,High,2.0,Yes,3
459784,Female,Yes,57,Yes,Engineer,0.0,High,6.0,Yes,4
462193,Male,No,28,Yes,Healthcare,,Low,6.0,No,2
461428,Male,No,49,Yes,Artist,1.0,Low,1.0,No,0
460713,Male,Yes,52,Yes,Doctor,0.0,Average,2.0,Yes,1
465108,Female,Yes,55,Yes,Doctor,1.0,Average,2.0,Yes,4
459584,Female,No,20,No,Healthcare,1.0,Low,3.0,No,2
461848,Male,No,36,No,Marketing,0.0,Low,2.0,No,2
464672,Male,No,19,No,Entertainment,0.0,Low,6.0,No,2
465663,Female,No,70,Yes,Artist,0.0,Low,2.0,No,0
466108,Female,Yes,60,Yes,Executive,0.0,Low,2.0,No,4
467418,Male,Yes,49,Yes,Artist,1.0,Average,4.0,No,1
461547,Male,No,70,No,Entertainment,0.0,Low,1.0,No,0
459764,Male,Yes,48,Yes,Artist,1.0,Average,2.0,No,1
460503,Male,No,41,Yes,Entertainment,0.0,Low,2.0,No,0
465094,Male,Yes,61,No,Artist,1.0,High,2.0,Yes,1
461038,Female,Yes,44,Yes,Engineer,0.0,High,5.0,Yes,4
466734,Female,Yes,63,Yes,Artist,1.0,Average,4.0,No,4
465536,Female,No,34,Yes,Doctor,,Average,3.0,Yes,0
460781,Female,No,32,No,Entertainment,1.0,High,5.0,Yes,2
462110,Male,Yes,32,Yes,Artist,14.0,Average,2.0,No,1
466902,Male,Yes,50,Yes,Doctor,0.0,Average,3.0,Yes,1
466999,Male,No,27,Yes,Healthcare,1.0,Low,3.0,No,2
461038,Female,Yes,54,Yes,Engineer,3.0,High,5.0,Yes,4
459559,Female,Yes,39,No,Engineer,,Average,3.0,Yes,4
460751,Female,No,25,No,Artist,1.0,Low,3.0,No,2
459667,Female,Yes,48,Yes,Healthcare,1.0,High,7.0,Yes,4
459302,Female,Yes,57,Yes,Artist,,Average,4.0,No,4
459652,Female,No,26,No,Engineer,,Low,4.0,No,2
463166,Female,No,41,Yes,Artist,1.0,Low,1.0,No,0
460399,Male,No,26,Yes,Marketing,10.0,Low,1.0,No,0
467613,Male,Yes,53,No,Artist,1.0,Average,6.0,No,1
464958,Female,Yes,40,No,Engineer,3.0,Average,6.0,Yes,4
466296,Female,Yes,68,No,Executive,2.0,High,4.0,Yes,3
462916,Female,Yes,68,No,Artist,6.0,Average,3.0,No,4
462363,Male,Yes,74,No,Executive,0.0,High,2.0,Yes,3
466077,Male,Yes,32,Yes,Doctor,9.0,High,3.0,Yes,1
462942,Female,No,33,Yes,Entertainment,0.0,Low,4.0,No,0
466644,Female,No,49,Yes,Homemaker,0.0,Low,,No,0
463881,Female,Yes,32,No,Engineer,1.0,Average,5.0,Yes,4
462536,Female,Yes,50,No,Engineer,0.0,High,,Yes,4
461876,Male,No,32,Yes,Entertainment,9.0,Low,2.0,No,0
462372,Female,Yes,65,No,Lawyer,,High,2.0,Yes,3
463329,Male,No,23,No,Healthcare,0.0,Low,6.0,No,2
461873,Male,No,29,Yes,Doctor,1.0,Low,4.0,No,0
463963,Female,Yes,33,No,Engineer,5.0,High,3.0,Yes,4
467194,Male,No,29,No,Entertainment,,Low,3.0,No,2
461676,Female,No,29,Yes,Engineer,1.0,Low,1.0,No,0
467508,Female,No,25,No,Doctor,1.0,Low,3.0,No,2
462619,Male,,66,No,,1.0,High,,Yes,1
461264,Male,No,19,No,Doctor,0.0,Low,3.0,No,2
463410,Male,Yes,38,No,Doctor,,Average,1.0,Yes,1
460733,Male,No,50,Yes,Marketing,3.0,Low,4.0,No,2
461590,Male,Yes,41,No,Executive,1.0,High,4.0,Yes,1
467781,Male,Yes,23,Yes,Healthcare,1.0,High,3.0,Yes,1
461470,Male,Yes,43,Yes,Artist,2.0,Average,2.0,No,1
460927,Male,Yes,43,Yes,Healthcare,2.0,High,3.0,Yes,1
461064,Male,No,45,Yes,Artist,1.0,Low,5.0,No,0
467829,Female,No,22,No,Doctor,3.0,Low,4.0,No,2
466173,Male,No,28,No,Entertainment,1.0,Low,,No,2
460325,Female,No,63,Yes,Healthcare,3.0,Low,1.0,No,0
465120,Female,No,30,Yes,Healthcare,0.0,Low,4.0,No,2
465195,Male,Yes,54,Yes,Executive,0.0,High,4.0,Yes,1
462777,Male,,59,No,Executive,,High,4.0,Yes,1
465730,Male,Yes,48,Yes,Executive,4.0,High,3.0,Yes,1
459079,Male,Yes,80,Yes,Lawyer,,High,2.0,Yes,3
466595,Male,Yes,80,Yes,Executive,1.0,High,1.0,Yes,3
467203,Female,Yes,36,Yes,Artist,5.0,Average,2.0,No,4
461347,Female,Yes,37,Yes,Artist,5.0,Average,3.0,No,4
464776,Male,Yes,51,No,Engineer,,Average,5.0,Yes,1
461999,Male,No,27,Yes,Doctor,0.0,Low,5.0,No,2
466488,Male,Yes,62,Yes,Entertainment,0.0,Average,6.0,No,1
463916,Female,No,32,No,Engineer,9.0,Low,4.0,No,2
462771,Female,Yes,46,Yes,Marketing,,High,3.0,Yes,3
459526,Female,No,45,Yes,Healthcare,4.0,Low,1.0,No,0
464397,Female,Yes,40,Yes,Engineer,0.0,Average,2.0,Yes,4
464799,Male,No,35,No,Marketing,0.0,Low,4.0,No,2
463537,Female,No,32,Yes,Healthcare,1.0,Low,3.0,No,0
463082,Male,No,32,Yes,Healthcare,9.0,Low,5.0,No,2
460993,Male,Yes,61,Yes,Artist,1.0,Average,4.0,No,1
461947,Female,No,33,Yes,Healthcare,0.0,Low,4.0,No,2
462519,Male,No,22,No,Healthcare,1.0,Low,5.0,No,2
464777,Female,Yes,53,Yes,Engineer,8.0,Average,3.0,Yes,4
467724,Male,Yes,46,No,Artist,1.0,High,3.0,Yes,1
459920,Female,Yes,48,Yes,Artist,5.0,High,3.0,Yes,4
465903,Female,No,51,Yes,Artist,0.0,Low,1.0,No,0
459577,Male,Yes,82,Yes,Lawyer,0.0,Low,1.0,No,3
465256,Male,No,22,No,Healthcare,,Low,5.0,No,2
462507,Male,No,39,No,Entertainment,0.0,Low,3.0,No,2
466951,Female,Yes,52,Yes,Artist,0.0,High,3.0,Yes,4
460843,Male,No,21,No,Healthcare,1.0,Low,4.0,No,2
460410,Female,No,39,Yes,Artist,3.0,Low,4.0,No,0
459761,Female,No,47,No,Engineer,,Low,,No,2
467115,Male,Yes,89,Yes,Lawyer,0.0,Low,2.0,No,3
462686,Male,Yes,41,Yes,Entertainment,9.0,Average,4.0,No,1
461558,Male,Yes,43,Yes,Engineer,1.0,Average,3.0,Yes,1
460142,Female,Yes,53,Yes,Artist,0.0,Average,3.0,No,4
467425,Female,No,42,Yes,Artist,13.0,Low,1.0,No,0
462424,Female,Yes,38,No,Artist,0.0,Low,3.0,No,4
465327,Female,No,42,Yes,Entertainment,1.0,Low,1.0,No,0
466179,Male,Yes,71,No,Lawyer,0.0,Low,1.0,No,3
465028,Female,No,73,Yes,Lawyer,3.0,High,4.0,Yes,3
461360,Female,Yes,30,Yes,Healthcare,0.0,Average,4.0,No,4
464683,Male,Yes,52,No,Engineer,0.0,Average,6.0,Yes,1
461804,Female,No,43,Yes,Artist,0.0,Low,1.0,No,0
463094,Male,Yes,39,Yes,Engineer,13.0,Average,2.0,Yes,1
460107,Male,Yes,47,Yes,Engineer,1.0,Average,4.0,Yes,1
463897,Female,Yes,36,Yes,Homemaker,8.0,Average,5.0,No,4
459194,Male,Yes,76,No,Lawyer,0.0,High,2.0,Yes,3
462794,Male,No,27,No,Healthcare,10.0,Low,5.0,No,2
461758,Male,No,33,Yes,Healthcare,8.0,Low,,No,0
461919,Male,No,38,Yes,Doctor,0.0,Low,3.0,No,0
467159,Female,Yes,44,Yes,Homemaker,7.0,High,1.0,Yes,4
461845,Female,Yes,51,No,Doctor,0.0,Average,3.0,Yes,4
460851,Male,Yes,69,No,Doctor,0.0,Average,3.0,Yes,1
464140,Female,Yes,80,Yes,Lawyer,3.0,High,3.0,Yes,3
465697,Female,Yes,47,No,Artist,7.0,Low,1.0,No,4
461438,Male,Yes,37,Yes,Engineer,8.0,Average,3.0,Yes,1
461228,Male,Yes,26,No,Doctor,9.0,Low,6.0,No,2
462401,Male,Yes,31,No,Executive,1.0,Average,2.0,No,1
463337,Female,Yes,33,No,Entertainment,1.0,Low,2.0,No,4
459245,Female,Yes,34,No,Engineer,0.0,Average,4.0,Yes,4
465271,Male,Yes,47,No,Executive,0.0,High,5.0,Yes,1
463594,Female,Yes,35,Yes,Artist,7.0,Average,2.0,No,4
459318,Female,No,32,Yes,Engineer,0.0,Low,3.0,No,0
460234,Female,No,20,No,Healthcare,4.0,Low,6.0,No,2
465271,Male,Yes,47,No,Executive,1.0,High,4.0,Yes,1
466656,Male,Yes,89,Yes,Marketing,1.0,High,2.0,Yes,3
459016,Female,No,18,No,Healthcare,0.0,Low,6.0,No,2
466637,Male,Yes,44,No,Artist,1.0,High,4.0,Yes,1
464728,Male,Yes,43,No,Entertainment,0.0,High,5.0,Yes,1
459406,Male,Yes,67,No,Executive,0.0,High,1.0,Yes,3
459558,Male,No,30,Yes,Entertainment,0.0,Low,3.0,No,0
462337,Female,Yes,75,Yes,Lawyer,0.0,High,3.0,Yes,3
462605,Male,Yes,82,No,Executive,1.0,High,2.0,Yes,3
459822,Female,No,37,Yes,Engineer,0.0,Low,1.0,No,0
459252,Male,Yes,69,Yes,Lawyer,1.0,High,3.0,Yes,3
465856,Male,Yes,45,Yes,Artist,9.0,High,1.0,Yes,1
467050,Female,No,21,No,Engineer,0.0,Low,5.0,No,2
466011,Male,Yes,74,Yes,Lawyer,3.0,High,2.0,Yes,3
461045,Female,No,29,No,Entertainment,0.0,Low,2.0,No,2
465259,Female,No,23,No,Healthcare,,Low,4.0,No,2
461710,Female,Yes,49,Yes,Doctor,0.0,Average,3.0,Yes,4
467078,Female,Yes,30,No,Healthcare,,High,1.0,Yes,4
462861,Female,No,26,Yes,Healthcare,8.0,Low,1.0,No,0
460537,Female,No,33,Yes,Artist,0.0,Low,3.0,No,0
461493,Female,Yes,33,Yes,Artist,8.0,Average,3.0,No,4
463162,Male,Yes,38,Yes,Executive,0.0,High,6.0,Yes,1
463959,Female,No,37,No,Artist,1.0,Low,1.0,No,0
462721,Female,Yes,73,No,Lawyer,3.0,High,3.0,Yes,3
461192,Female,Yes,46,Yes,Artist,,High,,Yes,4
459438,Female,Yes,69,Yes,Artist,0.0,High,2.0,Yes,4
459593,Male,No,19,No,Healthcare,,Low,4.0,No,2
460519,Female,No,23,No,Entertainment,0.0,Low,2.0,No,2
459638,Male,No,25,Yes,Healthcare,,Low,,No,2
462449,Male,No,19,No,Healthcare,1.0,Low,3.0,No,2
464462,Female,Yes,68,Yes,Artist,6.0,High,1.0,Yes,4
459595,Female,Yes,39,Yes,Artist,2.0,High,8.0,Yes,4
462015,Male,Yes,27,Yes,Entertainment,0.0,Average,2.0,No,1
465673,Female,No,27,,Marketing,8.0,Low,4.0,No,2
460859,Male,Yes,50,Yes,Entertainment,,Low,4.0,No,1
466178,Female,Yes,50,Yes,Artist,1.0,Average,4.0,No,4
467262,Female,Yes,75,No,Lawyer,1.0,High,2.0,Yes,3
467383,Female,Yes,72,Yes,Lawyer,2.0,High,1.0,Yes,3
459650,Male,Yes,38,Yes,Entertainment,,Low,2.0,No,1
467500,Female,Yes,35,Yes,Artist,5.0,High,1.0,Yes,4
462714,Female,Yes,40,Yes,Engineer,1.0,High,5.0,Yes,4
465569,Male,Yes,35,Yes,Artist,1.0,High,3.0,Yes,1
467240,Female,,19,No,Doctor,8.0,High,4.0,Yes,4
460811,Female,Yes,51,No,Engineer,1.0,High,1.0,Yes,4
465944,Female,Yes,40,No,Engineer,2.0,High,4.0,Yes,4
465158,Male,No,45,Yes,Artist,1.0,Low,1.0,No,0
463262,Male,No,66,No,Lawyer,3.0,High,3.0,Yes,3
459370,Male,No,18,No,Healthcare,13.0,Low,4.0,No,2
459716,Male,Yes,67,Yes,Engineer,10.0,Average,2.0,Yes,1
466955,Male,Yes,57,No,Entertainment,0.0,Low,4.0,No,1
462707,Female,Yes,55,Yes,Artist,0.0,Average,4.0,No,4
464918,Male,No,39,No,Artist,1.0,Low,1.0,No,0
459970,Male,No,40,Yes,Artist,1.0,Low,2.0,No,0
460894,Male,Yes,33,No,Executive,6.0,High,3.0,Yes,1
460347,Male,Yes,40,Yes,Artist,14.0,Low,2.0,No,1
465038,Male,Yes,41,No,Executive,0.0,High,5.0,Yes,1
465066,Female,Yes,49,Yes,Executive,8.0,High,4.0,Yes,4
466317,Male,Yes,37,Yes,Entertainment,4.0,Low,1.0,No,1
465299,Male,Yes,56,Yes,Executive,,High,2.0,Yes,1
466713,Female,Yes,69,Yes,Artist,1.0,High,4.0,Yes,4
463494,Male,Yes,47,,Healthcare,,Average,4.0,No,1
460757,Female,Yes,26,No,Homemaker,9.0,High,4.0,Yes,4
461342,Male,Yes,43,No,Executive,3.0,High,4.0,Yes,1
465176,Female,Yes,55,Yes,Artist,1.0,Average,4.0,No,4
467328,Female,Yes,48,Yes,Doctor,0.0,Average,4.0,Yes,4
463649,Male,No,22,No,Doctor,0.0,Low,4.0,No,2
463886,Female,No,38,Yes,Artist,1.0,Low,2.0,No,0
462318,Female,Yes,82,No,Lawyer,0.0,Average,2.0,Yes,3
464883,Female,Yes,37,No,Engineer,1.0,Low,4.0,No,4
460085,Female,No,37,Yes,Marketing,0.0,Low,1.0,No,0
461479,Female,Yes,51,Yes,Artist,1.0,Average,3.0,No,4
467237,Male,Yes,82,Yes,Lawyer,0.0,High,2.0,Yes,3
458997,Male,Yes,61,Yes,Artist,1.0,Average,2.0,No,1
461412,Female,Yes,44,Yes,Artist,4.0,High,2.0,Yes,4
466995,Female,No,35,Yes,Artist,8.0,Low,,No,0
465857,Female,No,40,Yes,Doctor,1.0,Low,1.0,No,0
466077,Male,Yes,38,Yes,Doctor,7.0,High,3.0,Yes,1
460244,Female,No,51,Yes,Doctor,0.0,Low,3.0,No,0
463188,Female,Yes,48,Yes,Artist,2.0,Low,2.0,No,4
460289,Female,Yes,60,Yes,Artist,2.0,Average,6.0,No,4
464413,Female,Yes,36,Yes,Engineer,0.0,Low,1.0,No,4
464440,Male,Yes,87,Yes,Lawyer,0.0,High,2.0,Yes,3
460839,Male,No,23,No,Healthcare,4.0,Low,3.0,No,2
464669,Female,Yes,42,No,Engineer,0.0,Low,4.0,No,4
459667,Female,Yes,50,Yes,Healthcare,1.0,High,6.0,Yes,4
463384,Female,No,29,No,Marketing,1.0,Low,5.0,No,2
459400,Female,Yes,80,No,Lawyer,1.0,High,3.0,Yes,3
465541,Female,Yes,45,Yes,Artist,1.0,Average,4.0,No,4
463346,Male,Yes,40,Yes,Healthcare,1.0,Low,3.0,No,1
467319,Male,No,26,Yes,Homemaker,8.0,Low,2.0,No,0
464596,Female,Yes,35,Yes,Executive,0.0,Low,2.0,No,4
461424,Male,Yes,63,No,Healthcare,0.0,Average,4.0,No,3
460265,Male,Yes,47,Yes,Executive,0.0,High,4.0,Yes,1
466795,Male,,55,Yes,Entertainment,,Average,5.0,No,1
464136,Male,Yes,69,Yes,Artist,0.0,Average,3.0,No,1
462734,Male,Yes,69,Yes,Artist,,Average,2.0,No,1
464733,Female,Yes,32,No,Engineer,1.0,High,4.0,Yes,4
462889,Male,Yes,38,No,Executive,,High,3.0,Yes,1
459945,Male,Yes,48,Yes,Artist,0.0,Low,2.0,No,1
464923,Male,No,45,No,Executive,6.0,High,3.0,Yes,2
465298,Female,Yes,56,Yes,Doctor,3.0,Average,1.0,Yes,4
459904,Female,Yes,38,Yes,Artist,6.0,Low,4.0,No,4
465856,Male,Yes,41,Yes,Artist,11.0,High,2.0,Yes,1
461989,Female,,61,Yes,Engineer,2.0,Average,3.0,Yes,4
460290,Female,,48,Yes,Artist,,High,2.0,Yes,4
467248,Female,Yes,86,Yes,Lawyer,0.0,High,2.0,Yes,3
459463,Female,Yes,62,Yes,Artist,,Average,3.0,No,4
465667,Male,No,23,No,Healthcare,1.0,Low,3.0,No,2
465289,Female,Yes,28,Yes,Executive,2.0,High,1.0,Yes,4
459328,Male,Yes,52,Yes,Executive,0.0,High,4.0,Yes,1
466016,Female,No,48,Yes,Homemaker,1.0,Low,1.0,No,0
464728,Male,Yes,52,No,Entertainment,1.0,High,3.0,Yes,1
460803,Female,No,26,No,Marketing,0.0,Low,4.0,No,2
467526,Male,No,21,No,Healthcare,,Low,3.0,No,2
459513,Female,No,32,Yes,Healthcare,3.0,Low,2.0,No,0
463680,Female,No,39,No,Engineer,1.0,Low,3.0,No,2
462575,Male,Yes,45,No,Executive,0.0,High,5.0,Yes,1
460631,Male,,48,Yes,Marketing,,High,1.0,Yes,3
461312,Male,No,18,No,Healthcare,3.0,Low,3.0,No,2
465190,Male,Yes,51,Yes,Artist,1.0,High,4.0,Yes,1
459128,Female,Yes,73,No,Lawyer,1.0,High,2.0,Yes,3
464566,Male,Yes,38,Yes,Executive,0.0,High,5.0,Yes,1
467419,Female,Yes,38,Yes,Artist,4.0,Low,1.0,No,4
464325,Male,Yes,27,Yes,Healthcare,4.0,High,3.0,Yes,1
466459,Female,No,30,Yes,Healthcare,3.0,Low,5.0,No,2
461001,Female,No,59,Yes,Artist,0.0,Low,,No,0
464741,Male,Yes,70,No,Executive,1.0,High,,Yes,3
459006,Male,No,20,No,Healthcare,1.0,Low,4.0,No,2
459478,Male,Yes,46,Yes,Artist,,Low,1.0,No,1
464431,Male,,67,Yes,Executive,0.0,High,3.0,Yes,3
462250,Female,Yes,56,Yes,Entertainment,1.0,Average,3.0,No,4
459706,Male,Yes,60,Yes,Entertainment,1.0,Average,3.0,No,1
467937,Male,No,28,Yes,Doctor,0.0,Low,3.0,No,0
465016,Female,Yes,80,Yes,Executive,0.0,High,1.0,Yes,3
463769,Male,Yes,63,No,Executive,0.0,High,4.0,Yes,3
464053,Female,Yes,38,No,Entertainment,4.0,Low,1.0,No,4
467492,Female,Yes,57,Yes,Doctor,1.0,Low,2.0,No,4
466191,Male,Yes,51,Yes,Executive,0.0,High,3.0,Yes,1
467032,Female,No,25,Yes,Artist,2.0,Low,2.0,No,0
465209,Male,Yes,47,Yes,Artist,0.0,Average,2.0,No,1
467310,Female,Yes,80,Yes,Lawyer,0.0,High,2.0,Yes,3
460815,Female,Yes,56,Yes,Artist,0.0,High,1.0,Yes,4
464791,Male,Yes,45,No,Marketing,0.0,High,6.0,Yes,3
466790,Male,Yes,48,Yes,Doctor,3.0,Average,3.0,Yes,1
462223,Male,Yes,78,No,,0.0,Low,1.0,No,1
465197,Female,Yes,58,Yes,Artist,1.0,High,3.0,Yes,4
466711,Male,Yes,72,No,Executive,1.0,High,4.0,Yes,3
462246,Female,Yes,80,No,Lawyer,0.0,High,3.0,Yes,3
460512,Female,Yes,43,Yes,Engineer,0.0,High,4.0,Yes,4
467592,Male,Yes,43,Yes,Entertainment,7.0,Low,2.0,No,1
463941,Female,No,32,No,Artist,1.0,Low,6.0,No,2
460921,Female,Yes,47,No,Executive,0.0,High,2.0,Yes,4
464716,Male,Yes,45,Yes,Marketing,1.0,High,7.0,Yes,1
464978,Male,Yes,59,No,Executive,0.0,High,2.0,Yes,3
465126,Female,Yes,32,No,Engineer,6.0,Average,5.0,Yes,4
464743,Male,Yes,45,Yes,Entertainment,0.0,Average,2.0,No,1
459603,Female,Yes,80,Yes,Lawyer,1.0,High,1.0,Yes,3
463448,Male,Yes,40,Yes,Artist,8.0,Average,2.0,No,1
462520,Female,No,25,Yes,Artist,,Low,5.0,No,0
465339,Female,No,27,No,Marketing,0.0,Low,3.0,No,2
466270,Female,Yes,68,No,Marketing,0.0,Low,2.0,No,3
459560,Male,Yes,89,No,Lawyer,1.0,High,2.0,Yes,3
460753,Female,No,33,No,Healthcare,1.0,Low,6.0,No,2
462136,Female,No,31,Yes,Healthcare,,Low,4.0,No,2
461337,Male,Yes,51,Yes,Executive,0.0,High,2.0,Yes,1
466073,Male,Yes,60,No,Engineer,10.0,High,3.0,Yes,1
464412,Male,Yes,70,No,Lawyer,1.0,Low,2.0,No,3
460283,Male,Yes,43,Yes,Doctor,14.0,Low,2.0,No,1
462326,Female,Yes,42,Yes,Artist,4.0,Average,2.0,No,4
464717,Male,No,23,No,Executive,3.0,High,7.0,Yes,2
461297,Male,Yes,70,No,Lawyer,1.0,High,2.0,Yes,3
463709,Female,Yes,34,Yes,Artist,1.0,High,2.0,Yes,4
464125,Male,Yes,40,No,Doctor,0.0,Average,3.0,Yes,1
464238,Male,Yes,80,No,Lawyer,1.0,High,3.0,Yes,3
461666,Female,Yes,35,Yes,Artist,0.0,High,3.0,Yes,4
460434,Male,,60,Yes,Artist,5.0,High,4.0,Yes,1
466504,Male,Yes,37,No,Executive,9.0,High,4.0,Yes,1
463080,Male,No,32,No,Artist,0.0,Low,4.0,No,2
467273,Female,Yes,80,Yes,Lawyer,7.0,High,2.0,Yes,3
465819,Female,No,42,Yes,Engineer,1.0,Low,7.0,No,2
466740,Female,Yes,47,No,Engineer,8.0,Low,1.0,No,4
464901,Male,Yes,80,No,Executive,3.0,High,5.0,Yes,3
465098,Female,No,41,Yes,Artist,1.0,Low,,No,0
465038,Male,Yes,42,No,Executive,0.0,High,5.0,Yes,1
465054,Male,Yes,70,Yes,Executive,2.0,High,3.0,Yes,3
459447,Male,Yes,53,Yes,Artist,9.0,Low,1.0,No,1
461503,Female,No,31,Yes,Artist,9.0,Low,2.0,No,0
464593,Female,No,35,Yes,Doctor,1.0,Low,4.0,No,0
465404,Female,Yes,25,Yes,Entertainment,0.0,Average,2.0,No,4
466911,Male,No,67,No,Executive,0.0,High,6.0,Yes,2
466417,Female,Yes,80,No,Lawyer,3.0,High,2.0,Yes,3
463731,Male,No,23,No,Healthcare,0.0,Low,,No,2
463316,Female,Yes,89,No,Lawyer,0.0,High,2.0,Yes,3
463929,Male,Yes,51,Yes,Doctor,11.0,Average,2.0,Yes,1
459623,Male,Yes,46,No,Entertainment,,Average,5.0,No,1
464939,Male,No,43,No,Entertainment,0.0,Low,1.0,No,2
461093,Female,Yes,38,Yes,Artist,1.0,Average,4.0,No,4
461544,Male,Yes,82,No,Lawyer,1.0,High,2.0,Yes,3
467278,Female,Yes,84,Yes,Artist,0.0,High,2.0,Yes,4
459162,Female,Yes,85,Yes,Lawyer,0.0,High,2.0,Yes,3
467724,Male,No,43,No,Artist,0.0,High,2.0,Yes,1
464462,Female,Yes,70,Yes,Artist,5.0,High,2.0,Yes,4
462862,Female,No,31,No,Homemaker,8.0,Low,1.0,No,0
464716,Male,Yes,43,Yes,Marketing,2.0,High,6.0,Yes,1
462674,Female,Yes,51,Yes,Homemaker,12.0,Average,4.0,No,4
464391,Female,No,69,No,Engineer,0.0,Average,2.0,Yes,0
466731,Female,Yes,38,Yes,Engineer,4.0,Low,2.0,No,4
463292,Male,Yes,39,No,Executive,0.0,High,3.0,Yes,1
465648,Female,No,32,No,Entertainment,0.0,Low,2.0,No,2
459403,Male,Yes,46,Yes,Artist,,Average,4.0,No,1
463184,Female,Yes,60,Yes,Artist,1.0,Average,2.0,No,4
460148,Female,Yes,73,No,Engineer,1.0,Low,,No,4
466996,Female,No,37,Yes,Artist,9.0,Low,1.0,No,0
459492,Female,Yes,77,Yes,Lawyer,2.0,High,3.0,Yes,3
461798,Female,No,56,Yes,Artist,0.0,Low,1.0,No,0
467095,Male,Yes,40,No,Engineer,0.0,Average,1.0,Yes,1
465294,Male,Yes,73,No,Lawyer,0.0,Low,2.0,No,3
460541,Female,Yes,36,Yes,Homemaker,1.0,Average,3.0,No,4
465778,Female,No,21,No,Healthcare,0.0,Low,,No,2
459259,Male,Yes,78,No,Lawyer,,High,1.0,Yes,3
467631,Male,Yes,72,Yes,Lawyer,3.0,High,2.0,Yes,3
462198,Female,No,39,No,Engineer,2.0,Low,,No,2
463601,Female,No,19,No,Healthcare,4.0,Low,5.0,No,2
461702,Female,Yes,52,Yes,Engineer,7.0,High,4.0,Yes,4
465166,Male,No,25,Yes,Healthcare,4.0,Low,5.0,No,2
466936,Female,Yes,53,No,Lawyer,3.0,High,2.0,Yes,3
466185,Male,Yes,58,Yes,Doctor,2.0,Average,5.0,Yes,1
467034,Male,Yes,80,No,Executive,0.0,High,3.0,Yes,3
466181,Male,Yes,46,Yes,Entertainment,1.0,Low,2.0,No,1
466670,Male,Yes,29,Yes,Healthcare,2.0,Average,2.0,No,1
461792,Female,No,23,No,Healthcare,6.0,Low,5.0,No,2
464646,Male,Yes,64,No,Engineer,9.0,Average,5.0,Yes,1
461148,Male,,37,Yes,Artist,1.0,Average,3.0,No,1
462525,Female,Yes,41,Yes,Artist,0.0,Average,2.0,No,4
467895,Female,No,27,Yes,Healthcare,0.0,Low,4.0,No,2
467427,Female,Yes,37,No,Artist,8.0,High,3.0,Yes,4
464540,Female,Yes,43,Yes,Engineer,3.0,Average,5.0,Yes,4
462149,Female,Yes,89,No,Lawyer,3.0,High,1.0,Yes,3
466870,Male,Yes,42,Yes,Artist,0.0,Average,2.0,No,1
462885,Female,Yes,31,No,Executive,0.0,High,4.0,Yes,4
463283,Female,No,48,Yes,Artist,1.0,Low,1.0,No,0
460507,Male,No,30,No,Doctor,1.0,Low,4.0,No,2
464420,Female,Yes,62,Yes,Artist,10.0,High,1.0,Yes,4
462601,Female,Yes,68,No,Lawyer,1.0,High,3.0,Yes,3
464747,Female,No,71,No,Engineer,0.0,Average,3.0,Yes,4
460970,Male,No,21,No,Marketing,1.0,Low,5.0,No,2
467452,Female,Yes,38,Yes,Artist,9.0,Average,2.0,No,4
465372,Female,No,37,Yes,Entertainment,0.0,Low,1.0,No,0
462918,Male,Yes,40,Yes,Doctor,10.0,Average,4.0,Yes,1
461189,Male,Yes,87,No,Lawyer,,Low,1.0,No,3
465208,Male,Yes,37,Yes,Artist,1.0,Average,2.0,No,1
467438,Male,No,28,No,Entertainment,6.0,Low,3.0,No,2
466143,Male,Yes,48,No,Engineer,1.0,Average,4.0,Yes,1
459734,Female,Yes,85,Yes,Artist,1.0,Low,,No,4
460101,Female,No,31,Yes,Healthcare,9.0,Low,3.0,No,0
459476,Male,Yes,43,Yes,Artist,2.0,High,5.0,Yes,1
465503,Male,No,35,Yes,Artist,8.0,Low,2.0,No,0
466205,Female,Yes,58,Yes,Artist,6.0,Low,1.0,No,4
467622,Male,Yes,76,Yes,Lawyer,1.0,High,2.0,Yes,3
462926,Female,No,40,Yes,Homemaker,9.0,Low,2.0,No,0
466377,Male,Yes,62,Yes,,8.0,Average,2.0,No,1
464286,Female,Yes,60,Yes,Artist,1.0,Average,2.0,No,4
463653,Female,No,26,Yes,Artist,1.0,Low,5.0,No,0
464385,Male,Yes,70,No,Engineer,0.0,Average,2.0,Yes,1
460545,Male,Yes,83,No,Lawyer,0.0,High,3.0,Yes,3
465586,Male,Yes,72,No,Artist,1.0,Low,1.0,No,1
466643,Male,Yes,65,Yes,Lawyer,9.0,High,4.0,Yes,3
462987,Female,Yes,80,Yes,Lawyer,,High,2.0,Yes,3
467456,Male,Yes,39,No,Executive,8.0,High,4.0,Yes,1
465805,Male,Yes,50,Yes,Engineer,,Low,1.0,No,1
460727,Male,No,69,No,Executive,1.0,High,4.0,Yes,3
467795,Male,No,22,No,Healthcare,1.0,Low,5.0,No,2
463390,Female,Yes,50,Yes,Artist,0.0,Average,2.0,No,4
459472,Female,Yes,77,No,Lawyer,,High,2.0,Yes,3
459462,Male,Yes,66,Yes,Artist,0.0,High,2.0,Yes,1
463692,Female,Yes,31,Yes,Healthcare,5.0,High,6.0,Yes,4
464141,Male,Yes,29,Yes,Entertainment,7.0,High,2.0,Yes,1
466077,Male,Yes,35,Yes,Doctor,9.0,High,3.0,Yes,1
467491,Male,Yes,47,Yes,Artist,1.0,Average,4.0,No,1
467446,Female,No,37,Yes,Artist,9.0,Low,1.0,No,0
460333,Female,No,40,No,Entertainment,12.0,Low,4.0,No,2
459882,Male,Yes,37,Yes,Artist,1.0,Average,2.0,No,1
461342,Male,No,38,No,Executive,1.0,High,5.0,Yes,2
466134,Male,Yes,35,Yes,Doctor,0.0,High,4.0,Yes,1
459907,Female,Yes,39,Yes,Artist,8.0,Average,2.0,No,4
465133,Female,Yes,58,Yes,Engineer,0.0,Average,4.0,Yes,4
466725,Female,No,80,No,Lawyer,0.0,High,2.0,Yes,3
459147,Male,Yes,81,Yes,Entertainment,1.0,Low,1.0,No,3
459732,Male,Yes,73,Yes,Executive,3.0,High,5.0,Yes,1
461579,Male,Yes,40,Yes,Artist,2.0,High,3.0,Yes,1
463434,Female,Yes,21,No,Engineer,,Average,2.0,Yes,4
462349,Male,Yes,49,Yes,Artist,0.0,Average,6.0,No,1
463165,Female,Yes,74,No,Doctor,1.0,Average,2.0,Yes,4
459325,Female,Yes,24,No,Executive,8.0,High,3.0,Yes,4
463661,Female,Yes,46,Yes,Doctor,3.0,Average,5.0,Yes,4
464496,Female,Yes,41,No,Marketing,1.0,High,5.0,Yes,3
461516,Male,Yes,32,Yes,Entertainment,0.0,Average,3.0,No,1
462816,Male,Yes,76,No,Entertainment,0.0,Low,1.0,No,3
460576,Male,Yes,52,No,Executive,7.0,High,6.0,Yes,1
461768,Male,Yes,69,Yes,Artist,0.0,High,2.0,Yes,1
461515,Male,Yes,26,No,Artist,0.0,Low,2.0,No,1
459523,Female,No,19,No,Doctor,1.0,Low,4.0,No,2
467556,Female,No,40,Yes,Healthcare,,Low,1.0,No,0
459860,Male,Yes,75,No,Executive,1.0,High,2.0,Yes,3
464617,Female,No,39,Yes,Artist,1.0,Low,1.0,No,0
464086,Male,Yes,42,Yes,Artist,1.0,Average,4.0,No,1
465844,Female,No,46,Yes,Engineer,0.0,Low,1.0,No,0
459245,Female,Yes,40,No,Engineer,0.0,Average,3.0,Yes,4
467720,Male,No,27,Yes,Entertainment,,Low,2.0,No,0
465498,Male,Yes,41,Yes,Engineer,9.0,Average,2.0,Yes,1
462833,Male,Yes,33,No,Doctor,0.0,Average,5.0,Yes,1
466721,Male,Yes,35,Yes,Doctor,9.0,Average,3.0,Yes,1
461452,Female,No,31,Yes,Doctor,0.0,Low,4.0,No,0
466746,Female,Yes,68,Yes,Lawyer,0.0,High,3.0,Yes,3
465717,Female,Yes,42,Yes,Artist,2.0,Average,2.0,No,4
459831,Male,No,32,No,Engineer,8.0,Average,3.0,Yes,2
467330,Male,Yes,38,No,Executive,0.0,High,3.0,Yes,1
459561,Male,No,31,No,Healthcare,,Low,3.0,No,2
466293,Male,Yes,77,No,Lawyer,0.0,High,2.0,Yes,3
462237,Female,No,22,No,Healthcare,1.0,Low,9.0,No,2
466272,Female,Yes,63,Yes,Lawyer,1.0,Average,4.0,Yes,3
461485,Male,Yes,59,No,Engineer,1.0,Average,3.0,Yes,1
459888,Female,Yes,78,No,Lawyer,,High,2.0,Yes,3
466130,Female,No,27,No,Artist,0.0,Low,6.0,No,2
467661,Female,Yes,50,Yes,Artist,,High,,Yes,4
461517,Male,Yes,42,Yes,Artist,0.0,Average,3.0,No,1
465500,Male,Yes,70,Yes,Entertainment,3.0,High,3.0,Yes,1
467413,Female,No,75,Yes,Lawyer,0.0,High,5.0,Yes,3
460499,Female,,63,No,Marketing,16.0,High,7.0,Yes,3
465730,Male,Yes,45,Yes,Executive,7.0,High,4.0,Yes,1
465095,Male,Yes,48,Yes,Executive,1.0,High,4.0,Yes,1
466493,Male,Yes,80,No,Lawyer,0.0,High,3.0,Yes,3
465154,Male,No,22,No,Healthcare,1.0,Low,2.0,No,2
463755,Female,Yes,63,No,Artist,0.0,High,2.0,Yes,4
461056,Female,Yes,61,Yes,Artist,2.0,High,3.0,Yes,4
463582,Female,No,18,No,Healthcare,1.0,Low,3.0,No,2
461659,Female,Yes,52,Yes,Artist,0.0,Average,2.0,No,4
463125,Male,No,29,No,Healthcare,0.0,Low,6.0,No,2
462068,Male,Yes,52,No,Executive,1.0,High,2.0,Yes,1
460920,Male,Yes,79,Yes,Lawyer,1.0,High,2.0,Yes,3
463486,Female,Yes,48,No,Executive,,High,7.0,Yes,4
465249,Female,No,19,No,Healthcare,1.0,Low,4.0,No,2
461622,Male,Yes,37,Yes,Executive,2.0,High,3.0,Yes,1
467953,Female,Yes,37,Yes,Artist,0.0,Low,3.0,No,4
467256,Male,No,33,No,Healthcare,0.0,Low,4.0,No,2
459618,Male,Yes,59,Yes,Doctor,0.0,Average,2.0,Yes,1
460947,Male,Yes,49,Yes,Executive,5.0,High,5.0,Yes,1
463040,Male,Yes,77,No,Lawyer,2.0,High,2.0,Yes,3
462886,Male,Yes,70,No,Doctor,0.0,High,1.0,Yes,3
460049,Male,Yes,43,Yes,Entertainment,0.0,Average,2.0,No,1
460982,Male,Yes,80,No,Lawyer,3.0,High,2.0,Yes,3
467096,Male,Yes,53,Yes,Entertainment,4.0,Low,2.0,No,1
467516,Female,Yes,31,No,Artist,0.0,High,2.0,Yes,4
459042,Female,Yes,39,Yes,Engineer,0.0,Average,3.0,Yes,4
462004,Female,No,52,Yes,Artist,,High,7.0,Yes,4
459486,Male,Yes,75,Yes,Lawyer,,High,2.0,Yes,3
461025,Male,Yes,38,No,Executive,1.0,High,4.0,Yes,1
460778,Male,No,27,Yes,Artist,0.0,Low,8.0,No,2
461248,Female,No,37,No,Healthcare,1.0,Low,1.0,No,2
460788,Female,No,30,Yes,Doctor,0.0,Low,9.0,No,2
466732,Female,Yes,48,Yes,Engineer,0.0,High,2.0,Yes,4
459603,Female,Yes,80,No,Lawyer,2.0,High,1.0,Yes,3
459529,Female,Yes,80,No,Lawyer,0.0,High,3.0,Yes,3
460631,Male,,47,Yes,Marketing,,High,2.0,Yes,3
463006,Female,No,41,Yes,Marketing,,Low,1.0,No,0
464635,Male,Yes,45,Yes,Healthcare,3.0,High,5.0,Yes,1
460183,Male,No,36,No,Entertainment,8.0,Low,2.0,No,0
467417,Female,Yes,53,Yes,Artist,4.0,Average,6.0,No,4
463906,Female,Yes,40,Yes,Engineer,0.0,Average,4.0,Yes,4
460926,Male,Yes,50,Yes,Artist,1.0,Average,4.0,No,1
466624,Female,Yes,46,No,Artist,0.0,Average,4.0,No,4
460038,Female,No,36,Yes,Engineer,9.0,Low,5.0,No,0
465007,Male,Yes,74,Yes,Lawyer,1.0,Low,1.0,No,3
464355,Male,No,51,Yes,Executive,2.0,High,3.0,Yes,1
459322,Male,No,36,Yes,Marketing,0.0,Low,1.0,No,0
465392,Female,Yes,45,Yes,Artist,8.0,High,5.0,Yes,4
463262,Female,Yes,70,No,Lawyer,3.0,High,2.0,Yes,3
462180,Female,Yes,60,Yes,Engineer,5.0,Average,4.0,Yes,4
465000,Male,Yes,50,Yes,Executive,1.0,High,3.0,Yes,1
459748,Male,No,49,No,Executive,0.0,High,1.0,Yes,3
461936,Male,Yes,72,No,Lawyer,0.0,High,2.0,Yes,3
461696,Female,Yes,70,Yes,Lawyer,0.0,High,2.0,Yes,3
463829,Female,Yes,49,Yes,Artist,1.0,Average,4.0,No,4
463536,Male,Yes,80,Yes,Executive,,High,1.0,Yes,3
463108,Male,Yes,57,Yes,Lawyer,8.0,High,2.0,Yes,3
459595,Female,Yes,34,Yes,Artist,3.0,High,6.0,Yes,4
462191,Female,No,22,No,Doctor,3.0,Low,2.0,No,0
463130,Female,Yes,80,Yes,Lawyer,0.0,High,3.0,Yes,3
464549,Male,Yes,52,Yes,Executive,1.0,Low,4.0,No,1
459156,Female,Yes,80,Yes,Lawyer,1.0,High,3.0,Yes,3
463400,Female,No,20,No,Healthcare,8.0,Low,3.0,No,2
460516,Female,,80,No,Lawyer,1.0,High,1.0,Yes,3
464969,Female,Yes,66,Yes,Lawyer,2.0,High,10.0,Yes,3
462167,Female,Yes,35,No,Healthcare,2.0,Low,1.0,No,4
464202,Male,Yes,40,Yes,Artist,14.0,Low,1.0,No,1
460257,Female,No,28,Yes,Healthcare,1.0,Low,6.0,No,2
462933,Male,Yes,55,,Entertainment,,High,5.0,Yes,1
466773,Female,Yes,37,Yes,,0.0,Low,,No,4
463477,Male,No,31,No,Healthcare,1.0,Low,4.0,No,2
461721,Male,No,26,Yes,Entertainment,7.0,Low,5.0,No,2
464002,Female,No,26,No,Engineer,0.0,Low,5.0,No,2
464643,Female,Yes,78,No,Engineer,0.0,High,3.0,Yes,3
464179,Female,Yes,63,Yes,Artist,0.0,Average,3.0,No,4
462930,Female,Yes,55,Yes,Homemaker,13.0,Average,3.0,No,4
466167,Male,Yes,56,No,,1.0,Low,2.0,No,1
459464,Male,No,29,Yes,Artist,,Low,2.0,No,0
462669,Female,Yes,40,Yes,Entertainment,,High,6.0,Yes,4
459350,Female,Yes,56,Yes,Engineer,0.0,High,2.0,Yes,4
464159,Female,Yes,68,Yes,Artist,1.0,Low,1.0,No,4
463436,Female,No,25,No,Doctor,0.0,Low,3.0,No,2
462478,Male,Yes,33,No,Doctor,,Average,3.0,Yes,1
463473,Male,No,23,No,Healthcare,,Low,3.0,No,2
467766,Female,No,31,No,Healthcare,6.0,Low,3.0,No,2
463905,Female,Yes,27,Yes,Engineer,0.0,Average,4.0,Yes,4
462976,Female,Yes,46,Yes,Engineer,0.0,Average,1.0,Yes,4
462915,Male,Yes,61,No,Engineer,5.0,Average,3.0,Yes,1
462982,Male,Yes,41,No,Doctor,2.0,Average,4.0,Yes,1
464010,Male,No,33,No,Healthcare,1.0,Low,4.0,No,2
466101,Female,No,22,No,Healthcare,0.0,Low,7.0,No,2
463128,Male,Yes,74,Yes,Lawyer,0.0,High,4.0,Yes,3
460773,Female,Yes,51,Yes,Artist,1.0,Average,3.0,No,4
464276,Female,Yes,66,No,Marketing,0.0,High,2.0,Yes,3
462311,Male,Yes,55,Yes,Executive,,High,10.0,Yes,1
463010,Male,Yes,81,No,Executive,0.0,Low,1.0,No,3
467362,Male,Yes,73,No,Executive,1.0,Low,1.0,No,3
461969,Female,Yes,51,No,Engineer,10.0,Average,2.0,Yes,4
464094,Female,No,49,Yes,Executive,2.0,High,5.0,Yes,4
463778,Female,No,27,No,Engineer,1.0,Low,4.0,No,2
462208,Female,Yes,30,No,Engineer,6.0,Average,4.0,Yes,4
463616,Female,Yes,48,No,Engineer,1.0,Average,5.0,Yes,4
465446,Female,No,41,Yes,Healthcare,12.0,Low,1.0,No,0
461987,Female,No,48,No,Engineer,0.0,Average,1.0,Yes,0
467427,Female,Yes,33,Yes,Artist,8.0,High,2.0,Yes,4
462496,Male,Yes,45,No,Artist,1.0,Average,3.0,No,1
459756,Female,Yes,61,No,Lawyer,2.0,High,4.0,Yes,3
461988,Male,Yes,36,No,Engineer,0.0,Average,2.0,Yes,1
460102,Male,Yes,47,No,Artist,7.0,High,3.0,Yes,1
462958,Male,No,26,No,Marketing,1.0,Low,5.0,No,2
467660,Female,Yes,66,Yes,Artist,9.0,High,3.0,Yes,4
463923,Female,No,20,No,Engineer,0.0,Low,4.0,No,2
460568,Female,Yes,36,Yes,Homemaker,0.0,High,2.0,Yes,4
467574,Male,No,32,Yes,Healthcare,4.0,Low,,No,0
459841,Male,Yes,56,Yes,Healthcare,,High,3.0,Yes,1
461384,Male,Yes,71,Yes,Lawyer,2.0,High,,Yes,3
462305,Male,Yes,36,Yes,Artist,0.0,Average,5.0,No,1
465011,Female,Yes,69,Yes,Executive,4.0,High,2.0,Yes,3
461353,Male,Yes,55,Yes,Executive,0.0,High,4.0,Yes,1
463735,Male,No,29,Yes,Healthcare,4.0,Low,2.0,No,0
463354,Male,Yes,53,Yes,Executive,4.0,High,4.0,Yes,1
463844,Female,Yes,26,Yes,Engineer,9.0,Low,2.0,No,4
461738,Female,Yes,46,Yes,,,Average,3.0,No,4
466140,Male,Yes,30,Yes,Entertainment,0.0,Low,2.0,No,1
466303,Male,Yes,67,Yes,Lawyer,0.0,High,2.0,Yes,3
463129,Male,Yes,69,No,Doctor,,Low,1.0,No,1
465630,Male,No,26,Yes,Artist,,Low,1.0,No,0
466345,Male,No,21,No,Healthcare,1.0,Low,4.0,No,2
465081,Male,Yes,61,Yes,Executive,8.0,High,1.0,Yes,1
465193,Male,No,38,No,Engineer,,Average,,Yes,2
460799,Female,No,37,No,Homemaker,1.0,Low,1.0,No,2
464815,Male,Yes,20,No,Doctor,0.0,High,9.0,Yes,1
459207,Female,Yes,62,,Doctor,0.0,Average,4.0,Yes,4
460551,Male,Yes,45,Yes,Engineer,0.0,Average,1.0,Yes,1
466590,Female,No,27,Yes,Healthcare,0.0,Low,4.0,No,2
464777,Female,Yes,52,No,Engineer,8.0,Average,4.0,Yes,4
467374,Female,Yes,45,Yes,Homemaker,8.0,High,4.0,Yes,4
467022,Male,No,25,Yes,Artist,1.0,Low,5.0,No,2
463019,Male,Yes,46,Yes,Executive,0.0,High,3.0,Yes,1
463121,Female,Yes,70,,Lawyer,,High,,Yes,3
464108,Female,Yes,60,Yes,Engineer,1.0,Average,3.0,Yes,4
460404,Male,Yes,38,Yes,Artist,5.0,Low,7.0,No,1
459252,Male,Yes,66,Yes,Lawyer,0.0,High,3.0,Yes,3
465764,Female,No,39,Yes,Entertainment,8.0,Low,4.0,No,0
465561,Male,Yes,25,No,Artist,1.0,Average,4.0,No,1
462312,Female,No,38,Yes,Engineer,8.0,Low,4.0,No,0
464624,Male,No,39,Yes,Entertainment,3.0,Low,2.0,No,0
459511,Male,Yes,87,No,Artist,1.0,Low,1.0,No,1
467528,Male,Yes,87,No,Executive,0.0,High,2.0,Yes,3
462172,Male,Yes,42,Yes,Doctor,1.0,Average,2.0,Yes,1
463852,Male,Yes,49,Yes,Entertainment,,High,3.0,Yes,1
460350,Female,No,43,Yes,Healthcare,2.0,Low,1.0,No,0
460565,Female,Yes,42,No,Homemaker,8.0,Average,4.0,No,4
466951,Male,Yes,47,No,Artist,0.0,High,3.0,Yes,1
465543,Female,Yes,43,Yes,Healthcare,0.0,Average,2.0,No,4
466399,Female,Yes,26,No,Entertainment,1.0,Average,2.0,No,4
459922,Male,Yes,65,Yes,Lawyer,0.0,Low,1.0,No,3
464943,Female,Yes,40,No,Engineer,1.0,Average,5.0,Yes,4
459340,Male,Yes,53,Yes,Artist,1.0,Average,3.0,No,1
467189,Female,Yes,46,Yes,Artist,0.0,High,5.0,Yes,4
462612,Female,Yes,32,No,Doctor,,High,6.0,Yes,4
465264,Male,Yes,88,No,Executive,0.0,Low,1.0,No,3
462388,Female,Yes,41,Yes,Artist,0.0,High,6.0,Yes,4
462695,Male,Yes,51,Yes,Artist,8.0,Low,5.0,No,1
460305,Female,,53,Yes,Entertainment,1.0,High,1.0,Yes,4
459532,Female,Yes,27,Yes,Healthcare,,Low,2.0,No,4
460083,Female,No,52,Yes,Artist,9.0,Low,1.0,No,0
464509,Male,Yes,55,Yes,Artist,0.0,High,5.0,Yes,1
467834,Female,No,23,No,Healthcare,0.0,Low,4.0,No,2
465296,Female,Yes,74,Yes,Lawyer,5.0,High,2.0,Yes,3
462112,Male,Yes,78,Yes,Lawyer,1.0,Low,1.0,No,3
462977,Male,Yes,36,No,Artist,,Average,3.0,No,1
462311,Male,Yes,58,Yes,Executive,,High,10.0,Yes,1
463255,Male,No,42,Yes,Entertainment,3.0,Low,2.0,No,0
464841,Male,,23,No,Entertainment,2.0,High,3.0,Yes,1
465099,Male,Yes,39,No,Entertainment,0.0,Average,2.0,No,1
464462,Female,No,68,Yes,Artist,3.0,High,3.0,Yes,4
458988,Female,No,29,No,Marketing,2.0,Low,3.0,No,2
463692,Female,Yes,29,Yes,Healthcare,6.0,High,7.0,Yes,4
459224,Female,Yes,48,Yes,Artist,0.0,Average,2.0,No,4
466321,Male,Yes,41,Yes,Entertainment,2.0,Low,2.0,No,1
462939,Male,Yes,33,Yes,Doctor,1.0,High,5.0,Yes,1
461899,Female,No,20,No,Doctor,1.0,Low,6.0,No,2
462635,Male,Yes,42,No,Engineer,7.0,Average,3.0,Yes,1
462082,Female,No,41,Yes,Artist,10.0,Low,1.0,No,0
459444,Male,Yes,70,Yes,Artist,0.0,High,1.0,Yes,1
465133,Female,Yes,61,Yes,Engineer,1.0,Average,5.0,Yes,4
464261,Male,Yes,61,Yes,Executive,0.0,High,2.0,Yes,3
461825,Female,No,56,No,Engineer,,Low,1.0,No,0
467244,Male,No,26,Yes,Healthcare,0.0,Low,5.0,No,2
465709,Male,Yes,68,Yes,Entertainment,1.0,Average,2.0,No,1
464250,Male,Yes,51,Yes,Executive,7.0,High,3.0,Yes,1
461774,Female,No,78,No,Lawyer,3.0,High,4.0,Yes,3
464912,Male,,32,Yes,Doctor,,Average,2.0,Yes,1
465821,Female,No,28,No,Engineer,3.0,Low,7.0,No,2
462080,Female,No,42,Yes,Artist,8.0,Low,1.0,No,0
464604,Male,Yes,32,No,Entertainment,5.0,Low,2.0,No,1
465178,Female,Yes,89,Yes,Lawyer,0.0,High,2.0,Yes,3
466004,Male,Yes,52,Yes,Artist,0.0,Average,6.0,No,1
465458,Female,Yes,80,Yes,Artist,0.0,High,3.0,Yes,4
465815,Male,Yes,36,No,Doctor,0.0,Average,3.0,Yes,1
461773,Male,No,73,Yes,Entertainment,3.0,High,4.0,Yes,1
463701,Male,Yes,56,Yes,Marketing,1.0,High,5.0,Yes,3
466341,Male,Yes,48,Yes,Artist,0.0,Average,2.0,No,1
461782,Female,Yes,45,Yes,Artist,,High,5.0,Yes,4
464293,Male,No,30,Yes,Healthcare,1.0,Low,4.0,No,2
467178,Female,Yes,58,No,Lawyer,0.0,High,4.0,Yes,3
462649,Male,Yes,35,No,Engineer,,Average,7.0,Yes,1
467135,Female,Yes,51,Yes,Artist,1.0,Average,5.0,No,4
460063,Female,No,43,Yes,Artist,1.0,Low,1.0,No,0
464184,Female,Yes,42,Yes,Engineer,3.0,Average,3.0,Yes,4
466983,Female,Yes,41,Yes,Artist,8.0,Average,2.0,No,4
465437,Male,Yes,48,Yes,Executive,2.0,High,5.0,Yes,1
463625,Male,Yes,35,No,Artist,1.0,Average,3.0,No,1
460370,Female,Yes,32,Yes,Executive,8.0,High,1.0,Yes,4
464051,Male,Yes,51,Yes,Doctor,2.0,Average,1.0,Yes,1
467523,Male,No,20,No,Healthcare,,Low,4.0,No,2
462835,Female,Yes,61,No,Engineer,,Average,3.0,Yes,4
464224,Male,No,70,No,Engineer,1.0,High,2.0,Yes,3
464426,Male,No,39,Yes,Marketing,1.0,Low,4.0,No,2
463633,Male,Yes,29,No,Doctor,2.0,Average,3.0,Yes,1
467019,Male,Yes,80,Yes,Lawyer,1.0,Low,1.0,No,3
460855,Male,Yes,45,Yes,Artist,,Low,2.0,No,1
465218,Male,Yes,36,Yes,Artist,,Average,2.0,No,1
464668,Male,Yes,32,No,Healthcare,1.0,High,4.0,Yes,1
465108,Male,Yes,58,Yes,Doctor,1.0,Average,2.0,Yes,1
466191,Male,Yes,48,Yes,Executive,1.0,High,4.0,Yes,1
465281,Female,Yes,27,Yes,Artist,8.0,Average,2.0,No,4
467605,Female,Yes,36,Yes,Engineer,1.0,Average,7.0,Yes,4
464964,Female,Yes,69,Yes,Artist,,High,1.0,Yes,4
466485,Male,Yes,42,Yes,Executive,8.0,High,2.0,Yes,1
467014,Male,Yes,36,Yes,Executive,9.0,High,3.0,Yes,1
462669,Female,Yes,45,Yes,Entertainment,,High,5.0,Yes,4
459419,Male,Yes,67,Yes,Doctor,1.0,Average,2.0,Yes,1
465405,Female,,29,Yes,Homemaker,0.0,High,4.0,Yes,4
465184,Female,Yes,51,No,Engineer,2.0,Average,5.0,Yes,4
464969,Female,Yes,64,No,Lawyer,2.0,High,10.0,Yes,3
462782,Female,Yes,55,Yes,Executive,9.0,High,2.0,Yes,4
466210,Female,Yes,60,Yes,Artist,1.0,High,4.0,Yes,4
459189,Male,No,26,No,Healthcare,1.0,Low,6.0,No,2
467396,Male,No,20,,Healthcare,0.0,Low,3.0,No,2
462413,Male,Yes,46,Yes,Artist,0.0,Average,3.0,No,1
463602,Female,No,21,No,Healthcare,8.0,Low,4.0,No,2
465030,Male,Yes,39,Yes,Executive,9.0,High,4.0,Yes,1
466105,Female,Yes,65,Yes,Artist,1.0,Average,4.0,No,4
461246,Male,Yes,51,Yes,Artist,,Average,5.0,No,1
461734,Female,Yes,79,No,,,High,2.0,Yes,4
462252,Male,No,47,Yes,Entertainment,4.0,Low,1.0,No,0
464949,Male,Yes,18,No,Executive,0.0,High,2.0,Yes,1
464897,Male,Yes,68,No,Executive,0.0,High,2.0,Yes,3
466319,Female,,29,No,Healthcare,1.0,Low,4.0,No,2
464218,Female,Yes,80,No,Lawyer,2.0,High,1.0,Yes,3
461065,Male,Yes,61,Yes,Executive,,Low,6.0,No,1
462285,Male,Yes,48,Yes,Doctor,,Low,2.0,No,1
463381,Male,No,35,Yes,Doctor,9.0,Average,5.0,Yes,0
460952,Female,Yes,35,No,Doctor,1.0,Average,6.0,Yes,4
461056,Female,Yes,52,Yes,Artist,0.0,High,2.0,Yes,4
460985,Female,Yes,60,Yes,Engineer,0.0,Average,1.0,Yes,4
462721,Female,Yes,72,No,Lawyer,1.0,High,3.0,Yes,3
467515,Female,Yes,32,Yes,Engineer,0.0,Average,2.0,Yes,4
465965,Female,Yes,41,No,Marketing,8.0,Low,2.0,No,4
465393,Male,Yes,36,Yes,Artist,7.0,Average,2.0,No,1
464693,Female,No,36,Yes,Engineer,9.0,Low,1.0,No,0
467747,Female,No,50,Yes,Artist,,High,5.0,Yes,4
464453,Female,Yes,42,Yes,Artist,4.0,High,4.0,Yes,4
464059,Male,Yes,57,Yes,Artist,1.0,Low,1.0,No,1
459397,Male,Yes,59,Yes,Artist,3.0,Average,2.0,No,1
467037,Male,Yes,59,No,Lawyer,2.0,High,2.0,Yes,3
467051,Female,No,19,No,Healthcare,0.0,Low,4.0,No,2
462797,Male,Yes,30,Yes,Healthcare,0.0,Low,4.0,No,1
461549,Female,Yes,68,Yes,Artist,,Average,2.0,No,4
464758,Female,Yes,47,No,Engineer,1.0,Average,4.0,Yes,4
465603,Female,Yes,45,Yes,Homemaker,8.0,Low,,No,4
459099,Male,Yes,30,Yes,Doctor,7.0,Average,2.0,Yes,1
460195,Male,No,38,Yes,Entertainment,7.0,Low,1.0,No,0
460835,Female,Yes,28,Yes,Artist,0.0,Low,1.0,No,4
467064,Male,Yes,36,No,Doctor,0.0,Average,2.0,Yes,1
463119,Female,Yes,80,Yes,Lawyer,,High,2.0,Yes,3
464216,Male,Yes,55,Yes,Artist,,High,4.0,Yes,1
462172,Male,Yes,39,Yes,Doctor,0.0,Average,2.0,Yes,1
464250,Male,Yes,50,Yes,Executive,7.0,High,4.0,Yes,1
460915,Male,Yes,40,No,Entertainment,5.0,Low,4.0,No,1
459129,Female,No,26,Yes,Marketing,9.0,Low,,No,0
466159,Female,Yes,50,Yes,Engineer,2.0,Average,3.0,Yes,4
462289,Male,Yes,60,Yes,Artist,0.0,Average,4.0,No,1
460894,Male,Yes,36,No,Executive,4.0,High,4.0,Yes,1
466116,Male,Yes,62,Yes,Artist,0.0,Average,9.0,No,1
461830,Male,No,45,Yes,Executive,1.0,High,2.0,Yes,1
467553,Female,No,32,Yes,Healthcare,8.0,Low,3.0,No,0
462726,Female,No,78,Yes,Homemaker,2.0,High,,Yes,3
463709,Male,Yes,39,Yes,Artist,2.0,High,1.0,Yes,1
462771,Female,Yes,51,Yes,Marketing,,High,4.0,Yes,3
462061,Male,No,41,No,Doctor,1.0,Low,3.0,No,2
464379,Female,Yes,41,Yes,Engineer,11.0,Average,2.0,Yes,4
460919,Female,No,19,No,Healthcare,0.0,Low,,No,2
462183,Male,No,22,No,Marketing,0.0,Low,4.0,No,2
465539,Female,Yes,49,Yes,Artist,1.0,High,5.0,Yes,4
465430,Male,No,28,No,Healthcare,4.0,Low,5.0,No,2
466682,Male,Yes,62,,Entertainment,2.0,Average,4.0,No,1
460903,Male,No,30,No,Doctor,7.0,Low,3.0,No,2
461444,Female,Yes,68,Yes,Artist,1.0,High,2.0,Yes,4
460341,Female,No,31,No,Entertainment,11.0,Low,5.0,No,2
467461,Female,Yes,45,Yes,Artist,6.0,High,2.0,Yes,4
466379,Female,Yes,58,Yes,Homemaker,2.0,Low,1.0,No,3
465053,Male,Yes,80,Yes,Executive,1.0,High,1.0,Yes,3
464863,Female,Yes,25,No,Engineer,6.0,Average,8.0,Yes,4
461945,Female,Yes,87,Yes,Artist,0.0,Low,1.0,No,4
467566,Male,Yes,49,No,Executive,,High,3.0,Yes,1
462091,Male,No,18,No,Healthcare,0.0,Low,5.0,No,2
464681,Female,Yes,26,No,Engineer,6.0,Average,4.0,Yes,4
464428,Female,Yes,89,Yes,Entertainment,6.0,Average,4.0,No,4
464916,Female,,26,,Doctor,7.0,High,2.0,Yes,4
460787,Male,No,29,Yes,Healthcare,0.0,Low,4.0,No,2
461190,Female,No,31,No,Engineer,0.0,Low,2.0,No,2
465760,Female,No,43,Yes,Engineer,8.0,Low,2.0,No,0
459448,Male,Yes,38,Yes,Executive,,High,4.0,Yes,1
460055,Female,No,46,Yes,Artist,8.0,Low,1.0,No,0
459217,Female,Yes,64,No,Lawyer,0.0,Average,3.0,Yes,3
466601,Male,Yes,40,Yes,Artist,1.0,Average,2.0,No,1
462708,Male,No,26,Yes,Executive,8.0,High,1.0,Yes,0
459846,Female,Yes,50,Yes,Artist,1.0,Average,3.0,No,4
460888,Male,Yes,42,No,Homemaker,8.0,Low,1.0,No,1
461874,Male,Yes,45,Yes,Doctor,2.0,Average,3.0,Yes,1
467551,Female,Yes,80,No,Lawyer,0.0,High,3.0,Yes,3
467233,Female,No,67,No,Artist,1.0,Low,2.0,No,0
463382,Female,Yes,46,Yes,Engineer,4.0,High,4.0,Yes,4
462037,Female,Yes,61,No,Engineer,2.0,High,3.0,Yes,4
462133,Female,Yes,46,Yes,Doctor,9.0,High,3.0,Yes,4
464021,Female,No,18,No,Healthcare,1.0,Low,5.0,No,2
467498,Male,Yes,56,Yes,Lawyer,,Low,3.0,No,3
466822,Female,Yes,42,Yes,Entertainment,0.0,Average,4.0,No,4
465606,Male,Yes,38,No,Engineer,0.0,Average,3.0,Yes,1
464543,Female,No,38,Yes,Artist,7.0,Low,1.0,No,0
466260,Male,Yes,43,Yes,Entertainment,0.0,Average,2.0,No,1
466891,Female,Yes,53,No,Homemaker,9.0,Low,1.0,No,4
463085,Female,No,35,Yes,Artist,0.0,Low,1.0,No,0
466229,Male,Yes,56,Yes,Executive,0.0,High,1.0,Yes,3
462765,Female,Yes,50,Yes,Artist,1.0,High,8.0,Yes,4
463977,Male,Yes,28,Yes,Healthcare,9.0,High,2.0,Yes,1
462073,Female,No,36,Yes,Artist,6.0,Low,1.0,No,0
466403,Female,Yes,52,No,Engineer,2.0,Average,3.0,Yes,4
460952,Male,Yes,33,No,Doctor,0.0,Average,6.0,Yes,1
459718,Male,Yes,65,Yes,Executive,1.0,Low,1.0,No,1
466416,Male,Yes,88,No,Executive,0.0,High,3.0,Yes,3
459803,Male,No,39,Yes,Doctor,4.0,Low,3.0,No,0
459363,Male,No,53,Yes,Artist,2.0,Low,1.0,No,0
466508,Female,Yes,40,Yes,Artist,9.0,Average,5.0,No,4
463045,Female,Yes,35,Yes,Homemaker,13.0,High,7.0,Yes,4
465914,Female,No,46,Yes,Artist,3.0,Low,2.0,No,0
460475,Male,Yes,27,Yes,Doctor,1.0,Average,2.0,Yes,1
463834,Female,Yes,41,Yes,Engineer,1.0,Average,4.0,Yes,4
461297,Male,Yes,68,No,Lawyer,2.0,High,3.0,Yes,3
467844,Male,No,37,Yes,Healthcare,0.0,Low,2.0,No,0
464599,Female,Yes,52,Yes,Artist,2.0,High,6.0,Yes,4
463509,Male,No,43,No,Artist,0.0,Low,1.0,No,0
466139,Female,No,52,No,Doctor,0.0,Average,2.0,Yes,0
462304,Male,Yes,62,Yes,Artist,1.0,Low,4.0,No,1
465246,Male,No,21,No,Healthcare,1.0,Low,5.0,No,2
460225,Female,Yes,80,Yes,Lawyer,2.0,High,3.0,Yes,3
460689,Male,Yes,41,,Executive,5.0,High,1.0,Yes,1
461779,Female,Yes,83,Yes,Lawyer,1.0,High,2.0,Yes,3
461224,Female,Yes,28,Yes,Doctor,6.0,High,1.0,Yes,4
464758,Female,Yes,52,No,Engineer,3.0,Average,3.0,Yes,4
465920,Male,No,43,Yes,Executive,1.0,Low,4.0,No,2
460589,Male,Yes,49,No,Entertainment,1.0,Average,6.0,No,1
459530,Female,Yes,42,Yes,Lawyer,2.0,High,1.0,Yes,3
467013,Male,Yes,67,No,Executive,0.0,High,1.0,Yes,3
463234,Female,No,22,No,Engineer,1.0,Low,4.0,No,2
463764,Male,Yes,50,Yes,Entertainment,1.0,Average,3.0,No,1
462133,Female,Yes,48,Yes,Doctor,10.0,High,2.0,Yes,4
467654,Female,Yes,52,Yes,Artist,,High,3.0,Yes,4
465267,Male,Yes,34,No,Engineer,14.0,Average,5.0,Yes,1
465851,Female,Yes,53,No,Artist,7.0,High,2.0,Yes,4
463849,Female,Yes,35,No,Artist,0.0,Low,2.0,No,4
464983,Female,Yes,25,No,Entertainment,2.0,Low,2.0,No,4
464836,Female,Yes,35,No,Engineer,6.0,High,4.0,Yes,4
467285,Male,Yes,49,No,Executive,,High,4.0,Yes,1
460115,Female,No,28,Yes,Healthcare,,Low,1.0,No,0
461884,Female,Yes,40,Yes,Artist,0.0,Low,2.0,No,4
467184,Male,Yes,51,No,Engineer,0.0,Average,3.0,Yes,1
460361,Female,Yes,47,Yes,Artist,0.0,Low,1.0,No,4
460509,Male,No,23,No,Healthcare,,Low,4.0,No,2
459830,Female,No,27,Yes,Doctor,8.0,Low,1.0,No,0
461622,Male,Yes,35,Yes,Executive,4.0,High,4.0,Yes,1
467470,Male,Yes,53,Yes,Engineer,1.0,Average,3.0,Yes,1
459084,Male,Yes,47,No,Executive,0.0,High,2.0,Yes,1
465991,Female,No,38,Yes,Healthcare,0.0,Low,5.0,No,2
462643,Female,Yes,38,Yes,Engineer,,Average,3.0,Yes,4
459019,Male,Yes,45,No,Executive,10.0,High,3.0,Yes,1
459512,Male,Yes,68,Yes,Lawyer,0.0,High,2.0,Yes,3
465828,Female,No,29,No,Entertainment,9.0,Low,4.0,No,2
467249,Female,No,43,Yes,Marketing,1.0,Low,1.0,No,0
466299,Female,Yes,40,Yes,Engineer,0.0,Low,2.0,No,4
463313,Female,Yes,55,Yes,Engineer,1.0,Low,1.0,No,4
461615,Male,No,25,Yes,Doctor,1.0,Low,2.0,No,0
464493,Female,Yes,66,Yes,Lawyer,6.0,Average,4.0,Yes,3
466904,Male,Yes,55,Yes,Artist,0.0,Average,2.0,No,1
466908,Male,Yes,55,Yes,Entertainment,1.0,Low,2.0,No,1
461134,Male,Yes,32,Yes,Doctor,0.0,Low,3.0,No,1
461149,Female,No,23,No,Healthcare,0.0,Low,3.0,No,2
463246,Female,Yes,38,No,Engineer,9.0,Low,2.0,No,4
463088,Female,Yes,89,Yes,Lawyer,0.0,High,2.0,Yes,3
460760,Male,Yes,65,No,Artist,1.0,High,3.0,Yes,1
464860,Female,Yes,56,No,Engineer,,Average,3.0,Yes,4
466950,Male,No,28,Yes,Entertainment,1.0,Low,2.0,No,0
459255,Female,No,33,Yes,Healthcare,0.0,Low,3.0,No,0
461164,Female,No,39,Yes,Doctor,9.0,Low,1.0,No,0
459413,Female,Yes,83,Yes,Artist,,High,2.0,Yes,4
460146,Female,Yes,52,Yes,Engineer,1.0,Average,3.0,Yes,4
459053,Male,Yes,49,No,Executive,0.0,High,4.0,Yes,1
467619,Male,Yes,62,Yes,Lawyer,2.0,High,3.0,Yes,3
464382,Female,Yes,55,Yes,Artist,1.0,Average,4.0,No,4
459161,Male,Yes,56,Yes,Executive,5.0,High,4.0,Yes,1
466011,Male,No,74,Yes,Lawyer,0.0,High,1.0,Yes,3
462197,Female,No,61,Yes,Engineer,1.0,Average,2.0,Yes,0
465375,Female,No,50,Yes,Engineer,1.0,Low,1.0,No,0
465017,Female,Yes,53,Yes,Executive,3.0,High,3.0,Yes,4
464896,Male,Yes,80,Yes,Executive,0.0,High,2.0,Yes,3
459628,Female,Yes,51,Yes,Engineer,0.0,Low,1.0,No,4
465307,Female,Yes,61,Yes,Artist,0.0,Average,3.0,No,4
460483,Female,,38,Yes,Executive,0.0,High,1.0,Yes,4
466980,Male,Yes,67,No,Lawyer,2.0,High,2.0,Yes,3
467152,Male,Yes,43,No,Artist,8.0,Low,1.0,No,1
462171,Female,Yes,37,No,Engineer,3.0,High,2.0,Yes,4
461331,Male,Yes,59,Yes,Executive,0.0,High,5.0,Yes,1
461590,Male,Yes,41,No,Executive,2.0,High,5.0,Yes,1
461304,Male,No,19,No,Marketing,2.0,Low,4.0,No,2
462293,Male,No,32,No,Healthcare,0.0,Low,3.0,No,2
467495,Male,Yes,62,No,Artist,0.0,High,3.0,Yes,1
467459,Male,Yes,41,Yes,Executive,,High,4.0,Yes,1
461799,Male,Yes,43,Yes,Doctor,13.0,High,2.0,Yes,1
462346,Male,Yes,81,Yes,Lawyer,9.0,Low,1.0,No,3
467685,Male,Yes,50,No,Marketing,1.0,High,6.0,Yes,3
466123,Male,Yes,70,Yes,Entertainment,0.0,Low,1.0,No,1
459913,Female,Yes,53,No,Healthcare,2.0,High,2.0,Yes,3
462489,Male,Yes,46,Yes,Artist,0.0,Low,2.0,No,1
462728,Female,No,31,No,Engineer,0.0,Low,1.0,No,0
463157,Male,Yes,46,Yes,Entertainment,5.0,Low,3.0,No,1
464764,Female,Yes,60,No,Engineer,1.0,High,9.0,Yes,4
462800,Female,Yes,62,Yes,Lawyer,9.0,Average,2.0,Yes,3
463108,Male,Yes,59,Yes,Lawyer,7.0,High,2.0,Yes,3
461756,Female,Yes,37,Yes,Engineer,2.0,Average,2.0,Yes,4
464649,Male,Yes,39,No,Entertainment,1.0,Average,4.0,No,1
462679,Male,No,63,Yes,Doctor,1.0,Low,1.0,No,0
460268,Male,Yes,32,Yes,Artist,9.0,Average,2.0,No,1
464863,Female,Yes,21,No,Engineer,6.0,Average,7.0,Yes,4
463014,Male,Yes,57,Yes,Executive,1.0,High,3.0,Yes,1
465925,Male,No,26,Yes,Healthcare,1.0,Low,1.0,No,0
464409,Female,Yes,81,Yes,Lawyer,0.0,Average,2.0,Yes,3
461006,Male,Yes,18,No,Healthcare,0.0,High,,Yes,1
462129,Female,No,41,Yes,Artist,9.0,Low,1.0,No,0
461621,Female,Yes,80,Yes,Lawyer,2.0,High,1.0,Yes,3
462988,Female,Yes,27,Yes,Healthcare,9.0,High,2.0,Yes,4
459351,Female,Yes,59,Yes,Artist,0.0,High,,Yes,4
466677,Female,Yes,47,Yes,Entertainment,3.0,Average,3.0,No,4
466102,Female,No,33,No,Healthcare,1.0,Low,6.0,No,2
465265,Female,Yes,56,Yes,Artist,2.0,Average,2.0,No,4
461713,Female,No,27,Yes,Artist,1.0,Low,5.0,No,0
462336,Male,Yes,46,No,Artist,1.0,Low,4.0,No,1
461962,Male,Yes,59,Yes,Entertainment,1.0,Average,3.0,No,1
464577,Male,Yes,24,Yes,Healthcare,11.0,High,3.0,Yes,1
463960,Male,Yes,31,Yes,Doctor,3.0,Average,3.0,Yes,1
464214,Male,No,28,Yes,Healthcare,1.0,Low,3.0,No,0
463895,Female,Yes,70,No,Doctor,0.0,Average,1.0,Yes,4
464168,Male,Yes,46,Yes,Executive,3.0,High,4.0,Yes,1
462457,Male,No,28,No,Healthcare,2.0,Low,4.0,No,2
464167,Male,Yes,56,Yes,Executive,4.0,High,4.0,Yes,1
462373,Male,Yes,36,Yes,Entertainment,9.0,High,3.0,Yes,1
460258,Female,No,25,Yes,Healthcare,1.0,Low,5.0,No,2
464985,Female,Yes,66,Yes,Lawyer,1.0,High,3.0,Yes,3
465280,Female,Yes,37,Yes,Artist,0.0,Low,1.0,No,4
464907,Male,,59,Yes,Engineer,0.0,Average,3.0,Yes,1
463050,Male,Yes,49,Yes,Artist,0.0,Average,4.0,No,1
462201,Female,No,32,Yes,Healthcare,0.0,Low,1.0,No,0
460538,Male,,23,No,Healthcare,1.0,High,4.0,Yes,1
465028,Female,Yes,69,Yes,Lawyer,1.0,High,3.0,Yes,3
460182,Female,Yes,43,Yes,Artist,2.0,Average,3.0,No,4
461222,Female,No,48,Yes,Artist,1.0,Low,1.0,No,0
464371,Male,Yes,49,Yes,Artist,1.0,Low,4.0,No,1
463289,Female,Yes,39,Yes,Artist,0.0,Average,3.0,No,4
459204,Female,Yes,35,Yes,Engineer,0.0,Average,2.0,Yes,4
461521,Male,Yes,63,Yes,Artist,0.0,High,3.0,Yes,1
467206,Female,No,52,Yes,Artist,,Low,1.0,No,0
465221,Male,Yes,80,Yes,Artist,1.0,High,1.0,Yes,1
463816,Male,Yes,56,Yes,Healthcare,5.0,High,4.0,Yes,1
465751,Female,Yes,52,Yes,Artist,9.0,Low,2.0,No,4
465348,Female,,32,Yes,Executive,,High,,Yes,4
458991,Female,Yes,80,Yes,Lawyer,3.0,High,1.0,Yes,3
464453,Female,Yes,46,Yes,Artist,4.0,High,5.0,Yes,4
467270,Female,No,33,Yes,Doctor,0.0,Low,4.0,No,0
462884,Female,Yes,55,No,Artist,1.0,Low,2.0,No,4
461735,Male,Yes,67,Yes,Lawyer,0.0,High,1.0,Yes,3
465114,Female,No,43,No,Doctor,4.0,Low,6.0,No,2
459619,Female,Yes,56,Yes,Doctor,0.0,Low,2.0,No,4
461658,Female,Yes,62,Yes,Artist,0.0,Average,2.0,No,4
461563,Female,Yes,57,No,Artist,0.0,High,2.0,Yes,4
464943,Female,Yes,36,No,Engineer,0.0,Average,6.0,Yes,4
461584,Female,Yes,53,Yes,Artist,1.0,High,3.0,Yes,4
459084,Male,Yes,46,No,Executive,0.0,High,2.0,Yes,1
461989,Female,,57,Yes,Engineer,2.0,Average,5.0,Yes,4
465030,Male,No,30,Yes,Executive,9.0,High,5.0,Yes,1
459849,Male,Yes,50,Yes,Artist,0.0,High,5.0,Yes,1
460470,Male,No,36,No,Healthcare,,Low,4.0,No,2
462203,Male,Yes,67,No,Executive,2.0,High,7.0,Yes,1
462880,Male,Yes,29,No,Executive,2.0,High,3.0,Yes,1
460254,Female,No,32,Yes,Artist,1.0,Low,2.0,No,0
464154,Female,Yes,47,Yes,Artist,1.0,Average,4.0,No,4
465494,Male,Yes,43,Yes,Doctor,7.0,Average,1.0,Yes,1
465245,Male,No,18,No,Healthcare,1.0,Low,4.0,No,2
460218,Male,Yes,61,Yes,Entertainment,1.0,Low,1.0,No,1
467506,Female,No,38,Yes,Healthcare,,Low,1.0,No,0
463025,Male,Yes,40,No,Executive,7.0,Low,4.0,No,1
463512,Female,No,30,No,Engineer,0.0,Low,3.0,No,2
459944,Female,Yes,39,Yes,Artist,0.0,Low,1.0,No,4
461438,Female,Yes,39,Yes,Engineer,8.0,Average,2.0,Yes,4
460263,Male,Yes,40,Yes,Artist,0.0,Low,2.0,No,1
465391,Female,Yes,70,Yes,Lawyer,0.0,High,3.0,Yes,3
463094,Male,Yes,43,Yes,Engineer,11.0,Average,2.0,Yes,1
463554,Female,No,53,No,Artist,7.0,Low,1.0,No,0
464278,Male,Yes,85,Yes,Executive,1.0,High,2.0,Yes,3
459482,Male,Yes,66,No,Marketing,1.0,Low,4.0,No,3
463781,Female,No,32,No,Healthcare,2.0,Low,4.0,No,2
461922,Male,Yes,65,Yes,Lawyer,1.0,High,4.0,Yes,3
465089,Male,Yes,73,No,Executive,0.0,High,5.0,Yes,3
464236,Female,No,65,Yes,Artist,1.0,High,1.0,Yes,4
459670,Female,Yes,39,Yes,Entertainment,7.0,Average,2.0,No,4
460081,Male,Yes,36,Yes,Artist,11.0,High,2.0,Yes,1
461095,Female,No,21,No,Healthcare,,Low,3.0,No,2
459704,Male,Yes,41,Yes,Artist,1.0,Average,3.0,No,1
460968,Male,Yes,30,No,Doctor,11.0,Average,2.0,Yes,1
465932,Male,No,35,No,Artist,1.0,Low,1.0,No,0
463914,Female,Yes,27,No,Artist,,Low,2.0,No,4
460809,Male,Yes,72,Yes,Artist,2.0,Low,1.0,No,1
460817,Female,No,20,No,Entertainment,,Low,7.0,No,2
460760,Male,Yes,60,No,Artist,1.0,High,4.0,Yes,1
464110,Male,Yes,61,Yes,Doctor,3.0,High,1.0,Yes,1
459863,Male,Yes,61,No,Healthcare,,Low,3.0,No,1
461426,Male,Yes,51,Yes,Artist,7.0,Average,2.0,No,1
464813,Female,Yes,46,Yes,Engineer,5.0,Average,6.0,Yes,4
467495,Male,Yes,64,No,Artist,2.0,High,2.0,Yes,1
459229,Female,Yes,65,Yes,Lawyer,2.0,Average,3.0,Yes,3
463462,Female,Yes,40,No,Engineer,2.0,Average,3.0,Yes,4
461335,Male,Yes,51,No,Executive,9.0,High,2.0,Yes,1
466724,Male,No,38,Yes,Artist,0.0,Low,2.0,No,0
463531,Male,No,32,Yes,Doctor,0.0,Low,4.0,No,0
466353,Female,Yes,38,Yes,Engineer,0.0,Average,2.0,Yes,4
461181,Male,No,21,No,Healthcare,,Low,4.0,No,2
464379,Female,No,39,Yes,Engineer,14.0,Average,2.0,Yes,0
461176,Female,Yes,68,No,Engineer,5.0,Average,5.0,Yes,4
463023,Female,Yes,40,No,Homemaker,6.0,Low,1.0,No,4
461514,Male,No,31,No,Healthcare,1.0,Low,4.0,No,2
467236,Female,No,40,Yes,Lawyer,4.0,Low,1.0,No,0
460267,Female,No,27,Yes,Healthcare,1.0,Low,9.0,No,2
